bd,mwc,hd,tyc,tic,vmag,sptype,ra_deg,dec_deg,constellation
BD+63 2107,MWC     2,144,4022-1776-1,406891036,5.59,B9 III,1.6102,+64.1960,Cas
BD+59 2829,MWC     3,,4014-3145-1,359247720,9.84,"B0 IV:,nep",1.7012,+60.6007,Cas
BD+62    1,MWC   667,,4018-2063-1,359335305,10.35,"B2 IV-V:,ep",1.8876,+63.0802,Cas
BD+62   11,AS      1,,4018-803-1,83224269,9.42,B5 V,2.6949,+63.1725,Cas
BD+57   28,MWC     4,698,3664-192-1,452884731,7.08,B5 III,2.9041,+58.2117,Cas
BD+61   39,MWC     5,,4019-3106-1,420443928,8.53,B0.5 IV,5.0724,+62.4635,Cas
BD+63   48,MWC   669,,4023-1321-1,418988159,9.12,"B1 III:,nne",6.6668,+64.4316,Cas
BD+55   81,,,3662-379-1,319918191,10.07,"B1.5 V :e:,nn",7.0489,+56.3970,Cas
BD+66   35,MWC     6,2789,4027-3-1,420470654,8.22,"B3 V,ne",8.0110,+67.1608,Cas
BD+61  122,MWC   672,,4020-1552-1,283939144,10.73,"B2 V:,ep",8.7510,+62.4484,Cas
+63-00395,MWC   674,19267,4057-842-1,81751236,10.75,"B0 III:,ep",10.6096,+64.0506,Cas
+64-00412,,24024,4071-1195-1,393076884,11.38,"B1 V :p,e:",11.0534,+64.4618,Cas
+63-00417,AS      4,21237,4070-1379-1,390927810,10.6,"B1 IV-V:,ep",11.1761,+63.9076,Cas
BD+47  183,MWC     8,4180,3253-1988-1,240757326,4.54,B5 III,11.1807,+48.2839,Cas
+63-00464,MWC   677,,4071-744-1,458986862,10.71,"B2 V:,ep",12.3539,+63.8681,Cas
CP-56  154,,,8469-98-1,281741629,10.3,Be*,12.2555,-56.0965,Phe
+60-00468,MWC   678,,,,9.89,"B2: V:,nnep",12.4501,+60.9861,Cas
BD+60  114,MWC   679,,4016-1006-1,285233175,9.87,"B2 III:,ep",12.5636,+60.9032,Cas
BD+59  132,,4931,4017-2183-1,285541092,8.68,B8 V,13.0639,+60.0896,Cas
BD+59  144,MWC     9,5394,4017-2319-1,51962733,2.47,B0.5 IV,14.1763,+60.7164,Cas
BD+63  124,,,4025-1000-1,256308031,11.1,B1 V,15.3285,+63.9353,Cas
BD+65  129,MWC    10,6343,4029-290-1,368799545,7.3,B7 V,16.4703,+65.9708,Cas
BD+46  275,MWC   420,6811,,196678834,4.25,B7 III,17.3754,+47.2417,And
BD+60  180,MWC    11,,4030-1171-1,53798808,9.32,"B0:,ep",18.0458,+61.3258,Cas
BD+56  240,MWC    12,7636,3677-1107-1,332155214,6.61,B2 III.*n*e+,19.3589,+57.6318,Cas
BD+61  240,,7720,4034-920-1,54532955,8.86,B5 II,19.6124,+61.8928,Cas
BD+57  240,,236689,3681-1341-1,332490249,9.46,"B1.5 V:,ep",19.6376,+58.3747,Cas
BD+57  243,MWC   423,,3681-1664-1,332489770,9.49,"B0: IV:,e",19.7248,+58.2018,Cas
+61-01193,AS     16,,,,10.76,"B ,ep",20.6365,+61.5498,Cas
BD+62  245,AS     18,,4034-1319-1,54885518,10.15,"B1: V:,ep",21.0805,+62.8268,Cas
BD+59  250,MWC   425,,4031-2600-1,422533085,10.41,"B2 V,e",21.8262,+60.1155,Cas
BD+58  247,MWC   690,,3682-742-1,370342981,10.11,B1 -2e sh,22.3507,+59.0995,Cas
+59-01302,AS     25,,,,10.65,B1-2Vnne,23.3686,+59.5007,Cas
BD+62  271,MWC    14,,4035-202-1,389906125,8.9,B8 V,23.7041,+63.6265,Cas
BD+60  274,AS     30,,,389981672,10.66,B3 III,23.9070,+61.2736,Cas
BD+46  393,MWC   426,9709,3282-1307-1,327183862,7.0,B8 V,24.0128,+47.1142,And
BD+73   81,,9612,4322-1936-1,289266085,6.4,B9 V,24.3418,+74.3007,Cas
BD+62  285,MWC    15,,4035-241-1,444714025,9.3,B8 V,24.7733,+63.4625,Cas
CP-57  334,,10144,8478-1395-1,230981971,0.46,"B3 V,p",24.4262,-57.2360,Eri
BD+62  287,AS     36,,4035-1067-1,444746129,9.05,B8 V,25.0901,+63.1141,Cas
BD+60  307,MWC   694,,4031-491-1,444832022,10.46,"B2 V,e",25.4431,+61.3255,Cas
BD+62  292,AS     37,,4035-337-1,444824639,10.4,"B1: ,ep",25.5202,+63.6218,Cas
BD+49  444,MWC    16,10516,3291-2118-1,410501448,4.07,B1 V:,25.9144,+50.6887,Per
BD+62  300,AS     41,,4036-2316-1,399207942,9.95,"B1 V:,nep",26.2770,+62.8308,Cas
+61-01449,,129406,4173-1572-1,159628664,10.83,"B2 V,e",27.0960,+61.2640,Cas
BD+59  334,,,4032-1388-1,373795464,10.36,B0 V,27.7888,+60.4364,Cas
BD+60  368,,,4032-2105-1,373896412,10.62,B1: III:,28.1094,+60.8323,Cas
BD+54  398,MWC    19,232552,3688-1388-1,370759559,8.05,"B0 ,ep",28.1085,+55.3312,Per
BD+59  343,MWC   701,,4032-1002-1,10420291,10.59,"B2 V,nne",28.4512,+60.5257,Cas
BD+62  320,,11415,4036-2834-1,10510382,3.4,B3 V p,28.5975,+63.6701,Cas
BD+57  425,MWC    20,11554,3692-621-1,400540844,9.55,"B1 V,ep",28.8018,+57.8974,Per
BD+58  331,MWC    21,11606,3696-837-1,445471151,7.02,B1 V n,28.9280,+59.2732,Cas
BD+55  441,MWC   431,,3692-2074-1,445463187,9.68,"B1 V:,ep",29.0294,+56.5541,Per
BD+63  261,MWC    22,,4040-418-1,10975329,9.62,"B ,nnep",29.3718,+64.0408,Cas
BD+60  393,AS     49,,4032-243-1,10965765,10.66,"B2 ,ep",29.5046,+61.5749,Cas
+60-01551,MWC   433,,3866-1049-1,311068915,10.15,"B1 V,ep",29.6630,+60.6293,Cas
BD+58  356,MWC    23,12302,3697-1551-1,374556527,8.05,"B1: V:,ep",30.6512,+59.6880,Cas
BD+54  448,,232588,3689-2051-1,374614951,8.63,B1.5 III,30.9395,+55.1023,Per
BD+61  371,AS     52,,4037-2448-1,12005213,11.07,"B3: II:,ep",31.0443,+62.3971,Cas
BD+57  469,MWC    24,236935,3697-3109-1,374608109,9.33,"B1: V:,ne",31.0289,+58.4835,Per
BD+55  489,MWC   435,236940,3693-2652-1,374695776,9.9,B1 V e,31.2013,+56.2619,Per
+63-02024,,,4288-186-1,271529021,10.24,"B0.5: ,ep",31.5348,+63.3701,Cas
BD+56  429,MWC    25,12856,3693-2536-1,374921565,8.54,"B0 ,ep",31.9718,+57.1055,Per
BD+64  295,MWC    26,12882,4041-408-1,285910268,7.51,B2.5 III ne,32.1887,+65.0373,Cas
BD+55  521,MWC   702,,3689-2120-1,374981646,,"B6 ,e",32.2224,+56.1932,Per
BD+56  432,MWC    27,13051,3693-1817-1,374976857,8.7,B1 IV:,32.3566,+56.9915,Per
BD+63  300,MWC   703,,4041-1849-1,12112858,9.69,"B ,ep",32.6282,+64.0923,Cas
BD+57  515,MWC    28,,3693-1472-1,347485397,9.69,"B2 ,ep",33.1764,+57.6919,Per
BD+54  483,MWC   439,13429,3689-2040-1,347588499,9.1,B3 V,33.2515,+55.1106,Per
BD+63  310,MWC   706,13590,4041-1668-1,12743469,7.9,B2 III,33.8037,+64.0242,Cas
BD+53  486,MWC    29,13661,3690-1740-1,347843860,7.79,"B2 IV-V,e",33.7208,+54.5315,Per
BD+55  552,MWC   707,13669,3690-1391-1,347840942,7.9,B3 IV-V,33.7605,+55.7928,Per
BD+57  527,,13758,3694-473-1,347945498,9.05,B1 V,34.0181,+57.7447,Per
BD+56  469,,13831,3694-2836-1,348023621,8.27,"B0 III,p",34.1627,+56.7376,Per
BD+49  614,MWC   442,13867,3302-1660-1,250826271,7.57,B5 V e:,34.1496,+49.8195,And
BD+56  473,MWC   441,,3694-3772-1,348137752,9.08,"B0.5 III,n",34.2400,+57.1299,Per
BD+56  478,MWC   443,13890,3694-2874-1,348136739,8.51,B1 III,34.2833,+56.7695,Per
BD+56  479,,13900,3694-3598-1,348137080,9.18,B1 IV,34.3147,+56.8975,Per
BD+56  484,MWC   444,,3694-3473-1,348137087,9.62,"B1 III,e",34.4354,+56.8996,Per
BD+56  493,,,3694-3723-1,264614168,9.62,"B1 V :p,e:",34.5754,+56.8509,Per
BD+56  511,AS     57,,3694-2565-1,264730003,9.11,B3 III,34.6994,+57.0673,Per
BD+56  548,MWC   445,,3694-1399-1,348315321,9.65,"B1.5 III,e",35.1624,+57.3115,Per
BD+55  589,MWC   446,,3694-1190-1,348312738,10.6,"B2 IV-V,e",35.2160,+56.3886,Per
BD+56  559,MWC    34,,3694-2222-1,348443974,,"B1 III,e",35.3221,+57.3044,Per
BD+56  563,MWC    36,,3694-2081-1,348444614,9.45,"B1 III,e",35.4332,+57.1241,Per
BD+56  565,MWC    37,14422,3694-1337-1,348443738,9.08,"B1 V:,ep",35.4612,+57.3863,Per
BD+56  566,MWC    38,,3694-1792-1,348444454,9.86,"B2 V,e",35.4730,+57.1646,Per
BD+56  573,MWC    40,,3694-1707-1,348607456,9.66,"B2 III-IV,e",35.5264,+57.0903,Per
BD+56  579,MWC   710,,,348609224,,"B7 IV-V,e",35.5819,+57.6407,Per
BD+56  582,MWC    41,,3694-1455-1,348608243,9.9,B1 III,35.5944,+57.2845,Per
BD+58  458,MWC    42,,3698-678-1,348618015,9.8,"B1 ,ep",35.8729,+58.9638,Per
BD+55  605,MWC    44,14605,3694-1512-1,445613463,9.34,"B0.5 V,ep",35.8971,+56.5742,Per
CD-30  850,HEN     2,14850,6435-2044-1,139472176,8.4,"B8 V,e",35.7521,-29.6180,For
BD+56  612,MWC   713,,3694-1551-1,445663879,9.7,"B1 IV-V,e",36.4370,+57.3196,Per
BD+56  624,MWC    46,,3695-1796-1,259949828,9.65,"B3 III,e",36.6675,+57.0926,Per
BD+60  488,MWC    47,15238,4046-1980-1,13767162,8.6,B5 V,37.4310,+60.6771,Cas
BD+59  497,,,3699-1091-1,444120004,10.47,B0 V:,37.4469,+59.8557,Cas
BD+56  642,MWC    48,15450,3695-1566-1,444138062,8.84,"B1 III,e",37.8308,+56.8975,Per
BD+57  594,MWC   717,15963,3695-311-1,245479813,8.03,"B ,p",39.0510,+58.0753,Cas
BD+58  492,MWC    54,,3699-103-1,245476172,10.8,"B ,e",39.1843,+59.3772,Cas
BD+56  676,,16264,3695-852-1,245590627,9.25,B1: V:,39.7065,+57.5908,Cas
BD+57  607,MWC    55,,3708-215-1,245664931,,"B ,e",40.0412,+57.7726,Cas
BD+37  675,MWC   455,18552,2847-189-1,186598770,5.9,"B8 V,n",45.0486,+38.1316,Per
BD+57  681,MWC   720,237056,3709-257-1,251571297,8.42,"B0.5: V:,ep",45.6574,+57.6126,Cas
BD+58  554,MWC    60,237060,3713-1367-1,251652448,9.16,B9 V,46.1268,+59.4460,Cas
BD+59  589,MWC   721,18877,4048-1595-1,81386317,8.34,B7 II-III,46.2253,+60.0254,Cas
BD+61  525,MWC    61,19243,4053-1698-1,81682067,6.62,B1 IV,47.2251,+62.3842,Cas
BD+59  612,MWC    62,237091,,82010075,8.69,"B1: V:,nnep",48.8194,+59.9134,Cas
BD+48  870,MWC    63,20017,3315-631-1,117501818,7.93,"B5 V,e",48.7301,+48.6957,Per
BD+59  625,MWC    64,20134,4049-1022-1,82167432,7.44,B2.5 IV-V,49.2485,+60.0669,Cam
BD-17  631,MWC   723,20340,5872-352-1,441517308,7.99,B3 V,48.9408,-16.8283,Eri
BD+65  340,MWC    65,20336,4061-1593-1,345924714,4.84,B3 V n,49.9964,+65.6523,Cam
BD+59  632,MWC   458,237118,3715-259-1,372435620,9.35,B6 V,50.0047,+59.8635,Cam
BD+59  647,MWC    66,237134,4049-732-1,82495797,9.47,B5 V,51.2636,+60.2525,Cam
BD+61  587,MWC    67,21212,4066-209-1,390896668,8.18,"B2 V:,e",52.1632,+62.4927,Cam
BD+46  760,,21455,3316-2311-1,456204154,6.2,B6 V e,52.3590,+46.9380,Per
BD+47  846,MWC   727,21641,3316-2310-1,431741730,6.77,B9 V n,52.8875,+47.8624,Per
BD+47  857,MWC    69,22192,3317-3033-1,285937814,4.23,B4 V,54.1215,+48.1926,Per
BD+54  698,MWC    70,22298,3720-166-1,355821272,7.6,"B2 V,ne",54.5038,+55.1707,Cam
BD+37  811,MWC   463,22780,2863-2187-1,201007770,5.57,"B7 V,n",55.2820,+37.5802,Per
BD+19  578,,23016,1243-946-1,114082976,5.5,"B9 V,n",55.5784,+19.6999,Tau
BD+23  507,MWC    72,23302,1799-1441-1,385509348,3.7,B6 III,56.2183,+24.1135,Tau
BD+23  522,MWC    73,23480,1800-2204-1,61139113,4.18,B7 III,56.5809,+23.9487,Tau
BD+23  541,MWC    74,23630,1800-2202-1,125755072,2.87,B7 III,56.8703,+24.1056,Tau
BD+50  825,MWC   464,23552,3338-1436-1,428724784,6.14,"B8 V,n",57.0754,+50.7362,Per
BD+23  558,MWC    75,23862,1800-2200-1,346626171,5.09,B8 V,57.2960,+24.1372,Tau
BD+52  715,,23800,3338-803-1,428864537,6.93,B1 IV,57.6043,+52.4813,Per
+46-03504,MWC   465,,,,10.17,"B2: IV:,nne",58.4923,+46.8979,Per
BD+44  816,MWC    79,24560,2876-227-1,449915844,8.14,"B1.5 V,ne",59.0843,+44.9370,Per
BD+62  628,MWC    77,24479,4067-1937-1,458985507,5.03,B9.5 V,59.3550,+63.0719,Cam
BD+52  752,MWC    80,25348,3718-756-1,266498398,8.35,"B1 V,nnep",61.0901,+53.3285,Cam
BD+27  623,MWC   467,25487,1826-31-1,407933440,8.2,"B8 V e,Comp,SB,V",60.9761,+28.1256,Tau
BD+47  939,MWC    81,25940,3332-2427-1,259463816,4.04,"B3 V,e",62.1649,+47.7127,Per
BD+16  567,MWC   468,26398,1251-465-1,389053989,7.1,B7 III,62.7636,+16.6465,Tau
BD+45  933,,27846,3329-1686-1,27760364,8.08,B1.5 V,66.4581,+46.2335,Per
BD-13  893,MWC    86,28497,5320-1896-1,71132174,5.6,B2 V,67.2784,-13.0478,Eri
BD+ 7  678,MWC   733,29441,682-1709-1,345538502,7.64,"B2.5 V,ne",69.6507,+8.1750,Tau
BD+43 1033,MWC   732,29373,2892-1599-1,348092129,8.0,B6 V,69.8876,+43.6588,Per
CD-24 2465,HEN     4,29557,6464-405-1,178967690,8.5,Be*,69.5670,-24.6583,Eri
BD+40 1032,MWC    88,29866,2897-2581-1,156370403,6.08,B7 IV,71.0539,+40.7868,Per
BD- 8  929,MWC    89,30076,5321-2145-1,56179720,5.9,"B2 V,e",71.0215,-8.5031,Eri
BD+43 1048,MWC   735,276738,2905-1886-1,391535285,9.53,B7 V,71.4639,+43.9939,Per
BD+23  804,,32190,1845-1972-1,349070699,8.38,"B1 V,e",75.5658,+24.0290,Tau
BD+44 1086,MWC   745,32358,,260964731,9.11,B6 V,76.1842,+44.9583,Aur
BD+58  804,MWC    96,32343,3746-2216-1,252414037,5.08,B3 V,76.5352,+58.9724,Cam
BD+21  766,MWC    98,32991,1294-2526-1,27141005,5.89,"B2 V,e",76.9811,+21.7045,Tau
BD+36 1021,MWC    99,33152,2401-381-1,122778533,8.1,"B1 V,e",77.4848,+37.0043,Aur
CP-61  411,HEN     6,33599,8877-138-1,55295028,8.89,Be* sh,76.8039,-61.8047,Dor
BD-08 1040,,33328,5330-1723-1,425215861,4.3,B2 IV,77.2862,-8.7537,Eri
CD-41 1724,HEN     5,33453,7591-1301-1,14088298,8.3,"B8 V,n",77.1099,-40.9125,Col
BD+40 1196,MWC   100,33232,2900-503-1,187491570,8.17,"B2 V,ne",77.7001,+41.0025,Aur
BD+41 1101,,33357,2904-1663-1,262169297,8.4,"B1 :V :e:,n",77.9289,+42.1650,Aur
BD+41 1106,MWC   101,33461,2900-287-1,187585562,7.78,"B2: V:,nne",78.0601,+41.2147,Aur
BD+39 1204,MWC   484,277707,2900-2075-1,187581769,10.26,"B ,ep",78.0470,+39.5555,Aur
BD+40 1213,MWC   103,33604,2900-112-1,187689999,7.34,"B2 V:,ep",78.3049,+40.1932,Aur
+36-05117,,223113,3232-53-1,352788746,11.13,"B1 V :p,e:",78.7598,+36.6990,Aur
BD+46  989,MWC   104,33988,3358-1284-1,368327164,6.9,B2,79.1129,+46.4156,Aur
BD+03  857,,34959,108-2091-1,449365065,6.5,B5 V p,80.3301,+4.0117,Ori
BD+37 1160,MWC   107,34921,2909-1899-1,143681075,7.5,"B0 IV,ep",80.6464,+37.6759,Aur
CD-34 2207,HEN     7,35165,7051-2303-1,78053041,6.09,"B5 IV,np",80.3201,-34.3448,Col
BD- 2 1235,,35411,,4254645,3.36,B1 V +B2.,81.1190,-2.3963,Ori
BD+29  886,MWC   494,35347,1859-159-1,367154404,8.92,"B1: V:,e",81.3242,+29.6145,Aur
BD+ 1 1005,MWC   110,35439,101-2568-1,264459943,4.95,"B1 V:,ep",81.1856,+1.8465,Ori
BD+35 1095,MWC   109,35345,2415-742-1,127764224,8.39,"B1 V,ep",81.4364,+35.6471,Aur
BD+ 2  974,MWC   757,36012,105-304-1,264631173,7.24,"B5 V,ne",82.2017,+2.1644,Ori
BD+ 9  860,MWC   760,36376,701-36-1,200519617,7.79,Be*,82.9203,+9.2257,Ori
BD+18  877,MWC   111,36576,1301-818-1,437790952,5.69,"B2 IV-V,e",83.3815,+18.5400,Tau
BD+35 1169,MWC   500,,2416-885-1,115383283,9.37,"B1: V:,ep",83.5903,+35.8131,Aur
BD+27  797,MWC   761,244894,1856-440-1,74387059,9.86,"B1 III-IV,ep",83.6520,+27.5924,Tau
BD-05 1318,,,,,9.7,B2: V shell,83.8396,-5.3520,Ori
BD+21  901,MWC   503,245310,1310-702-1,19621526,8.87,"B2: III:,nnep",84.0952,+21.1860,Tau
BD- 5 1330,MWC   114,37115,,427396133,7.07,B6 V SB,83.9754,-5.6162,Ori
BD- 1  971,,37149,4766-1903-1,427451587,8.03,B8 V,84.0738,-1.6350,Ori
BD+33 1103,MWC   764,245493,2412-923-1,115893722,8.63,"B2 :V :p,e:",84.4620,+33.9669,Aur
BD+21  908,MWC   115,37202,1310-2697-1,19704573,3.0,B2 III,84.4109,+21.1425,Tau
BD+ 0 1138,MWC   116,37330,115-1423-1,323348984,7.38,B6 V,84.4719,+0.9687,Ori
BD+26  883,MWC   507,245770,1869-200-1,75078662,9.39,"B ,ep",84.7271,+26.3155,Tau
BD+28  836,MWC   506,37318,1873-853-1,75170940,8.39,"B1 V,ne",84.7415,+28.4599,Tau
BD+ 4 1002,MWC   117,37490,123-2200-1,281047621,4.57,"B3 III,e",84.7959,+4.1208,Ori
CD-34 2375,MWC   119,37795,7064-1357-1,140214221,2.64,B7 IV,84.9121,-34.0734,Col
BD- 2 1344,MWC   120,37806,4771-1197-1,11402323,7.9,Be* sh,85.2590,-2.7166,Ori
BD+42 1376,MWC   118,37657,2919-288-1,470642072,7.23,"B3 V,ne",85.5826,+43.0594,Aur
BD+37 1292,AS    105,,2911-1496-1,426259846,9.08,"B3 V :p,e:",85.7096,+37.9837,Aur
BD-16 1208,,37971,5917-1641-1,46641304,6.2,B3 IV p,85.4226,-16.7253,Lep
BD+23 1015,MWC   122,37967,1862-835-1,20413239,6.21,B3 V,85.8307,+23.2043,Tau
BD+25  941,MWC   124,38010,1866-2044-1,75852151,6.84,"B1 V,ep",85.9121,+25.4392,Tau
BD- 5 1370,,38120,4775-193-1,72780071,9.1,Be*,85.7992,-4.9967,Ori
BD+27  850,,246878,1870-1836-1,76028730,9.38,"B0.5 V:,ep",86.1154,+27.2296,Tau
BD+21  958,MWC   125,38191,1311-1238-1,29277573,8.73,"B1 :V :e:,n",86.2342,+21.4601,Tau
BD+29 1005,,38708,1874-906-1,76543999,8.22,"B3 :. p,e:,sh",87.2234,+29.1357,Aur
BD+26  985,MWC   127,39340,1871-1417-1,77887071,8.13,B3 V,88.2752,+26.4450,Tau
BD+25 1019,MWC   128,248753,1867-3110-1,77966679,8.44,"B1 V,nne",88.3797,+25.7420,Tau
BD+ 0 1203,MWC   130,39557,117-38-1,159059628,9.0,B5 III,88.3622,+0.7793,Ori
BD+26  992,MWC   129,39478,1871-1264-1,78071839,8.17,B2 V,88.4992,+26.4222,Tau
CD-22 2595,,40193,6491-717-1,123575644,9.2,Be*,89.0932,-22.6493,Lep
BD+30 1071,MWC   785,249695,2406-61-1,309335864,8.99,"B1: V:,nnep",89.6472,+30.2067,Aur
BD+25 1065,MWC   786,250028,1867-119-1,79241923,9.07,"B2: V:,nnep",89.9730,+25.0881,Tau
BD+19 1166,MWC   517,250163,1321-1207-1,269845286,9.62,"B1.5: V:,nep",90.0479,+19.1927,Ori
BD+23 1148,,250289,1864-1676-1,429433216,7.37,"B2 III:,e",90.2744,+23.3386,Gem
BD+ 9 1075,MWC   518,250980,721-2056-1,156627345,9.4,Be*,90.8922,+9.6648,Ori
BD+46 1091,MWC   131,40978,3374-1266-1,440492547,7.21,B2 V,91.1594,+46.5847,Aur
BD- 6 1391,MWC   133,41335,4794-1530-1,71727949,5.21,B2 Ve,91.0557,-6.7086,Mon
BD+19 1210,AS    118,251726,1321-1425-1,44938364,9.38,"B1 V:,e",91.7262,+19.0348,Ori
BD+20 1309,MWC   135,253214,1322-792-1,45904500,9.47,"B1.5: V:,nn",93.0685,+20.0855,Ori
BD+ 8 1238,MWC   523,42908,730-1618-1,153541389,8.18,"B2 V,e",93.4257,+8.7123,Ori
BD+16 1046,MWC   796,253659,1314-549-1,434304760,9.34,"B0.5 V:,nne",93.4755,+16.5174,Ori
CD-37 2668,HEN    10,43122,7084-11-1,393159359,8.2,Be*,93.2076,-37.0815,Col
BD+ 6 1172,MWC   136,43285,144-3220-1,167110617,6.07,B5 V,93.9172,+6.0660,Ori
BD-16 1415,,43544,5934-2739-1,33993533,5.92,"B2.5 V,ne",94.0315,-16.6174,CMa
CP-44  831,HEN    11,43789,7624-372-1,231942365,8.4,B6 V,93.9852,-44.6196,Pup
BD+11 1100,MWC   798,254647,,291385725,10.01,"B ,ep",94.3910,+11.1976,Ori
BD+23 1289,MWC   799,43703,1878-1091-1,429863539,8.62,B1 IV :p:,94.6639,+23.0078,Gem
CD-34 2806,HEN    12,44506,7081-1572-1,124921846,5.53,B1.5 V:,95.1504,-34.1439,Col
BD-11 1460,MWC   138,44458,5371-2101-1,443126408,5.64,B1 V n,95.3524,-11.7729,CMa
BD+15 1176,MWC   139,44637,1315-1999-1,438103655,8.03,"B2 V:,ep",95.8525,+15.1014,Ori
BD+25 1251,MWC   804,44674,1882-649-1,84320958,8.45,"B1 V,ne",96.0156,+25.4166,Gem
BD+ 8 1314,MWC   525,256577,732-2105-1,263805130,9.48,"B2 IV :p,e:",96.0006,+8.3003,Mon
BD-12 1470,MWC   526,44996,5372-2525-1,34738587,6.12,B4 V,96.0852,-12.9617,CMa
BD- 9 1458,MWC   528,45260,5368-649-1,443317662,9.01,Be*,96.5261,-9.3969,Mon
BD- 4 1534,,45626,4793-2363-1,42889751,9.36,"B7 ,ep sh",97.0937,-4.4618,Mon
BD-12 1500,MWC   142,45677,5372-460-1,346487395,7.55,Be* sh,97.0724,-13.0523,CMa
BD+20 1441,MWC   141,45542,1336-1812-1,46943830,4.15,B6 III,97.2407,+20.2120,Gem
BD- 6 1574,MWC   143,45725,4797-1880-1,709917565,3.76,"B3 V,e",97.2036,-7.0323,Mon
CD-32 3072,HEN    13,45871,,29628522,5.74,"B4 V,np",97.1630,-32.3708,CMa
BD+ 2 1262,MWC   529,45901,150-863-1,234806470,8.81,"B2 V,e",97.5731,+2.8477,Mon
BD+ 5 1267,MWC   145,45910,158-2278-1,234813367,6.77,B2 III,97.6369,+5.8663,Mon
BD+11 1204,MWC   146,45995,741-1402-1,207043038,6.14,B2 V n,97.7893,+11.2506,Mon
CD-22 3149,,46131,5959-1448-1,47648906,7.2,Be* sh,97.6602,-22.3217,CMa
BD- 7 1462,MWC   530,46380,5365-1286-1,25256180,8.0,"B2 V,ne",98.1801,-7.5087,Mon
BD+ 5 1291,MWC   148,259440,158-3064-1,234929785,9.17,"B0 ,ep",98.2466,+5.7997,Mon
BD+10 1172,MWC   147,259431,737-610-1,229340364,8.74,"B6 ,ep",98.2713,+10.3216,Mon
BD+ 8 1388,MWC   149,259597,733-1218-1,229356387,8.6,"B0.5: V:,nne",98.3840,+8.3352,Mon
BD+ 8 1389,MWC   810,259631,733-1509-1,229355590,9.2,Be*,98.4308,+8.0361,Mon
BD- 5 1710,MWC   150,47054,4806-3516-1,52665242,5.52,B8 V,99.1468,-5.2103,Mon
BD+ 5 1340,MWC   815,47359,155-2255-1,319854805,8.9,"B0.5 V p,e:",99.6033,+4.8804,Mon
BD-10 1651,MWC   532,48282,5382-1595-1,119453344,8.85,B3 III,100.5537,-10.4979,Mon
CD-30 3484,MWC   152,48917,7087-1384-1,52638345,5.2,"B2 III,e",101.1181,-31.0700,CMa
CD-39 2831,HEN    17,49319,7631-257-1,148316007,6.6,B6: V: nne,101.5133,-39.5398,Pup
BD+ 0 1607,MWC   821,49330,148-2019-1,234230792,8.88,"B0: ,nnep",101.9881,+0.7754,Mon
BD+ 0 1624,,49585,148-149-1,257065501,9.12,"B0.5: V:,nn",102.2840,+0.0892,Mon
BD-12 1642,MWC   822,49699,5387-825-1,35580492,7.5,Be*,102.3158,-12.6674,CMa
BD- 5 1815,MWC   153,49787,4808-109-1,281717549,7.54,"B1 V:,ep",102.4807,-5.5129,Mon
CD-32 3404,MWC   155,50013,7092-2576-1,52982382,3.96,"B1.5 IV,ne",102.4603,-32.5081,CMa
BD-13 1682,MWC   154,49977,5391-2320-1,61399103,7.97,"B1.5: V:,nep",102.6098,-14.1130,CMa
CD-31 3717,MWC   157,50123,7088-2598-1,53063082,5.7,B6 V npe,102.5965,-31.7060,CMa
BD+ 5 1448,MWC   156,50083,156-1065-1,237544639,6.92,B2 IV,102.9403,+5.0842,Mon
BD- 6 1775,MWC   158,50138,4812-4891-1,123545883,6.67,B6 III,102.8888,-6.9662,Mon
BD- 0 1468,MWC   159,50209,4800-1343-1,282306169,8.37,"B9 V,e",103.0431,-0.2949,Mon
BD- 9 1699,MWC   825,50424,5383-187-1,123669290,9.2,Be*,103.2208,-10.0073,Mon
BD-13 1710,MWC   826,50737,5392-8-1,142669040,9.1,Be*,103.4668,-13.1854,CMa
BD+ 0 1691,MWC   538,50696,149-574-1,237651093,8.91,"B1: V:,nne",103.5920,+0.1814,Mon
BD-18 1598,MWC   539,50850,5954-412-1,78902756,9.29,Be*,103.5383,-18.2861,CMa
BD- 1 1446,MWC   827,50820,4801-4456-1,282808223,6.21,B3 IV e+f,103.6749,-1.7560,Mon
BD-17 1673,MWC   540,50938,5954-1779-1,79035468,7.66,Be*,103.6494,-17.9169,CMa
BD- 3 1643,MWC   828,50891,4805-43-1,282899554,8.85,"B0: ,ep",103.7458,-3.6911,Mon
BD+ 5 1472,,50868,157-1029-1,237668110,7.92,"B2 V,ne",103.8065,+5.4335,Mon
BD+46 1203,MWC   537,50658,3391-2639-1,192019274,5.8,B6 IV-V e,104.1337,+46.2734,Aur
BD- 3 1651,MWC   541,51193,4809-1846-1,283206453,8.23,"B1 V:,nn",104.0790,-3.8065,Mon
BD-10 1774,MWC   161,51480,5384-2488-1,124412629,6.93,Be* sh,104.2891,-10.8234,Mon
BD+18 1423,MWC   160,51354,1348-62-1,58847028,7.12,B3 V n,104.4284,+17.9015,Gem
BD- 4 1745,,51452,4809-2623-1,32667467,8.11,"B0: III:,nn",104.3355,-4.1930,Mon
BD-10 1802,,52159,5384-961-1,124807364,9.69,"B5 V,ne",104.9272,-11.1573,Mon
BD-16 1694,MWC   163,52244,5963-1327-1,147479672,9.16,"B2: III:,nep",104.9429,-16.2007,CMa
BD-21 1695,,52437,5975-3461-1,80042405,6.53,B2 IV-V e,105.0801,-22.1190,CMa
CP-56 1218,HEN    23,53048,8545-1628-1,279430029,7.8,B5/7 Vn(e),105.0437,-56.9064,Car
BD-11 1747,MWC   164,52721,,125267683,6.59,"B2 V,ne",105.4558,-11.3003,CMa
CD-27 3540,HEN    22,52812,6531-574-1,,6.95,B3 V,105.3896,-27.2227,CMa
BD-04 1788,,52918,4822-3679-1,269087549,5.0,B1 V e,105.7279,-4.2387,Mon
BD- 2 1898,MWC   834,53032,4818-2443-1,33287617,9.32,B6: IV:,105.8483,-2.7434,Mon
BD- 2 1900,,53085,4818-4266-1,33362448,8.4,Be*,105.9046,-2.4740,Mon
BD-10 1848,MWC   166,53367,,125646491,6.96,B0.5:,106.1059,-10.4542,Mon
BD+14 1558,,53416,761-813-1,445988959,6.8,B8 IV,106.3944,+14.4728,Gem
BD- 8 1734,MWC   835,53667,5381-2964-1,177204351,7.74,B0.5 III,106.3968,-8.7288,Mon
BD-14 1717,,54086,5393-435-1,148630409,9.1,Be*,106.7178,-14.6979,CMa
BD-13 1825,,,5393-2168-1,148633276,9.48,Be*,106.7425,-13.6761,CMa
CD-23 4908,MWC   167,54309,6524-4728-1,81584371,5.71,B2 IV e,106.8437,-23.8400,CMa
BD- 3 1762,MWC   836,54464,4823-3312-1,168627067,8.32,"B2: V:,ep",107.1998,-4.0573,Mon
BD- 0 1618,,293396,4815-3732-1,4827953,9.63,"B1 V:,ne",107.2444,-1.0152,Mon
BD-15 1672,MWC   837,54786,5964-504-1,354770601,8.98,"B0: ,ep",107.4040,-16.0964,CMa
BD- 9 1880,MWC   838,54858,5394-2661-1,177853845,8.18,B9 II,107.5471,-9.3362,Mon
BD-11 1826,,55014,5402-780-1,177920429,8.2,B7 V n,107.6918,-11.5735,CMa
BD-14 1751,AS    145,,5406-814-1,306658716,10.4,Be*,107.7265,-14.3568,CMa
BD-10 1908,MWC   168,55135,5398-3009-1,178049328,7.31,"B4 V,ne",107.8365,-10.4283,Mon
BD-21 1791,MWC   169,55271,5976-3671-1,99152445,6.8,"B8 V,ne",107.8363,-21.8032,CMa
BD- 9 1905,MWC   548,55439,5398-1016-1,178253079,8.47,"B2 V,e",108.1448,-9.8445,Mon
BD-15 1695,,55538,5965-1624-1,307166440,7.82,B2 III,108.1894,-15.5014,CMa
BD- 1 1603,MWC   549,55606,4819-3972-1,23459321,9.11,"B1: V:,nnep",108.3916,-2.0772,Mon
BD+ 3 1613,MWC   839,55806,167-4132-1,284230347,8.9,Be* sh,108.6596,+2.9013,CMi
CD-26 4057,MWC   170,56014,6532-5000-1,65803653,4.66,"B3 III,p",108.5628,-26.3519,CMa
BD-11 1858,,56039,5402-822-1,178643220,8.29,B5 V,108.7494,-11.8701,CMa
CD-26 4073,MWC   171,56139,6532-5003-1,65903024,3.85,"B2 IV-V,e",108.7030,-26.7725,CMa
BD- 9 1960,MWC   555,56670,5399-1725-1,61678783,9.56,"B0.5 V,e",109.4188,-9.4278,Mon
BD-20 1834,,,5977-1409-1,100393784,10.2,Be*,109.3682,-21.0664,CMa
BD-18 1769,MWC   172,56806,5973-1491-1,100386187,9.4,Be*,109.4458,-18.8161,CMa
BD-15 1748,,56847,5965-1720-1,409195416,8.9,B7 III,109.5398,-15.6276,CMa
CD-36 3512,MWC   173,57150,7115-3016-1,23037766,4.66,B2 V,109.5765,-36.7336,Pup
CD-36 3519,,57219,7115-3017-1,23091719,5.11,"B2 IV,ne",109.6586,-36.7424,Pup
CD-23 5296,MWC   556,57393,6537-1761-1,106588668,9.1,B2 V nne,110.0241,-24.0852,CMa
BD- 8 1856,MWC   174,57386,5395-3567-1,319152335,8.02,"B1.5: V:,nnep",110.1787,-8.4205,Mon
CP-40 1431,HEN    33,57551,7634-1561-1,29786229,8.8,B8 III,109.9972,-40.4951,Pup
BD-10 2015,MWC   557,57775,5399-3900-1,187561113,9.2,Be*,110.6030,-10.8222,Mon
CD-22 4415,MWC   841,57910,6537-1843-1,412389937,9.3,Be*,110.6161,-23.0229,CMa
BD-20 1891,,,5978-1855-1,412448981,9.2,Be*,110.6532,-20.9133,CMa
CD-25 4439,MWC   175,58011,6541-308-1,107091862,7.11,B1 V nep,110.6798,-26.0108,CMa
BD-17 1944,,,5970-1417-1,412457923,11.3,Be*,110.7442,-17.9501,CMa
CD-31 4437,,58155,7108-4764-1,111384365,5.43,"B4 V,np",110.7530,-31.9237,CMa
BD+15 1564,MWC   176,58050,1347-553-1,14498757,6.41,"B2 V,e",111.1152,+15.5169,Gem
BD-15 1810,MWC   177,58343,5966-1288-1,385873047,5.33,B3 IV,111.1669,-16.2006,CMa
BD-19 1871,AS    151,,5974-178-1,412771733,11.1,Be*,111.2385,-20.1146,CMa
BD+ 8 1774,MWC   178,58715,764-2774-1,425224332,2.9,"B8 V,V",111.7881,+8.2893,CMi
BD-22 1874,MWC   179,58978,6538-2654-1,139385056,5.61,"B0 IV:,ep",111.7475,-23.0856,CMa
CP-41 1423,HEN    38,59197,7651-2212-1,173381049,8.11,B6 V,111.7471,-41.6289,Pup
BD-15 1837,MWC   561,59094,5966-2402-1,50030338,8.44,"B2 V:,nne",111.9620,-16.0937,Pup
CD-27 4108,MWC   562,59281,6546-2083-1,,8.46,Be*,112.0510,-27.3992,Pup
BD-13 2040,MWC   180,,5408-2102-1,50287852,8.72,Be*,112.2796,-13.7695,Pup
BD-21 1960,,59498,5991-3733-1,139853706,8.2,B2 V ne,112.3431,-21.8657,Pup
BD-21 1962,MWC   181,59497,5991-3154-1,139853680,8.5,Be*,112.3661,-21.8583,Pup
BD-10 2073,MWC   563,,5404-822-1,6278124,10.32,Be*,112.4961,-11.2624,Pup
BD-11 1994,MWC   564,60260,5405-3269-1,6780465,9.04,Be*,113.2965,-11.6113,Pup
CD-32 4140,AS    156,,7109-828-1,113383695,10.6,Be*,113.2511,-32.5524,Pup
CD-36 3715,MWC   183,60606,7117-2765-1,174008063,5.54,"B3 V,ne",113.4623,-36.3382,Pup
CP-40 1557,HEN    44,60669,7648-649-1,173956099,9.3,B8 III,113.4621,-40.9299,Pup
CP-46 1573,HEN    45,60794,8133-2627-1,123036723,8.85,B4 III,113.5282,-46.6437,Pup
CD-22 4761,,,6539-351-1,348909897,10.6,Be*,113.9470,-22.8765,Pup
BD-14 1999,MWC   565,60855,5409-2527-1,259449942,5.7,"B2 V,e",114.0162,-14.4923,Pup
BD-10 2133,,,5401-2162-1,7560810,10.5,Be*,114.4066,-10.9723,Mon
BD-12 2062,,61205,5405-1569-1,288482542,9.3,Be*,114.4162,-12.7566,Pup
BD-14 2053,MWC   849,61224,5409-111-1,,6.53,B9 III,114.4117,-14.4404,Pup
CD-32 4219,,61355,7109-710-1,114408887,8.7,B3 V ep,114.3693,-32.3963,Pup
CD-24 5721,AS    160,,6543-2157-1,110901795,11.2,Be*,114.7753,-24.7505,Pup
BD-11 2043,MWC   566,,5418-45-1,289002302,9.5,Be*,114.9254,-12.2594,Pup
CD-37 3770,,61925,7644-2701-1,174664153,6.0,B6 IV,114.9910,-37.5789,Pup
BD-04 2062,MWC   567,62367,4839-2075-1,68003064,7.1,B6 III,115.8836,-4.6802,Mon
BD-17 2120,MWC   569,62532,5984-433-1,140463236,8.41,"B1: V:,nnep",115.9383,-17.9458,Pup
CD-40 3379,MWC   185,62753,7649-1034-1,175252490,6.63,B2.5 V ne,115.9499,-40.3089,Pup
CD-26 4881,MWC   573,62780,6548-3197-1,126595601,9.16,B2 III ne,116.1465,-26.9446,Pup
CP-42 1577,HEN    66,62894,7653-3542-1,123828144,9.7,B8,116.0635,-43.0175,Pup
BD-21 2102,,62654,5993-3478-1,140529988,9.6,B3: V ne,116.0909,-21.7379,Pup
CD-23 6121,AS    168,,6540-3460-1,126780374,9.4,Be*,116.2842,-24.1294,Pup
CD-36 3865,MWC   850,63150,7118-2686-1,175469491,8.7,B0.5 IV nep,116.4795,-36.4981,Pup
CD-26 4955,AS    173,,6548-3401-1,127083488,10.46,Be*,116.6501,-26.6935,Pup
BD-20 2183,,,5993-3427-1,141108473,9.3,Be*,116.7461,-21.1611,Pup
CP-55 1332,HEN    81,63453,8556-1506-1,340633517,9.2,"B9 V,n",116.4997,-56.1931,Car
CD-26 4982,MWC   851,63359,6548-3130-1,127332898,9.6,B1 V pe,116.8829,-26.6814,Pup
CD-30 5098,,63423,7106-2285-1,150010011,7.9,B1 II ne,116.8970,-30.5479,Pup
CD-25 5081,MWC   186,63462,6544-4213-1,127493611,4.5,"B0 V :p,e:,VB",117.0212,-25.9370,Pup
CP-40 1806,,63988,7649-1765-1,131104893,7.0,B8 V,117.4669,-40.9142,Pup
BD-21 2155,MWC   575,64298,5994-1533-1,142074597,8.7,B2 IV: nne,118.1252,-21.9992,Pup
CP-59  922,HEN    92,64831,8565-672-1,341040849,7.8,"B8 V,n",118.0930,-59.4929,Car
CP-44 1966,HEN    91,64716,8135-1809-1,143543729,8.42,B6 V,118.2991,-45.2184,Pup
CD-24 6131,MWC   576,64639,6557-847-1,128900547,11.5,B1 III ne,118.4663,-24.8032,Pup
BD+ 3 1848,MWC   188,65079,185-1202-1,266656195,7.83,B2 V (n)(e.),119.2663,+2.9503,CMi
CP-60  937,HEN   103,65663,8911-2182-1,358467471,6.77,"B8 III,e",119.0659,-61.0993,Car
CD-32 4657,AS    191,,7124-2506-1,152085912,9.2,Be*,119.7287,-32.5570,Pup
CD-24 6271,,65719,6558-1416-1,130192760,9.4,Be*,119.7711,-25.2766,Pup
CP-60  968,HEN   109,,8911-1364-1,372913367,8.6,B9 p shell,119.4320,-60.8197,Car
CD-28 5235,,,6566-1824-1,130340134,10.1,Be*,119.8427,-28.9058,Pup
CD-48 3361,,65930,8139-3099-1,285916305,6.8,B3 V e,119.7528,-48.3760,Pup
CP-60 1006,HEN   110,66194,8911-3394-1,364398342,5.81,"B2 IV,nep",119.7102,-60.8242,Car
BD- 2 2379,MWC   190,65875,4850-2867-1,73039225,6.51,B2 V n,120.1837,-2.8814,Mon
CD-31 5475,HEN   118,,7120-1850-1,419430880,9.9,Be*,121.0462,-31.4059,Pup
CD-30 5559,AS    196,,7120-2069-1,419494384,10.8,Be*,121.1188,-30.9715,Pup
CD-23 6846,,67698,6555-1743-1,176359324,6.63,"B5 V,e",122.0804,-23.6173,Pup
CD-37 4288,,67888,7659-3586-1,134321089,6.37,"B4 V,e",122.1564,-37.6814,Pup
CP-41 2169,HEN   126,67978,7667-1860-1,80899869,8.5,B2 Vnn(e),122.1726,-42.0560,Pup
CP-63  896,HEN   128,68423,8932-2484-1,308748912,6.28,B6 V,122.1027,-63.8007,Car
BD-13 2429,MWC   577,68468,5438-850-1,125131290,8.78,Be*,123.0013,-14.1685,Pup
CP-54 1545,HEN   136,69026,8570-1427-1,342201547,8.48,B1/B2 V,123.0871,-55.3525,Car
CD-35 4349,MWC   192,68980,7133-4588-1,146036695,4.78,"B1.5 III,e",123.3727,-35.8991,Pup
CD-27 5181,AS    197,,6568-154-1,155573117,11.6,Be*,123.5151,-28.3232,Pup
CD-46 3931,,69168,8136-5348-1,81615536,6.5,B3 V,123.4397,-46.5785,Vel
CP-49 1566,HEN   140,,8144-2600-1,238791674,10.0,Be*,123.5852,-50.1627,Vel
CD-46 3951,MWC   193,69404,8136-5050-1,81859368,6.43,B2 V ne,123.7130,-46.4854,Vel
CD-36 4390,MWC   855,69425,7134-1270-1,182609113,9.07,B1 V ne,123.8765,-37.1173,Pup
CP-47 2023,HEN   143,69651,8153-386-1,286159211,10.7,"B9 V,n",123.9314,-48.3438,Vel
CP-45 2348,HEN   145,70064,8149-346-1,82370215,10.0,"B5 V,e",124.5114,-45.6417,Vel
CD-25 5940,HEN   150,70461,6564-3885-1,271379300,9.8,Be*,125.3052,-26.3326,Pup
CP-45 2460,HEN   156,71042,8149-3411-1,52929072,9.8,"B2/B3 ,ne",125.8447,-45.7528,Vel
BD-12 2510,MWC   857,71072,5435-526-1,409791884,6.9,"B7 IV,e",126.2511,-12.7640,Pup
CP-44 2597,HEN   162,,8149-3059-1,53301259,9.23,B2 IV e,126.3238,-45.1624,Vel
CD-51 3004,,71510,8161-1767-1,140031673,5.2,B2 V,126.3799,-51.7278,Vel
CP-47 2254,HEN   166,71823,8154-5745-1,139870215,8.79,"B3 V,n",126.8673,-47.7288,Vel
CP-49 1653,HEN   168,71934,8158-1896-1,140300162,7.54,B2 IV ne,126.9600,-50.0997,Vel
CD-42 4290,,72014,7669-3714-1,140001327,6.26,B0 V: nne,127.2168,-42.5870,Vel
CD-43 4337,HEN   170,72067,7673-2017-1,140006471,5.79,B2 V,127.2813,-44.1601,Vel
CP-43 2643,HEN   171,72126,7673-1514-1,140132301,9.28,"B2 ,nne",127.3359,-43.8422,Vel
BD-10 2546,,72043,5432-609-1,51033628,8.9,Be*,127.5848,-10.6159,Hya
CD-35 4745,,72551,7147-1931-1,184795255,9.35,Be*,128.0607,-36.1049,Pyx
CD-49 3621,MWC   194,72754,8158-2073-1,90296023,6.89,Be*,128.0969,-49.6013,Vel
CP-63 1012,HEN   185,73834,8930-2461-1,310645192,8.11,"B3 ,ne",129.2194,-63.6273,Car
CP-45 2772,HEN   186,73903,8151-5464-1,141497319,9.0,B1 V,129.7446,-46.2261,Vel
CP-45 2781,,,8151-6257-1,141497194,9.5,B1 V ne,129.7742,-46.2454,Vel
CD-40 4488,ASW   252,,7666-1153-1,180878618,10.9,B6 V,129.8703,-40.4690,Vel
CP-45 2826,MWC   578,,8151-1868-1,141898455,10.16,"B2: V,ne",130.2126,-46.0954,Vel
CP-47 2565,,74401,8155-2404-1,285699059,9.0,B1.5 III ne,130.5011,-47.6648,Vel
CP-41 2917,,74867,7683-2113-1,181506336,9.3,B7 IV/V,131.2582,-41.5161,Vel
CP-76  538,,75485,9399-1182-1,397135218,8.1,Be* sh,130.7386,-77.1172,Cha
CP-56 1865,MWC   195,75311,8577-3017-1,46028220,4.49,"B3 V,ne",131.6772,-56.7696,Car
CP-46 3039,,75465,8155-271-1,270934336,9.04,"B3 V e,n:",132.0863,-46.9103,Vel
CP-53 1914,HEN   213,75661,8569-1820-1,46226875,8.88,"B2 V,ne",132.2245,-54.2726,Vel
CP-47 2765,HEN   211,75658,8156-2261-1,271190727,8.11,B1 IV e,132.3532,-47.4882,Vel
CP-47 2789,HEN   215,,8156-1085-1,145506624,9.0,Be*,132.4745,-48.0601,Vel
CP-46 3116,,,8152-1092-1,29051733,11.4,Be* sh,132.6085,-46.5844,Vel
CD-25 6639,,75740,6580-2291-1,1748132,10.2,Be*,132.7276,-26.3557,Pyx
CP-45 3145,HEN   216,,8152-477-1,29122883,8.97,"B2 V,ne",132.6493,-45.5484,Vel
CP-41 3079,,75925,7684-2068-1,190393155,11.6,Be*,132.8614,-41.8586,Vel
CP-45 3218,,,,29690468,8.9,B0.5 III,133.3410,-46.0356,Vel
CP-42 3114,HEN   225,76534,,30051402,8.04,"B3 V,ne",133.7858,-43.4663,Vel
CP-50 1892,HEN   227,76568,8164-1530-1,400136687,9.3,"B1 V:,nne",133.7405,-50.8638,Vel
CD-29 6963,HEN   228,,7138-1918-1,186979808,8.8,Be*,134.2007,-30.1835,Pyx
CD-42 4808,,76838,7688-1672-1,30562668,7.31,B3 V,134.2817,-43.2561,Vel
CP-59 1194,HEN   233,76985,8594-220-1,383287960,9.1,B5 Vn(e),134.1964,-59.5197,Car
CP-58 1306,HEN   234,77032,8594-620-1,383285551,8.8,B2: V ne,134.3143,-58.5856,Car
CP-63 1072,HEN   235,77147,8931-1408-1,356521959,8.4,B8 V,134.3463,-63.4964,Car
CP-46 3310,HEN   238,,8165-324-1,31071126,8.98,Be*,135.0581,-46.6852,Vel
CD-42 4875,HEN   237,77320,7689-1211-1,31062736,6.07,B2.5 V ne,135.0923,-43.1731,Vel
CP-45 3393,HEN   244,,8165-565-1,447970564,10.09,Be*,136.0267,-45.6757,Vel
CP-58 1376,,78328,8594-1841-1,384471407,9.2,B9.5 III,136.2655,-58.7673,Car
CP-70  861,MWC   196,78764,9199-2885-1,302962039,4.71,"B2 IV,e",136.4097,-70.5385,Car
CP-52 1968,HEN   251,298298,8583-742-1,126899506,9.07,B1 III e,137.1142,-52.5775,Vel
CP-52 2017,HEN   253,79206,8583-4641-1,355553423,7.73,"B3/B4 V:,ne",137.6747,-53.0458,Vel
CD-46 5010,,79621,8170-1150-1,75047606,5.92,B9 V,138.3936,-47.3386,Vel
CP-55 2028,HEN   259,79778,8587-2162-1,385626507,8.21,B2 IV ne,138.4641,-55.5395,Vel
CP-45 3552,HEN   260,79811,8166-459-1,75210369,9.0,B5 V,138.6607,-45.5756,Vel
CP-43 3525,HEN   265,80156,7690-2512-1,75581184,9.0,B8/B9 IV,139.1648,-44.4344,Vel
CP-58 1456,HEN   267,80284,8595-1775-1,386024312,8.7,"B5: V,nne",139.0736,-59.2340,Car
CP-63 1114,HEN   268,80459,8948-414-1,358818468,7.39,"B6 V,ne",139.2317,-63.7749,Car
CP-41 3586,MWC   580,80834,7699-2329-1,76336597,9.72,"B5 ,nne",140.1755,-42.1781,Vel
CP-50 2284,HEN   273,298369,8178-1754-1,295099096,9.98,"B2: V,ne",140.4936,-51.1759,Vel
CP-55 2126,HEN   278,81354,8588-2569-1,436802660,9.32,"B4: V,e",140.7277,-55.7364,Vel
CP-51 2174,ASW   368,298377,8179-3148-1,295581098,10.26,"B3: V,n",140.9826,-51.9615,Vel
CP-58 1513,HEN   280,81654,8596-411-1,437371531,7.93,B2/3 V(e),141.1645,-58.6886,Car
CD-28 7271,,81753,,189271286,6.1,B6 V,141.6868,-28.7871,Pyx
CP-46 3733,HEN   290,82830,8167-1520-1,78595415,9.26,B1 III: ne,143.2870,-46.7650,Vel
CP-57 2126,HEN   292,83032,,439430953,7.9,B7 III,143.3778,-58.3860,Car
CP-56 2319,HEN   294,83060,8593-1904-1,439331111,9.1,B2 IV-V nep,143.4263,-57.1631,Car
CP-53 2571,HEN   293,83043,8585-1672-1,299022962,8.5,"B1 V:,ep",143.4795,-53.6346,Vel
CP-65 1115,HEN   296,83312,8953-1555-1,370494046,7.4,"B4: ,p sh",143.6249,-66.1219,Car
CP-53 2656,HEN   301,83597,8585-2212-1,280835427,9.27,B1.5 V e,144.4619,-53.6799,Vel
BD-22 2684,MWC   197,83953,6602-2080-1,408382023,4.77,"B6 V,e",145.3213,-23.5912,Hya
CP-67 1111,HEN   310,84375,9209-2868-1,370881475,7.0,"B3 III:,p sh",145.4056,-68.5045,Car
CP-57 2254,HEN   309,84361,8593-2269-1,441752709,8.41,B2/B3 V,145.6777,-58.1050,Car
CP-66 1045,HEN   315,309784,8953-200-1,370959697,9.6,Be*,145.6506,-67.1470,Car
CP-54 2642,HEN   317,84511,8589-1020-1,442240473,8.8,"B ,p sh",145.9808,-55.0505,Vel
CP-53 2806,HEN   318,84523,8585-3781-1,363236260,7.95,B5 IV ne,146.0294,-53.7451,Vel
CP-55 2500,HEN   321,84777,8589-2143-1,442759685,9.1,"B8 V,n",146.3974,-55.7433,Vel
CP-57 2322,,85083,8610-698-1,443175014,8.3,B5 III,146.8919,-58.1877,Car
CD-52 3378,HEN   326,298697,8598-222-1,445976130,10.01,Be*,147.2209,-53.1344,Vel
CP-50 2767,HEN   327,297625,8193-880-1,445903104,10.55,"B5 V:,e",147.2779,-51.1564,Vel
CP-57 2368,HEN   330,85495,8606-53-1,444676711,8.0,B4 II/III,147.5613,-58.0456,Car
CP-60 1510,HEN   331,85567,8942-1645-1,363464759,8.5,B8 V ne,147.6189,-60.9672,Car
CD-27 7035,HEN   336,85860,,22123033,7.0,Be*,148.5214,-27.9984,Ant
CP-58 1693,,86119,8610-946-1,469247028,9.7,B8/9 IV,148.6324,-58.6092,Car
CP-62 1360,ASW   469,86272,8946-1793-1,269870654,9.7,B2 V ne,148.7520,-63.5412,Car
CP-59 1559,HEN   347,86689,8610-3039-1,274907223,10.5,B2 V ne,149.5352,-59.6706,Car
CD-23 8898,MWC   581,86612,6604-1663-1,11559798,6.21,"B4 V,e",149.7757,-23.9504,Hya
CP-56 2734,HEN   351,86879,8606-893-1,461976111,10.7,B7/B8 III,149.9152,-57.5121,Car
CP-53 3193,HEN   354,87203,8599-2357-1,462229603,8.56,"B5 V,e",150.4677,-54.2056,Vel
CP-59 1727,HEN   360,87366,8943-1609-1,374690639,9.42,B9 III,150.6533,-60.1489,Car
CP-53 3218,HEN   359,87380,8603-50-1,462236255,9.12,"B1 IV,n",150.7556,-54.5583,Vel
CP-61 1441,HEN   362,87543,,,6.14,B7 IV ne,150.8927,-61.8837,Car
CP-59 1800,HEN   363,87565,8611-1377-1,462305062,10.17,B4 IV,150.9629,-59.8508,Car
CP-59 1850,,87801,8611-1433-1,462456977,9.0,B2/3 V n,151.3893,-59.9062,Car
CP-59 1853,HEN   366,87818,8943-445-1,375120109,9.7,B8/B9 IV,151.4173,-60.0029,Car
CP-50 3081,HEN   370,88263,8195-328-1,310146917,7.89,"B2 III,e",152.3253,-50.6394,Vel
CP-56 2949,HEN   379,300584,8607-285-1,463034184,10.1,"B1 V,e",152.7467,-57.1576,Car
CP-59 1955,HEN   382,88648,8611-1219-1,376242066,8.7,B5 V,152.9010,-59.8833,Car
CP-57 2781,MWC   199,88661,8607-604-1,463103957,5.72,"B2 IV,nep",152.9435,-58.0603,Car
CP-59 1974,HEN   387,88825,8611-2255-1,463230082,6.1,"B4 V,e",153.2554,-59.9177,Car
CP-69 1178,,89080,9214-2842-1,453885273,3.32,B8 III,153.4357,-70.0376,Car
CP-60 1793,HEN   393,305019,8943-2244-1,377117073,10.47,"B0 ,ep",153.7591,-60.9227,Car
CP-54 3389,MWC   200,89249,8604-440-1,463507508,8.83,"B ,p sh",154.0860,-55.5975,Vel
CP-60 1829,HEN   398,,8956-3115-1,377570572,10.0,"B2 V,e",154.4665,-61.5886,Car
CP-58 2090,HEN   400,302724,8612-1644-1,463906354,9.5,"B2 V,e",154.8247,-59.2966,Car
CP-55 3286,MWC   201,89890,8604-975-1,464028809,4.5,B3 III,155.2287,-56.0429,Vel
BD-17 3133,MWC   582,89884,6064-1123-1,5528993,7.13,B6 V,155.4974,-18.0344,Hya
CP-55 3353,ASW   555,,8608-1968-1,464197232,10.0,"B1 V,e",155.7345,-56.4990,Vel
CP-58 2145,MWC   202,90177,8612-13-1,464253921,8.55,"B2 ,eV",155.7246,-59.6245,Car
CP-57 3105,HEN   408,90187,8608-914-1,464225477,8.69,B1 III ne,155.7825,-57.9974,Car
CP-59 2111,HEN   409,90436,8612-607-1,464428632,9.4,"B8/B9 V,n",156.2107,-59.7924,Car
CP-58 2182,HEN   411,90490,8612-76-1,464439059,6.98,"B5 V,ne",156.3184,-58.8721,Car
CP-61 1644,HEN   414,307718,8960-1172-1,460028108,9.6,"B2 V,e",156.3328,-62.4421,Car
CP-59 2120,HEN   413,305138,8612-59-1,464431094,9.4,"B2 V,e",156.3782,-59.7930,Car
CP-55 3419,HEN   415,90551,8608-2412-1,464544465,8.55,"B3 V,n",156.4623,-56.6207,Vel
CP-58 2193,HEN   417,90563,8612-396-1,464578020,10.2,"B2 V,e",156.4633,-58.7949,Car
CP-57 3197,HEN   418,90578,8608-79-1,464570269,9.3,B1.5 III,156.5008,-57.8266,Car
CP-58 2195,HEN   419,302798,8612-380-1,464579757,9.6,"B3 V,e",156.4955,-58.9955,Car
CP-57 3207,HEN   421,90599,8612-246-1,464576614,8.99,B4 III:,156.5380,-58.6247,Car
CP-58 2225,,90834,8613-1865-1,464746311,9.6,B5/6 III/IV,156.9311,-59.2891,Car
CP-56 3382,HEN   426,302840,8609-1052-1,464732609,9.68,"B2 V,e",156.9752,-57.6131,Car
CP-62 1595,MWC   204,90966,8960-346-1,460227467,6.45,"B2/B3 III:,ne",157.0763,-63.1644,Car
CP-57 3301,HEN   428,302838,8609-1016-1,,9.4,Be*,157.1315,-57.7039,Car
CP-75  664,HEN   435,91180,9397-615-1,453679121,9.2,"B5: ,e",156.9934,-76.2323,Cha
CP-55 3508,HEN   433,,8609-2680-1,457418826,9.6,"B0 V,e",157.4465,-56.6126,Vel
CP-56 3448,HEN   436,91188,8609-2497-1,457512560,6.64,B4 III e,157.5937,-57.0773,Vel
BD-12 3181,MWC   205,91120,5497-1765-1,334776134,5.6,"B9 V,n",157.7496,-13.5879,Hya
CP-59 2182,,305218,8956-1977-1,460415018,9.3,"B2 V,e",157.5983,-60.0776,Car
CP-67 1368,HEN   438,91273,9211-2057-1,397172149,7.9,B8 V,157.5285,-68.5517,Car
CP-60 1944,HEN   437,91269,8956-410-1,460445777,7.54,"B4: V:,ne",157.6406,-61.3360,Car
CP-67 1370,HEN   440,310080,9211-2790-1,397172115,9.6,Be*,157.5954,-68.5621,Car
CP-60 1948,HEN   439,91307,8956-946-1,460447627,8.1,B5 V,157.7429,-61.6131,Car
CP-58 2272,HEN   441,91359,8613-1531-1,457623406,9.7,B7 II/III,157.8475,-59.2964,Car
CP-59 2193,MWC   207,305296,8956-2044-1,460564234,9.4,"B2 V,e",157.9159,-60.2860,Car
CP-61 1704,MWC   208,91465,8956-4324-1,460532958,3.32,"B4 V,ne",158.0062,-61.6850,Car
CP-59 2206,ASW   599,305301,8956-717-1,460572582,10.0,"B2 V,e",158.2086,-60.4520,Car
CP-60 1968,,91597,8956-1223-1,460576476,9.8,B1 III ne,158.2544,-60.8444,Car
CP-60 1974,HEN   447,305330,8956-1270-1,460601950,9.3,"B0 V,e",158.3103,-61.4278,Car
CP-58 2312,HEN   448,,8613-147-1,457937172,9.7,Be*,158.5364,-59.4824,Car
CP-57 3490,,303075,8613-2170-1,457975034,10.0,B1 V e,158.8846,-58.2552,Car
CP-61 1734,HEN   454,92027,8957-637-1,460857167,8.53,B1.5 V ne,158.9934,-61.8643,Car
CP-63 1513,HEN   456,92066,8965-424-1,460823534,8.4,"B7/B8 V,ne",158.9962,-64.2426,Car
CP-59 2299,,92064,,460900257,10.0,B3/6 V,159.0725,-60.6347,Car
CP-58 2372,HEN   455,92061,,,8.95,B1.5 III,159.0954,-58.9511,Car
CP-58 2418,,92234,8613-1149-1,458233727,9.6,B9.5/A0 V,159.3978,-59.1353,Car
CP-59 2347,ASW   615,305382,,461029358,9.6,"B2 V,e",159.4774,-60.5190,Car
CP-58 2461,HEN   462,92406,8613-763-1,458267524,9.05,Be*,159.6976,-58.7255,Car
CP-56 3611,HEN   463,303143,8609-518-1,458372467,9.2,Be*,159.7423,-57.5903,Car
CP-57 3627,HEN   464,92420,8609-973-1,458373790,8.7,"B1 V,e",159.7471,-57.7781,Car
CP-58 2486,,303216,8613-983-1,458400554,9.4,"B1 V,e",159.8453,-59.5866,Car
CP-57 3671,MWC   209,92714,8626-226-1,458538177,9.4,"B2 V,e",160.2661,-58.5700,Car
CP-57 3674,HEN   469,92759,8622-429-1,458531963,10.1,"B2 V,e",160.3546,-57.6719,Car
CP-60 2160,MWC   210,305483,8957-2763-1,390190717,9.2,Be*,160.3438,-60.7752,Car
CP-79  548,,93237,9418-2651-1,394728064,5.97,B5 IV,160.4660,-79.7832,Cha
CP-58 2637,MWC   213,93190,8626-877-1,458852827,8.57,"B0: IV:,ep",161.0821,-59.2828,Car
CD-32 7625,,93383,7190-191-1,54353261,8.5,Be* sh,161.6047,-33.3246,Ant
CP-56 3773,HEN   484,93442,8622-1758-1,458962112,9.3,B8,161.5307,-56.7587,Vel
CP-59 2677,,305560,8957-1617-1,391522904,9.8,B1.5 V e,161.6176,-60.5633,Car
CP-54 4029,HEN   489,93561,8618-1665-1,459088023,9.0,B1 III: nne,161.7478,-54.8307,Vel
CP-56 3800,,93563,8622-3779-1,459065293,5.23,B8/B9 III,161.7397,-56.7568,Vel
CP-57 3793,HEN   490,93597,8622-220-1,459042546,8.5,B6 V,161.7715,-57.9599,Car
CP-56 3812,,93618,8622-1017-1,459132453,9.1,"B2 V,e",161.8421,-57.1670,Car
CP-62 1750,,,8961-572-1,391733334,,"B3 V,e",161.8638,-62.7251,Car
CP-59 2712,HEN   492,93683,8957-2047-1,391643922,7.89,B1 V nep,161.9121,-60.6174,Car
CP-60 2295,HEN   497,305635,8957-4167-1,465008325,9.2,"B2 V,e",162.0461,-60.6901,Car
CP-60 2324,HEN   504,305627,8957-3929-1,465213677,9.3,"B1 III,e",162.7909,-60.6923,Car
CP-61 1927,HEN   505,94288,8958-2421-1,465223758,9.4,B4 V,162.9204,-61.6931,Car
CP-57 3939,HEN   515,94509,8627-2299-1,459699513,9.4,Be* sh,163.3634,-58.4234,Car
CP-57 3968,HEN   522,303534,8623-191-1,459807846,9.2,"B3 V,e",163.5906,-58.0701,Car
CP-59 2827,,94648,8627-328-1,459821914,9.76,"B2 V,e",163.6094,-59.8624,Car
CP-59 2854,ASW   689,,8958-1950-1,465736884,9.8,"B3 III,e",163.9803,-60.2393,Car
CP-59 2860,MWC   216,94910,8958-3996-1,465734733,6.96,"B2: ,ep",164.0480,-60.4532,Car
CP-60 2412,ASW   699,95043,8958-198-1,465769839,9.3,B8/B9 III,164.3049,-60.7172,Car
CP-59 2877,HEN   531,,8627-1832-1,465740584,9.8,"B3 V,e",164.3225,-59.9614,Car
CP-60 2420,HEN   533,305827,8958-2325-1,465779698,9.4,"B2 V,e",164.4159,-61.6587,Car
CP-61 2006,HEN   539,308104,8962-924-1,465970145,10.9,"B2 V,e",164.7464,-61.9267,Car
CP-54 4246,HEN   548,95612,8619-2012-1,304644439,9.8,B7 IV,165.3179,-55.5865,Vel
CP-59 2964,,95826,8958-4572-1,466295244,8.5,B5 V:,165.6012,-60.5172,Car
CP-60 2473,,305891,,,9.2,"B3 V,e",165.6207,-60.8178,Car
CP-58 2969,HEN   555,303763,8627-2220-1,304992548,10.5,Be*,165.7108,-59.3179,Car
CP-61 2046,HEN   559,95972,8958-887-1,466353921,8.76,"B2 V,e",165.7905,-61.7688,Car
CP-60 2506,HEN   565,306016,8958-3179-1,466527712,9.2,"B2 V,e",166.2523,-61.3941,Car
CP-56 4183,HEN   564,303776,8623-135-1,305816755,9.8,"B2 V,e",166.2779,-57.5097,Car
CP-61 2064,HEN   567,96357,8958-2264-1,466628058,9.1,B1.5 V ne,166.3676,-61.8451,Car
CP-52 4214,,96485,8615-373-1,81079078,10.2,B8/9 II/III,166.6030,-53.3547,Cen
CP-63 1835,ASW   736,,8966-1305-1,,9.6,"B1 V,e",166.6499,-64.2376,Car
CP-58 3150,HEN   580,96685,8628-398-1,306501673,10.0,B8,166.8394,-58.7067,Car
CP-55 4148,HEN   583,96728,8624-1580-1,306624254,8.22,B8 V(n),166.9196,-56.6604,Cen
CP-56 4230,HEN   585,96788,8624-2797-1,,10.2,B8/9 (IIp shell),167.0068,-56.7905,Cen
CP-56 4232,HEN   587,96822,8624-168-1,306839025,9.3,B8 IV/V,167.0405,-57.5333,Car
CP-70 1310,HEN   592,,9216-2516-1,400713387,10.7,Be*,166.9877,-70.9094,Car
CP-55 4156,HEN   588,96864,8624-1799-1,306832872,8.9,B1.5 IV ne:p,167.1200,-56.4848,Cen
CP-67 1661,HEN   594,97032,9212-3434-1,400722499,9.7,"B9 V,n",167.2139,-68.3521,Car
CP-60 2566,HEN   595,306085,8959-1224-1,466880435,9.3,"B2 V,e",167.3271,-60.7117,Car
CP-60 2567,HEN   596,306111,8959-482-1,467027607,10.1,"B2 V,e",167.3325,-61.1006,Car
CP-59 3100,MWC   217,97151,8959-1102-1,467059272,7.74,"B2 V,e",167.5097,-60.0949,Car
CP-59 3142,HEN   609,306145,,,9.55,"B2: V,ne",167.8314,-59.9192,Car
CP-62 1912,HEN   611,97382,8963-1652-1,467199933,10.1,B6,167.8629,-63.2056,Car
CP-70 1338,,97535,9229-2879-1,401354555,7.2,B7 V n,168.0242,-71.2172,Car
CP-56 4307,HEN   614,97580,8624-2330-1,450029947,8.77,B8 V,168.2537,-57.0349,Cen
CP-60 2696,HEN   618,306205,8959-863-1,467409163,10.05,B0 II,168.3795,-61.2617,Car
CP-60 2697,HEN   619,306209,8959-846-1,467408384,9.3,"B1 V,e",168.3947,-61.3445,Car
CP-57 4451,HEN   620,97726,8628-1373-1,450276053,10.2,B9,168.4648,-58.6104,Car
CP-55 4230,HEN   623,97792,8620-1856-1,450192104,8.04,"B2/B3 V,nne",168.5835,-56.0471,Cen
CP-59 3242,HEN   625,306267,8959-2595-1,467456980,9.7,Be*,168.6832,-60.3695,Car
CP-55 4249,HEN   627,98001,8624-3016-1,450511999,8.9,"B6 V,e",168.8765,-56.6610,Cen
CP-60 2829,HEN   638,98624,8959-1985-1,468074636,9.77,"B1: V,ne",170.0221,-61.2326,Car
CP-62 1977,HEN   643,98876,8963-353-1,468195912,9.5,"B5 V:,n",170.4766,-63.4866,Cen
CP-60 2867,HEN   645,98927,8959-2356-1,281643356,9.23,B1 III: nne,170.5825,-61.0731,Cen
CP-52 4507,HEN   644,98922,8617-657-1,272956728,6.7,"B9 V,e",170.6323,-53.3698,Cen
CP-58 3566,HEN   649,99146,8629-717-1,451280762,8.1,B0.5 IV ne,170.9705,-59.3043,Cen
CP-60 2920,HEN   652,99354,8959-1599-1,315830698,8.94,"B1 III,ne",171.3072,-61.2765,Cen
CP-58 3605,,99467,8629-1172-1,451445219,7.5,B9 II/III,171.5055,-59.3524,Cen
CP-62 2026,HEN   656,99771,8976-698-1,316792722,8.5,"B7 V,n",171.9875,-62.8050,Cen
CP-56 4564,HEN   661,304395,8625-369-1,451875177,9.1,Be*,172.7856,-57.2472,Cen
CP-62 2075,HEN   662,100199,8976-4559-1,317795621,8.17,B1 III,172.7790,-62.9466,Cen
CP-67 1758,HEN   666,100324,9225-635-1,280672231,8.6,B2 III ne,172.9615,-68.0573,Mus
CP-69 1557,HEN   672,100546,9229-2446-1,280773136,6.8,"B9 V,ne",173.3569,-70.1948,Mus
CP-53 4637,,100673,8630-2190-1,452163402,4.62,B9 V,173.6909,-54.2641,Cen
CP-60 3122,HEN   680,,,290681844,10.0,"B3 ,nep",174.0368,-61.6452,Cen
CP-60 3126,HEN   679,,8972-2265-1,290681684,9.26,"B1.5 V,n",174.0452,-61.6285,Cen
CP-44 5615,HEN   686,101142,8215-155-1,429143022,8.4,B5 III,174.5209,-45.1387,Cen
CP-62 2167,,,8976-5041-1,319936432,10.7,B3 V ne:,174.5858,-63.3438,Cen
CP-62 2184,,308829,8976-5333-1,320228013,10.7,B6 V e,174.7369,-63.4772,Cen
CP-59 3681,HEN   692,101412,8972-1154-1,320547523,9.2,B9.5 V,174.9351,-60.1739,Cen
CP-61 2541,HEN   696,101794,8976-4402-1,322078735,8.68,B1 IV ne,175.6080,-62.4767,Cen
CP-59 3727,HEN   697,306962,8642-756-1,322233181,9.64,"B ,nnep",175.6505,-59.9770,Cen
CP-71 1274,HEN   702,101915,9234-2479-1,454753529,8.7,"B8 V,n",175.7816,-72.4451,Mus
CP-68 1561,HEN   704,102154,9226-2896-1,296592061,9.7,B5 II/III,176.2585,-69.3664,Mus
CP-61 2594,HEN   705,102189,8977-9204-1,323325708,9.0,B5,176.3259,-61.9214,Cen
CP-63 1963,HEN   707,102352,8981-2956-1,323613746,9.92,"B2: V:,ne",176.6195,-64.0624,Cen
CP-63 1964,HEN   709,102369,8981-1368-1,323612875,10.1,B8/B9 II/III,176.6496,-64.1549,Cen
CP-40 5372,HEN   710,102383,7749-1080-1,454081779,9.7,"B6 V,ne",176.7338,-41.2926,Cen
CP-58 3843,HEN   713,102423,8643-599-1,268351249,8.9,B9.5/A0 V,176.7784,-59.0557,Cen
CP-61 2636,HEN   715,102567,8977-7939-1,324268119,9.25,"B1 V,ne",177.0003,-62.2066,Cen
CP-63 1986,HEN   720,102742,8981-4227-1,325237845,10.3,"B3 V,e",177.3619,-64.6220,Cen
CP-63 1988,MWC   218,102776,8981-4409-1,325170579,4.32,B3 V,177.4215,-63.7881,Cen
CP-57 5086,HEN   727,307350,8643-941-1,301435200,9.8,Be*,178.5026,-58.5206,Cen
CP-59 3929,HEN   730,103514,8973-2435-1,305629042,9.4,B6,178.7461,-60.3059,Cen
CP-63 2036,,103574,8977-310-1,305896243,8.0,B2 V,178.8400,-63.7031,Cen
CP-70 1445,HEN   733,103715,9234-2316-1,411263603,9.08,B0/3 ne,179.1187,-71.6518,Mus
CP-60 3532,HEN   736,103872,8973-1861-1,306419817,8.8,"B5 ,e",179.3957,-61.5496,Cru
CP-59 3974,HEN   738,104011,8973-2064-1,307100246,9.2,"B4: ,e",179.6360,-60.6562,Cru
CP-77  774,HEN   741,104237,9416-1289-1,357040880,6.5,Be*,180.0230,-78.1921,Cha
CP-60 3621,HEN   745,104552,8974-1031-1,378812108,9.2,Be*,180.5976,-61.4510,Cru
CP-58 4033,HEN   746,104582,8644-737-1,376480349,9.4,B8/B9 II/III,180.6483,-59.3368,Cru
CP-69 1630,,105027,9231-1287-1,311730985,9.0,B9.5 V,181.3875,-69.9129,Mus
CP-60 3739,ASW   937,,8974-1259-1,380224370,9.92,Be*,181.6721,-61.2556,Cru
CD-49 6813,,105382,8241-3234-1,333670665,4.47,"B2 III,ne",182.0223,-50.6608,Cen
CD-50 6697,MWC   219,105435,8241-3235-1,333670784,2.6,"B2 IV,ne",182.0898,-50.7219,Cen
CD-40 7128,HEN   754,105521,7759-1305-1,134653865,5.48,B3 IV,182.2275,-41.2311,Cen
CP-63 2166,MWC   220,105675,8982-4317-1,381257866,9.25,B2 IV nne,182.5051,-64.0005,Cru
CP-63 2172,HEN   758,105753,8982-2300-1,381747495,9.11,B2 IV ne,182.6247,-64.0999,Cru
CD-62  623,HEN   762,,8978-2545-1,382396569,,B3 V: ne,183.1774,-63.5993,Cru
CP-63 2198,HEN   764,106262,,382611398,10.3,B8/B9 V,183.4305,-63.7225,Cru
CP-58 4174,HEN   765,106309,8645-2059-1,390071999,7.83,"B5 V,e",183.5070,-59.3964,Cru
CP-63 2219,HEN   770,106730,8982-305-1,308760236,8.35,B1 III ne,184.1530,-64.5162,Cru
CP-55 4964,HEN   771,106793,8641-1826-1,405387285,9.68,"B8/B9 II/III,e",184.2491,-56.4067,Cru
CP-60 3892,HEN   773,106960,8975-3998-1,309184049,9.2,B8 II/III,184.5459,-61.4883,Cru
CP-65 1843,HEN   777,107302,8987-1131-1,314632352,9.3,B8/B9 IV/V,185.1252,-66.3081,Mus
BD-21 3514,MWC   221,107348,6108-1477-1,423528378,5.21,"B8 V,n",185.1414,-22.2149,Crv
CP-62 2708,,107609,8979-2108-1,311334494,9.3,B8/9 IV,185.5808,-63.6595,Cru
CP-58 4266,,108051,8645-1236-1,270991656,9.5,B8 III,186.2896,-59.6603,Cru
CP-60 3989,HEN   790,108295,8975-2133-1,450609787,9.41,B2/3 (V)n,186.7180,-60.7534,Cru
CP-63 2291,HEN   792,108418,8983-1435-1,450726617,9.4,"B5 V:,n",186.9416,-64.5772,Cru
CP-61 3212,,,8975-3742-1,450826315,,B2 IV ne,187.1557,-61.8529,Cru
BD+70  703,MWC   222,109387,4394-1870-1,148917425,3.87,B5 IV:,188.3728,+69.7878,Dra
CP-63 2356,ASW   989,,8996-705-1,180092491,10.39,"B2 V,e",188.8885,-64.2204,Cru
CP-60 4204,ASW   994,,8988-2752-1,338532011,10.32,"B2 V,e",189.6509,-61.2532,Cru
CP-74  955,HEN   802,109857,,360632151,6.49,"B8 V,n",189.8120,-75.3698,Mus
CP-67 2033,,110007,9228-549-1,327936191,9.8,B8/9 V,189.9943,-67.9521,Mus
CP-59 4393,MWC   223,110335,8659-3106-1,405520863,4.93,B6 IV,190.4860,-59.6855,Cru
CP-62 2898,MWC   224,110432,8992-1861-1,433936219,5.31,Be*,190.7096,-63.0584,Cru
CP-58 4468,HEN   816,110699,8659-1671-1,419585280,9.8,"B9.5: V:,n",191.1436,-59.1475,Cru
CP-61 3352,,110625,8992-675-1,434244626,9.6,B8/9 III,191.0390,-62.4737,Cru
CP-59 4423,HEN   818,110863,8988-1897-1,460703129,9.3,B2 III: nep,191.4747,-60.5510,Cru
CP-61 3367,,111054,8992-236-1,369312341,9.6,B7 III/V,191.8596,-62.5435,Cru
CP-60 4306,,111363,8988-1196-1,434998753,9.0,B3 III,192.3644,-60.6985,Cru
CP-59 4480,,111408,8988-1569-1,435101969,9.3,B7 IV,192.4384,-60.5132,Cru
CP-66 1982,,111906,9001-465-1,334340249,9.5,B3/5 III/V,193.4234,-67.4041,Mus
CP-59 4546,HEN   833,,8989-2082-1,436272343,9.76,"B2 IV,ne",193.4198,-60.3955,Cru
CP-56 5487,MWC   225,112091,8656-3487-1,261862960,5.17,"B5 V,ne",193.6539,-57.1680,Cru
CP-58 4584,,112078,8660-2695-1,261993378,4.62,"B4 V,n",193.6639,-59.1460,Cru
CP-51 5612,ASW  1033,112107,8257-17-1,168505959,10.0,"B9.5 V,n",193.6721,-52.4835,Cen
CP-58 4589,HEN   838,112147,8660-2400-1,261992444,8.9,"B0: IV:,ep",193.7851,-59.0181,Cru
CP-58 4615,HEN   842,112512,8660-600-1,253110498,8.5,B7 III,194.5035,-59.0840,Cen
CP-59 4639,HEN   845,112825,8660-1131-1,253177102,9.8,"B1.5 IV,e",195.0989,-59.6855,Cen
CP-48 5215,HEN   847,,8254-1269-1,404152871,10.0,Be*,195.3239,-48.8879,Cen
CP-59 4651,,112999,8989-68-1,438877747,7.3,B6 III(n),195.3954,-60.6712,Cen
CP-58 4642,,112927,8660-1331-1,253227061,9.2,B9/A0 III,195.2578,-58.7358,Cen
CP-70 1553,MWC   226,113120,,336343562,6.03,"B1.5 III,ne",195.7726,-71.4755,Mus
CP-58 4661,,113260,8660-634-1,253304151,9.3,B8/9 III,195.8618,-59.2067,Cen
CP-56 5566,HEN   857,113573,8656-3330-1,253380837,8.77,B4 V,196.3872,-56.8513,Cen
CP-61 3445,HEN   858,113605,8993-447-1,440399815,9.5,"B2/B3 ,ne",196.4936,-62.2367,Cen
CP-70 1567,MWC   227,114200,9245-106-1,337706541,8.47,B1 III ne,197.7237,-70.8093,Mus
CP-54 5472,HEN   871,114441,8653-1640-1,406341244,8.03,"B2 IV,ep",197.8724,-55.3564,Cen
CP-62 3042,HEN   870,114424,8994-312-1,442392095,10.4,"B8 II,ne",197.9170,-62.8656,Cen
CP-60 4518,HEN   873,,8990-2182-1,442842826,10.39,"B1 ,ne",198.1737,-61.0182,Cen
CP-62 3083,HEN   877,114757,8994-3623-1,442954238,9.28,B6/8 V(e),198.4663,-63.5859,Cen
CP-62 3090,HEN   879,114800,8994-2766-1,442951751,8.01,B2 IV ne,198.5480,-63.3733,Cen
CD-37 8461,HEN   882,114981,7774-1667-1,,7.12,B5 V,198.6695,-38.6516,Cen
CP-60 4551,,,8990-1366-1,443136657,9.5,B1 III ne,198.7918,-60.9665,Cen
CP-61 3546,HEN   885,115114,8990-217-1,443203536,9.64,Be*,199.0669,-61.7619,Cen
CP-58 4790,,115532,8661-1977-1,262119058,8.9,B6/7 V,199.7166,-59.2222,Cen
CP-62 3174,HEN   891,115746,8994-3012-1,449459169,9.2,B3 IV,200.1478,-63.4116,Cen
CP-59 4914,,115805,8674-2593-1,449510152,9.71,"B1: V,nne",200.1985,-59.9904,Cen
CP-65 2317,HEN   896,116421,9002-910-1,340443779,9.2,"B7 V,n",201.2982,-65.9099,Mus
CP-65 2318,HEN   897,116422,9002-1132-1,340439571,9.6,B5(ep shell),201.3221,-66.4538,Mus
CP-62 3270,MWC   228,116781,8995-3220-1,313074666,7.8,B0 III ne,201.8542,-62.6487,Cen
CP-65 2335,HEN   900,116849,9003-1626-1,340853880,9.2,"B1 V,ep",202.0304,-66.2795,Mus
CP-60 4687,,116875,8991-3149-1,312909005,7.3,B8 V,202.0054,-61.0626,Cen
CP-61 3706,,116827,8995-2784-1,312931751,10.5,B2/5 V n,201.9075,-62.1258,Cen
CP-60 4708,,,8991-4714-1,313955481,10.1,B1.5 V: ne,202.3929,-61.1919,Cen
CP-64 2428,HEN   902,117111,8999-53-1,314272739,7.7,B2 III ne,202.4774,-65.5015,Mus
CP-68 1937,HEN   903,117172,9246-590-1,341056811,9.1,B9 II/III,202.6720,-69.6142,Mus
CP-61 3760,,117357,8991-4674-1,315036866,8.95,B0.5 III ne,202.8148,-61.7319,Cen
CP-52 6535,HEN   909,117411,8662-158-1,420003853,9.0,B8 V,202.8173,-53.0960,Cen
CP-62 3394,HEN   918,118094,8995-1533-1,317666530,7.9,B8 V(n),204.0876,-63.1454,Cen
CP-68 1962,HEN   920,118325,9243-16-1,342497524,8.4,B8 III,204.6491,-69.2935,Mus
CP-72 1431,HEN   921,118655,9251-204-1,395229972,9.7,"B9.5 V,n",205.2935,-72.7059,Mus
CP-66 2309,HEN   926,119423,9016-519-1,343522290,7.5,"B4: V,ne",206.3272,-66.7542,Mus
CP-62 3565,HEN   928,119682,9008-4119-1,323077171,7.98,Be*,206.6357,-62.9227,Cen
CP-57 6275,HEN   929,119835,8672-1401-1,207580161,7.9,B8/9 II/III(n),206.7805,-57.6748,Cen
CP-57 6286,HEN   930,119958,8672-1739-1,207633164,10.1,B8 V,206.9997,-57.6949,Cen
CP-61 4023,,119940,9008-3471-1,380838940,9.7,B8 V,207.0538,-62.4823,Cen
CD-41 8172,MWC   229,120324,7797-2743-1,243647020,3.04,"B2 IV-V,e",207.4043,-42.4733,Cen
CP-59 5225,HEN   934,120330,8676-1771-1,207881543,7.8,"B2/B3 V,nne",207.6089,-59.7477,Cen
CP-63 3004,,120417,9012-939-1,299035061,8.9,B9 IV n,207.8099,-63.8896,Cen
CP-65 2496,HEN   936,120526,9016-1391-1,448078023,8.8,B9 III(n),208.0722,-66.4040,Cir
CP-57 6361,,120766,8676-164-1,208313955,10.1,B8/9 III,208.2753,-58.2962,Cen
CD-38 8883,HEN   940,120958,7790-2308-1,166703712,7.61,"B3 V,ne",208.3675,-39.0567,Cen
CD-46 8931,MWC   230,120991,8267-3170-1,307225534,6.1,"B2 III,e",208.4876,-47.1276,Cen
CP-69 1956,HEN   943,121045,9247-447-1,448205731,9.8,B8/9 V(n),208.9854,-69.6162,Cir
CP-60 5093,HEN   946,121195,9004-3663-1,324252945,9.0,B8 IV(n),208.9748,-61.5030,Cen
CP-59 5310,HEN   948,121556,8676-3809-1,325273334,9.0,B2 IV nep,209.4906,-59.8846,Cen
CP-63 3099,HEN   956,122282,9013-809-1,327913813,9.0,"B6: ,p sh",210.7815,-63.8365,Cen
CP-58 5340,HEN   958,122450,8677-402-1,209829040,9.26,B2 III e,210.9655,-59.4627,Cen
CP-64 2703,HEN   960,122597,9013-478-1,328770903,9.3,"B7 V,n",211.3097,-65.5919,Cir
CP-61 4317,HEN   961,122669,9009-1997-1,329060936,8.96,B1 III: e,211.3419,-62.5071,Cen
CP-61 4318,,122691,9009-2487-1,329059929,9.2,B1: V nne,211.3550,-62.5873,Cen
CP-58 5367,,123042,8677-144-1,,9.1,B8/9 IV,211.8304,-59.5111,Cen
CP-60 5199,HEN   963,123131,9005-1644-1,330435560,8.0,B6/B7 V,211.9864,-61.5085,Cen
CP-63 3141,HEN   965,123207,9013-371-1,330719215,8.9,B6 V(n),212.1670,-64.1900,Cen
CP-59 5420,,123296,8677-2318-1,210506327,8.7,B8/9 V,212.1874,-59.7168,Cen
CP-56 6206,MWC   231,124367,8686-3021-1,409358619,5.07,B5: V nne,213.7383,-57.0853,Cen
CP-64 2793,,124489,9013-812-1,335092511,9.3,B8 IV/V,214.1135,-64.7802,Cir
CP-73 1267,HEN   981,124834,9256-2198-1,396688762,6.5,B3 III/IV,214.9899,-73.9681,Aps
CP-58 5464,HEN   984,125015,8690-1033-1,413350702,7.28,"B7 V,n",214.7118,-58.6860,Cen
CP-57 6592,HEN   987,125106,8690-1535-1,413296783,10.9,B2 V,214.8108,-58.4424,Cen
CP-65 2681,HEN   988,125159,9018-455-1,448962730,10.0,B2 V e,215.1266,-66.1200,Cir
CP-82  601,HEN   980,124639,9509-307-1,282406261,6.42,B8 V,216.0968,-82.8480,Aps
CP-60 5353,HEN   993,126004,9006-2129-1,383542260,9.4,"B3 V,ne",216.3094,-61.3213,Cen
CP-54 6015,,126527,8683-1689-1,263875550,9.2,B8 V,216.9852,-55.4693,Lup
CP-69 2054,,126508,9261-214-1,360372114,8.4,B9 IV/V,217.3905,-70.2382,Cir
CP-63 3268,HEN  1000,126693,9014-2040-1,389217256,9.8,B2 V e,217.4262,-64.1654,Cen
CP-51 6898,HEN  1003,126986,8290-215-1,457546452,9.7,B9/A0 V(nn),217.6352,-52.2554,Lup
CP-58 5576,HEN  1004,127112,8691-2893-1,291429783,9.3,B7 III,217.9415,-58.8891,Cen
CP-58 5594,HEN  1006,127449,8691-1929-1,292674898,7.6,"B2/B3 V,n",218.4032,-58.8205,Cen
CP-56 6312,HEN  1008,127515,8687-1227-1,292550464,9.7,B7/8 Vn(e),218.4691,-56.7450,Cen
CP-63 3303,HEN  1007,127489,9015-479-1,394060863,9.4,B2 IV e,218.6217,-64.2019,Cen
CP-56 6326,HEN  1011,127782,8687-1357-1,411643280,9.42,B8 V,218.8218,-56.7706,Cen
CP-60 5437,HEN  1010,127756,9007-747-1,395429445,7.58,B1 III ne,218.8890,-61.0079,Cen
CD-41 8917,MWC   232,127972,7814-3706-1,128116539,2.31,"B1.5 V,n",218.8774,-42.1569,Cen
CP-67 2622,MWC   233,128293,9257-434-1,257376141,6.76,"B3 V,ne",219.8822,-68.2032,Cir
CP-61 4659,HEN  1017,128477,9011-2348-1,399990331,10.8,B8/B9 IV/V,219.9023,-61.9840,Cen
CP-59 5679,HEN  1018,128588,8692-571-1,401635731,9.0,"B3 V,ne",220.0227,-59.9309,Cen
CP-55 6136,,129285,8688-1415-1,188990976,9.7,B9 V,220.9748,-56.3564,Cir
CP-55 6162,,129772,8688-1283-1,191312952,8.6,B7/9 III p,221.6533,-56.4184,Cir
CP-44 6953,HEN  1028,,8279-599-1,383763886,10.15,"B6 V,e",221.7291,-45.2325,Lup
CP-65 2871,HEN  1027,129842,9019-889-1,293290586,8.4,B8/B9 IV/V,222.0017,-65.7398,Cir
CP-66 2645,HEN  1029,129954,9019-918-1,258704817,5.91,B2.5 V,222.1853,-66.5934,Cir
CP-59 5734,HEN  1031,130437,9007-5277-1,294553294,9.82,Be*,222.7101,-60.2848,Cir
CP-51 7214,HEN  1033,130534,8292-174-1,250213274,8.84,B5 V:,222.6721,-52.2645,Lup
CP-56 6459,ASW  1258,130574,8688-1113-1,413216957,11.1,B9.5 IV/V,222.8042,-57.4492,Cir
CP-63 3433,,130648,9028-1358-1,294920971,9.3,B9.5 III,223.0879,-63.7901,Cir
CP-40 6733,HEN  1034,130903,7824-1432-1,160401972,7.5,Be*,222.9899,-40.8053,Cen
CD-45 9492,HEN  1037,131168,8280-2896-1,455389730,7.05,"B3 V,e",223.3421,-45.8553,Lup
CP-62 4337,HEN  1038,131492,9024-1862-1,296969980,5.11,"B4 V,np",224.1834,-62.7806,Cir
CP-72 1644,HEN  1042,131891,9266-858-1,402858494,8.1,Be* sh,225.2830,-72.7187,Aps
CP-60 5634,HEN  1048,133495,9020-2256-1,454559349,8.6,B3 V(n),226.8754,-60.7763,Cir
CP-61 4838,HEN  1050,133738,9025-1827-1,454778372,6.96,B2 V e,227.2634,-61.8872,Cir
CD-48 9704,,134481,8298-4184-1,125080827,3.87,B9 V,227.9853,-48.7369,Lup
CP-53 6337,HEN  1055,134484,8694-968-1,126125347,8.3,B9 III,228.0814,-53.6574,Lup
CP-65 3001,HEN  1054,134401,9033-2403-1,262081838,8.9,B2 IV nnep,228.2984,-65.9692,TrA
CP-50 7705,HEN  1056,134671,8306-1781-1,126460390,10.0,B7 II,228.2585,-50.7348,Lup
CP-57 6960,HEN  1059,134958,8706-14-1,42753726,8.08,B1 III ne,228.8171,-58.1724,Cir
CP-60 5698,MWC   234,135160,9021-1982-1,455463415,5.73,B0.5 V,229.1524,-60.9037,Cir
CP-56 6667,HEN  1061,135354,8702-911-1,43708176,9.1,"B8 V,n",229.2876,-57.0284,Cir
CD-47 9860,,135734,,144028101,4.27,B8 V,229.6330,-47.8739,Lup
CP-66 2752,HEN  1063,135570,9033-3159-1,263017141,8.4,B6/B7 V,229.9414,-67.1905,TrA
CP-61 4896,HEN  1065,,9025-294-1,455809360,9.63,B1.5 V e,230.0397,-62.2511,Cir
CP-54 6469,HEN  1066,136250,8699-1076-1,46211527,11.1,"B7 V,n",230.5094,-55.2458,Nor
CP-49 8031,HEN  1068,136556,8303-1041-1,138187342,9.6,B1 V ne,230.8337,-50.1159,Lup
CP-63 3586,,136860,9030-3070-1,456446715,8.4,B8 IV,231.6245,-64.2122,TrA
CP-53 6483,HEN  1069,136968,8695-2105-1,141037731,8.3,"B5 V,ne",231.4798,-53.7708,Lup
CP-60 5810,HEN  1070,137380,9022-607-1,460976315,9.4,B9 II/III,232.1963,-60.7077,Cir
CD-4410140,HEN  1072,137518,8295-1012-1,151131426,7.9,B1 III nep,232.0732,-45.1342,Lup
CP-72 1802,MWC   235,137387,9271-2376-1,425657630,5.49,"B1 ,nep",232.8784,-73.3891,Aps
CP-50 8120,HEN  1075,137836,8307-1317-1,146454560,9.0,"B8 V,n",232.5999,-51.1098,Nor
CP-60 5874,HEN  1076,138131,9022-605-1,271614171,9.2,"B6 V,ne",233.2970,-60.9087,TrA
BD+31 2750,MWC   237,138749,,16887256,4.14,"B6 V,nn",233.2323,+31.3588,CrB
CP-56 6798,HEN  1078,138477,8704-2150-1,285187855,8.4,B7 III,233.7702,-56.9837,Nor
CP-66 2798,HEN  1080,138539,9034-14-1,263313977,8.9,B7 IV/V,234.1774,-66.5472,TrA
CP-57 7133,HEN  1083,139314,8704-219-1,278313134,10.16,Be*,235.0711,-58.0631,Nor
CD-4210636,HEN  1084,139431,7844-1601-1,254340855,7.4,"B5 V,e",234.9403,-42.7669,Lup
CP-58 6154,,139491,,279307075,8.5,B9 IV,235.3471,-58.7743,Nor
CP-49 8451,HEN  1087,139790,8304-641-1,190558492,8.8,B3 III ne,235.5826,-49.9976,Nor
CP-67 2947,HEN  1089,140114,9035-1453-1,426838801,9.56,B8/B9 III,236.5537,-67.4434,TrA
CP-58 6277,HEN  1091,140336,8708-1471-1,70966650,9.7,B1: III nne,236.5130,-58.9518,Nor
CP-56 6903,,140843,8705-1695-1,76556351,8.4,B5 III/IV,237.1614,-57.1033,Nor
CP-54 6686,HEN  1098,140883,8701-107-1,75708438,11.1,"B6: V,nn",237.1562,-54.8611,Nor
CP-54 6687,HEN  1099,140926,8701-161-1,75708361,8.0,B2 IV ne,237.1995,-54.3953,Nor
CP-59 6345,HEN  1100,140946,9023-427-1,424884512,9.2,B2 IV ne,237.3883,-60.1503,Nor
CP-61 5351,HEN  1109,141689,9023-528-1,340878553,9.6,Be*,238.4410,-61.6635,TrA
CP-54 6759,HEN  1110,141926,8701-370-1,84513533,8.6,B2: III: nnep,238.5911,-55.3283,Nor
CD-2312569,,142184,6778-1980-1,220531502,5.42,"B2.5 V,n",238.4826,-23.9774,Sco
CP-54 6802,HEN  1114,142237,8701-997-1,89593655,8.67,B3 IV ne,239.0251,-54.9520,Nor
CP-57 7363,HEN  1116,142349,8705-2715-1,90836305,8.8,B5 IV,239.2813,-57.5799,Nor
BD+42 2652,MWC   584,142926,3060-1881-1,157420220,5.75,B7: e sh,238.8772,+42.5655,Her
BD-13 4302,MWC   239,142983,5623-1368-1,410627159,4.88,B4 III,239.5471,-14.2787,Lib
CP-52 9164,HEN  1127,143140,8710-534-1,274590119,9.7,B8 III,240.2909,-52.7784,Nor
CP-65 3208,ASW  1408,143343,9048-1502-1,343248342,10.0,"B8 V,np",241.0082,-65.6650,TrA
CD-3410700,HEN  1135,143578,7337-694-1,93610704,8.9,Be*,240.6587,-35.2526,Lup
CP-60 6348,MWC   240,143448,9036-2707-1,343376491,7.3,B3 IV,240.9349,-60.4978,TrA
CP-48 8139,HEN  1133,143545,8314-1093-1,275927504,9.0,B1 V: ne,240.7882,-48.7226,Nor
CP-56 7221,HEN  1134,,8718-1416-1,426683285,10.11,Be*,240.9761,-56.5531,Nor
CP-47 7528,HEN  1136,143700,8314-623-1,258306961,8.4,B2 III ne,241.0087,-47.4755,Nor
CP-54 7060,HEN  1139,144320,8714-2117-1,430248409,9.2,B2 IV ep,241.9990,-55.1301,Nor
CP-51 8967,HEN  1144,144555,8323-1125-1,215511795,9.7,B2.5 IV nep,242.2306,-51.9615,Nor
CD-3910338,HEN  1149,144965,7856-121-1,382795601,7.06,Be*,242.5440,-40.1286,Sco
CP-48 8197,,144970,8319-138-1,215983126,9.78,"B0 V,e",242.6971,-49.0217,Nor
CP-53 7250,,145040,8710-1922-1,207162338,9.4,B8 IV,242.9002,-54.3143,Nor
CP-51 9047,,145301,8323-2367-1,267105647,9.6,B9 IV/V n,243.1791,-52.1769,Nor
CP-52 9422,HEN  1162,145846,8323-68-1,410599289,8.77,B2 III: ne,243.9160,-52.3704,Nor
CP-53 7687,,146357,8711-2024-1,314416691,9.8,B3 II/III,244.6623,-53.3188,Nor
CD-4910513,HEN  1169,146444,8319-698-1,314868712,7.71,"B4 V,e",244.6631,-49.4134,Nor
CP-54 7452,HEN  1170,146463,8715-1647-1,208580496,8.2,B2 IV: nep,244.8086,-54.9610,Nor
CD-4910525,HEN  1172,146501,8320-44-1,315207705,7.28,B5/7 (Vn),244.7608,-49.4061,Nor
CP-64 3446,HEN  1168,146381,9045-2395-1,300524274,8.5,B6 III:,245.0548,-64.4975,TrA
CP-57 7866,HEN  1173,146531,8723-42-1,208495676,9.68,B6 III,244.9816,-58.1668,Nor
CP-52 9561,HEN  1175,146596,8711-2092-1,315679257,7.98,B5 IV/V,244.9269,-52.7715,Nor
CP-69 2533,HEN  1177,146755,9273-867-1,362378555,9.5,B3/7 (Vne),245.7694,-69.3511,TrA
CP-52 9731,HEN  1183,147274,8711-1015-1,412140640,8.3,B7 IV e,245.9166,-53.0436,Nor
CP-55 7498,HEN  1184,147302,8715-1941-1,220728104,7.74,"B3 V,ne",246.0051,-55.4533,Nor
CP-64 3476,HEN  1182,147230,9045-318-1,350472809,9.5,B7 V,246.2561,-65.0403,TrA
CP-49 9295,ASW  1476,147580,8320-1260-1,3178733,9.1,B7 V,246.2679,-49.7392,Nor
CP-72 1946,HEN  1185,147320,9282-1122-1,291445431,8.1,B9 IV/V,246.9461,-73.0863,Aps
CD-4510640,MWC   585,147756,8312-2096-1,223994987,8.5,B1.5 V ne,246.4419,-45.5425,Nor
CP-43 7558,HEN  1193,148001,7865-281-1,224802716,9.1,B5 II/III,246.7793,-43.3879,Nor
CP-53 7997,HEN  1192,,8712-2498-1,10536200,9.8,B2.5 IV ne,246.9534,-53.5346,Nor
BD-18 4282,MWC   241,148184,6207-1170-1,204191276,4.42,B1 V,246.7556,-18.4554,Oph
CP-54 7704,ASW  1486,148027,8716-1079-1,221092292,10.2,B9 IV,247.0417,-54.6109,Nor
CP-56 7706,HEN  1194,148028,8720-1742-1,221155177,8.5,B5 IV/V,247.1124,-56.3970,Nor
CD-4410889,,148259,7865-2124-1,225735711,7.4,"B2 V,e",247.2078,-44.8121,Nor
CP-46 8038,HEN  1200,148567,8325-5810-1,226712279,7.7,B1 III ne,247.7611,-46.4791,Nor
CP-50 9475,,148692,8333-799-1,,8.3,B7 V,248.0733,-50.5417,Nor
CP-50 9496,HEN  1206,148877,8337-731-1,22825907,8.5,B7 V: ep,248.4130,-51.2621,Nor
CP-61 5734,HEN  1207,148907,9042-1527-1,324940394,9.4,B6 V,248.8085,-61.8941,TrA
CP-49 9426,,330950,8333-1004-1,25883580,9.64,"B1 V,e",248.6814,-49.5526,Ara
CP-51 9703,HEN  1214,149128,8337-345-1,26311013,9.3,B7 V,248.8465,-52.2516,Ara
CP-41 7521,MWC   862,149313,7862-115-1,229210549,8.7,B2 IV: ne,248.9521,-42.1226,Sco
CP-49 9449,HEN  1219,149298,8333-1429-1,28885389,9.93,"B1: V,e",249.0482,-49.2626,Ara
CP-47 7794,,149568,8329-823-1,231038852,9.4,B5/7 V n,249.4775,-47.3083,Ara
CP-47 7796,HEN  1224,149610,8329-2866-1,31449841,9.05,B5 V,249.5459,-48.2194,Ara
CP-5210092,HEN  1229,149729,8712-1770-1,35311214,9.1,"B2 V,n",249.8481,-52.5357,Ara
CP-51 9804,HEN  1231,149814,8337-341-1,35735021,9.1,B6 IV,249.9574,-52.1207,Ara
CP-68 2789,HEN  1226,149671,9274-4090-1,363748801,5.91,B7 IV,250.3469,-68.2958,TrA
CD-4010594,HEN  1238,150093,7871-2545-1,85001695,7.2,B4 II/III,250.1764,-41.1264,Sco
CP-47 7829,,150230,8330-5353-2,233661535,9.3,"B8,B3 V",250.4692,-47.3797,Ara
CP-46 8138,HEN  1240,150288,8330-1042-1,233563508,8.67,B2 IV: nep,250.5683,-47.0153,Ara
CD-4610952,HEN  1243,150422,8326-723-1,234422456,8.9,B1.5 V ne,250.7812,-46.5063,Ara
CD-4510869,,150533,8326-299-1,234752466,9.47,B0 IV,250.9266,-45.4628,Sco
CP-65 3353,HEN  1241,150336,9050-1573-1,447326426,8.8,"B8 V,n",251.2799,-65.8728,TrA
CD-4411081,HEN  1244,150625,7879-1942-1,234752189,9.8,B8,251.0730,-44.7713,Sco
CP-56 7854,HEN  1247,150930,8721-894-1,344341901,8.9,B7 III,251.8363,-57.0345,Ara
CD-4510941,HEN  1253,151113,,237059039,7.7,B5 II/III,251.8760,-45.4596,Sco
CP-51 9933,HEN  1252,151083,8338-2080-1,51288359,9.2,B1: III nne,251.9641,-51.7674,Ara
CP-45 8157,HEN  1259,328990,8326-3124-1,246189955,10.0,Be*,252.6050,-46.1546,Ara
CP-53 8192,,151743,8713-2153-1,56447057,9.5,B8 IV/V,253.0134,-53.8293,Ara
CP-41 7683,,152060,7876-2298-1,338738989,9.81,B2 IV,253.2496,-41.4070,Sco
CP-50 9753,,152358,8339-241-1,347225198,9.5,B/A shell,253.8538,-50.6361,Ara
CD-5010905,HEN  1282,152478,8339-3558-1,347665026,6.33,"B3 V,nep",254.0367,-50.6744,Ara
CP-48 8919,HEN  1285,152505,8335-1531-1,347529796,9.2,"B2/B3 V,ne",254.0392,-49.0330,Ara
CP-46 8299,HEN  1288,152541,8327-708-1,,7.45,B7 V,254.0599,-46.8484,Ara
CP-39 7162,,,,,9.8,B3 V e,253.8599,-39.4294,Sco
CP-40 7661,AS    215,322422,7872-1119-1,342257745,9.75,"B0.5 III,e",254.3486,-40.3602,Sco
CP-45 8234,HEN  1297,152979,8327-1291-1,121345684,8.18,B2 IV,254.7363,-46.1285,Ara
CD-4211721,MWC   865,,,,11.43,"B ,ep",254.7707,-42.6991,Sco
CP-43 7769,HEN  1303,153199,7880-134-1,121689850,8.12,B3 II/III,254.9872,-43.2206,Sco
CP-49 9714,MWC   244,153222,8335-1898-1,211750828,9.3,B1.5 V ep,255.1195,-49.2538,Ara
CP-42 7590,MWC   588,153295,7877-602-1,121905577,9.1,B1: III e,255.1045,-42.3164,Sco
CP-58 6964,MWC   245,153261,8738-3426-1,171895762,6.11,"B2 IV,ne",255.4472,-58.9578,Ara
CP-58 6965,HEN  1306,153262,8738-1940-1,171896106,7.6,B0/B3 Vnne,255.4747,-59.0474,Ara
CD-2413055,MWC   867,153977,6815-2763-1,20482563,9.47,"B6 V,n",255.9316,-24.8350,Oph
CP-5110144,MWC   246,153879,8340-989-1,212551379,8.5,B2: V ne,256.1834,-51.4080,Ara
CD-3911086,MWC   868,154040,7869-1017-1,347889981,9.9,"B2: V:,e",256.2028,-39.3154,Sco
CP-5210438,HEN  1323,154111,8340-932-1,212806475,8.3,B5 IV/V,256.5627,-52.4821,Ara
CP-48 8995,MWC   248,154154,8332-2492-1,212755033,8.5,B2 IV nne,256.5295,-48.4182,Ara
CD-3611217,MWC   249,154218,7372-606-1,377397497,7.5,B3 IV ne,256.4284,-36.7401,Sco
CP-47 8030,HEN  1326,154170,8332-626-1,,10.1,B9 III,256.5428,-47.4192,Ara
CD-3611221,MWC   250,154243,7372-375-1,377395668,8.1,B2 V ne,256.4698,-36.5877,Sco
CP-44 8236,HEN  1329,154314,7881-617-1,125759847,10.4,B9 II/III,256.7272,-44.7330,Sco
CD-3511320,MWC   251,154450,7373-949-1,42426528,8.6,B1: III nne,256.7712,-35.7585,Sco
CP-49 9764,HEN  1335,154538,8336-840-1,213153401,8.2,B3 V,257.1310,-49.4674,Ara
CD-3811593,MWC   871,154911,7870-360-1,224822835,9.1,B0.5: IV ne,257.5269,-38.6239,Sco
CD-3113694,MWC   872,155349,7365-112-1,46170232,9.52,"B2 V,e",258.0961,-32.1460,Sco
CP-42 7687,HEN  1350,155352,7878-246-1,383162375,8.2,B2 V,258.2515,-42.6333,Sco
CD-4411526,HEN  1354,155436,7882-318-1,216158265,8.9,B0.5 III ne,258.4315,-44.7291,Sco
CP-54 8115,HEN  1353,155438,8727-1014-1,174121793,8.5,"B6: IV,n",258.6385,-54.3698,Ara
CD-3212518,MWC   253,155851,7366-271-1,151690342,8.19,B1 III nne,258.8902,-32.6889,Sco
CD-4211983,MWC   874,155896,,216649528,6.75,"B7 V,e",259.0730,-42.3385,Sco
CP-47 8152,HEN  1364,156008,8345-3046-1,216775415,10.1,B8 IV,259.3774,-47.7391,Ara
CD-4111445,,156172,7878-225-1,216875138,7.9,Be*,259.4984,-42.0601,Sco
CD-3212573,MWC   254,156325,7366-475-1,153803859,6.36,"B5 V,n",259.5847,-32.5528,Sco
CD-3911312,AS    224,156409,7874-809-1,192921848,9.0,B3 IV ne,259.8199,-39.8071,Sco
CD-3711463,MWC   255,156468,7870-1580-1,193960030,7.76,"B1 V,e",259.8503,-38.0033,Sco
CD-3811773,MWC   257,156702,7883-1559-1,195816536,8.72,B2 V ne,260.2105,-38.6522,Sco
CD-2413276,MWC   590,156831,6825-381-1,83027104,9.3,Be*,260.1771,-24.2710,Oph
CD-4711484,MWC   258,157042,8345-4829-1,217667184,5.25,"B2 III,ne",260.8168,-47.4675,Ara
CD-3811806,MWC   877,323154,7883-1694-1,198850776,10.1,Be*,260.7600,-39.0601,Sco
CP-42 7745,MWC   876,157099,7891-810-1,217597679,9.0,B3 IV ne,260.8062,-42.8289,Sco
CP-56 8225,,157246,8736-3857-1,325709821,3.3,B1 V e,261.3484,-56.3772,Ara
CP-63 4103,HEN  1395,157273,9061-3161-1,305090822,8.8,B8/9 V(n),261.6592,-63.8144,Ara
CD-4611530,MWC   259,157832,8346-2916-1,218139464,6.65,"B5 V,nne",261.9778,-47.0258,Ara
BD-16 4526,MWC   260,158319,6235-2651-1,430869304,8.82,Be*,262.3265,-16.5903,Oph
CD-4911511,MWC   261,158427,8350-2600-1,412724758,2.95,"B2 V,ne",262.9610,-49.8748,Ara
CD-2313412,,158643,6826-368-1,191913102,4.81,B9.5 V,262.8537,-23.9618,Oph
CP-58 7170,HEN  1419,158503,8740-384-1,73759997,6.9,"B7: V,nnep",263.2972,-58.5574,Ara
CD-4511660,HEN  1421,158864,8342-4690-1,218854809,8.15,B1 V: nne,263.4856,-45.6266,Ara
CP-45 8715,,159489,8342-1635-1,16902823,8.1,B3 V ep,264.3077,-45.1571,Sco
CD-3511750,MWC   262,159684,7384-16-1,105057494,8.1,B1.5 III e,264.3786,-35.3329,Sco
CD-3213086,MWC   264,160202,7380-725-1,107322894,6.76,"B7 V,e",265.0040,-32.2007,Sco
CD-2813418,,160319,6839-196-1,202029179,7.0,B3 IV ne,265.0997,-28.9224,Oph
CP-46 8851,HEN  1459,160648,8343-1373-1,31753296,7.56,B6 III,265.8507,-46.5877,Ara
BD-18 4629,MWC   885,160886,6252-274-1,238220564,10.1,Be*,265.7962,-18.3016,Oph
CD-2711872,MWC   268,161103,6836-576-1,203766453,8.69,B1: III: nne,266.1907,-27.2287,Sgr
BD+05 3471,,161261,427-1623-1,350327313,8.3,B9 shell,266.0654,+5.7141,Oph
BD- 9 4598,MWC   271,161306,5665-535-1,297298220,8.2,"B0: ,ne",266.2817,-9.8147,Oph
BD- 1 3388,MWC   887,161543,5082-1752-1,46795687,8.6,Be*,266.5630,-1.1496,Oph
CD-2711944,MWC   272,316285,6836-356-1,127217595,8.3,Be*,267.0582,-28.0145,Sgr
CD-2612367,,161756,6836-163-1,127351742,6.35,B4 IV,267.1155,-26.9745,Sgr
CD-2914016,HEN  1486,316341,6840-1414-1,127046056,9.74,"B0.5 V p,e:",267.1480,-29.9578,Sgr
CP-41 8262,HEN  1484,161705,7893-154-1,470251115,8.67,B8 III,267.2535,-41.7127,Sco
CD-3312490,MWC   890,161774,7385-1338-1,113751050,8.6,Be*,267.2135,-33.8619,Sco
CD-3812215,,161807,7885-479-1,470299667,7.01,"B3 V,ne",267.3528,-38.9830,Sco
CD-4711839,HEN  1492,161858,8348-1627-1,21249978,7.4,"B6 V,ne",267.5784,-47.2299,Ara
BD+24 3264,MWC   594,162428,2081-1445-1,423069630,7.0,B7 V n,267.5046,+24.4675,Her
CD-3014810,HEN  1500,316436,7378-39-1,444733961,10.22,"B3: IV:,ep",267.8230,-30.1353,Sco
BD+48 2581,,162732,3515-1274-1,356239023,6.4,B7 V n,267.5138,+48.3935,Her
-28-17489,AS    248,316520,6853-879-1,131099173,10.79,"B5 :IV :e:,nn",268.0096,-28.7499,Sgr
CD-3711948,MWC   892,162352,7886-2848-1,469355762,8.2,B1.5 V ne,268.0765,-37.7500,Sco
CD-2914098,AS    249,316587,6853-718-1,131257915,10.58,"B1 :V :e:,n",268.0563,-29.9311,Sgr
CP-42 8040,MWC   893,162568,7894-2273-1,22688271,8.0,B3 V ne,268.4147,-42.8974,Sco
CD-2413584,,162717,6841-1483-1,131887771,9.35,B2 III,268.3578,-24.2651,Sgr
CD-2413585,MWC   273,162718,6845-340-1,131894593,8.73,"B ,ep V",268.3679,-24.7740,Sgr
CD-2914172,AS    253,316568,6853-1922-1,133456419,9.76,"B2 IV-V:,ep",268.6767,-29.7295,Sgr
CD-4611959,HEN  1520,163007,8344-1290-1,23321922,7.51,"B5 V,e",269.0557,-46.7016,Ara
CD-2813895,MWC   895,163453,6853-2519-1,136017739,9.28,"B0.5: V,ep",269.3574,-28.2545,Sgr
CD-3014987,MWC   276,163454,7378-2406-1,261595315,8.24,B1 IV ne,269.3827,-31.0144,Sco
CP-41 8416,,163435,7894-1443-1,112679272,8.9,B9 III,269.5185,-41.5290,Sco
BD-20 4934,MWC   899,163848,6258-944-1,107503643,8.0,B8 IV-V e,269.7649,-20.0618,Sgr
CD-3312700,MWC   277,163868,7382-1514-1,263585910,7.38,B1.5 V: ne,269.9848,-33.4079,Sgr
CD-4012070,,164050,7903-58-1,326022066,7.5,B8 V,270.2968,-40.3351,CrA
BD+ 4 3570,MWC   278,164284,438-2741-1,404619905,4.64,"B2 V,e",270.0653,+4.3683,Oph
BD+19 3494,MWC   279,164447,1562-30-1,310924317,6.4,"B8 V,n",270.1146,+19.5054,Her
CD-2512642,,164741,6846-529-1,406735523,9.0,B1 III,270.9333,-25.3118,Sgr
CD-2413832,MWC   280,164906,6846-178-1,406820127,7.45,"B1 IV:,ep",271.1074,-24.3857,Sgr
CD-2413845,,164947,,,8.87,B2 V :n:,271.1738,-24.3484,Sgr
CD-3612198,HEN  1579,165063,,,7.3,B5 V ne,271.4349,-36.5787,Sgr
BD-19 4836,MWC   281,165285,6259-2481-1,184288765,9.01,"B0.5 V:,nne",271.4947,-19.9534,Sgr
BD-19 4858,HEN  1598,165783,6272-2074-1,176566841,8.41,B1: V,272.1126,-19.8685,Sgr
CD-2413962,,165921,6843-543-1,248798552,7.8,B0 V e:,272.3238,-23.9881,Sgr
BD-18 4815,MWC   282,166188,6268-2490-1,185659408,9.5,"B2 V:,ep",272.5760,-18.1943,Sgr
BD-20 5020,MWC   596,166443,6276-1009-1,115365400,8.74,"B1 V:,e",272.8510,-20.7121,Sgr
BD-18 4826,HEN  1617,166524,6268-1416-1,116084365,9.94,"B0: V,ep",272.9404,-18.3964,Sgr
BD-15 4856,MWC   284,166566,6264-1790-1,107960463,8.2,B1 II,272.9618,-15.6796,Ser
BD-18 4829,MWC   597,166568,6268-2035-1,116196759,10.4,"B1.5 V:,ep",273.0155,-18.7263,Sgr
BD-15 4861,MWC   285,166666,6264-1849-1,107961805,9.21,"B1 V:,ne",273.0766,-15.5671,Ser
BD-20 5060,MWC   287,312973,6272-19-1,244063177,8.84,"B0: IV:,ep",273.9019,-20.3670,Sgr
BD-18 4865,HEN  1646,167375,6272-454-1,244103353,8.24,B1 IV,273.9400,-18.9513,Sgr
CP-56 8706,,167128,8748-2276-1,118842700,5.33,"B3 III,ep",274.2811,-56.0226,Tel
BD-13 4928,MWC   916,,,114233081,10.1,"B0.5: V:,ne",274.6776,-13.7798,Ser
BD-13 4933,,,5689-949-1,114973120,10.69,B1.5 V,274.7694,-13.8047,Ser
BD-13 4936,MWC   918,,5689-1383-1,114971229,9.7,"B1: V:,ne",274.7956,-13.9448,Ser
CD-2414189,MWC   920,168331,6848-4435-1,48845257,9.3,Be*,275.0411,-24.9430,Sgr
BD+ 5 3704,MWC   601,168797,440-3824-1,168561745,6.13,"B3 V,e",275.3682,+5.4357,Ser
BD+24 3395,MWC   292,168957,2097-1108-1,85053204,7.01,B3 V,275.3654,+25.0562,Her
BD-12 5024,MWC   602,169033,5698-5464-1,119205821,5.7,B8 IV,275.8006,-12.0141,Sct
BD- 9 4713,MWC   926,,,,9.78,"B2: V:,nep",275.9671,-9.8986,Sct
BD-14 5047,MWC   931,,5702-2649-1,176410391,10.26,Be*,276.6635,-14.6405,Sct
BD-19 5007,MWC   296,169805,6274-832-1,138274038,8.8,B1.5 III: nnpe,276.7996,-18.9530,Sgr
BD-14 5062,MWC   298,170061,5702-193-1,204253248,9.3,"B0: ,nne",277.0026,-14.7061,Sct
CP-5211131,HEN  1701,169999,8371-422-1,389576843,10.6,B8 Vn(e),277.5265,-52.2043,Tel
CD-2513170,MWC   299,170235,6861-2842-1,324063309,6.59,B2 IV nep,277.3417,-25.2560,Sgr
BD-19 5036,,170682,6274-1190-1,186274351,7.92,B7 III,277.8505,-19.1582,Sgr
BD-19 5055,,170835,6275-142-1,186732744,8.8,B2.5 V ne,278.0733,-19.2135,Sgr
BD-11 4667,,,5699-2009-1,216043159,9.8,"B1: V:,ep",278.0788,-11.2895,Sct
BD-14 5102,,171054,5703-2697-1,,9.01,"B1 V,ep",278.2854,-13.9119,Sct
BD+05 3784,MWC   938,171219,454-143-1,416131384,7.7,B7 IV-V e,278.3242,+5.4449,Ser
BD+30 3227,,171406,2624-2082-1,27789031,6.59,B5 V,278.3456,+30.8920,Lyr
CD-2213117,MWC   302,171348,6279-380-3,380213,7.95,B2: V ne,278.8347,-22.0902,Sgr
BD+34 3245,MWC   604,171780,2632-380-1,377680086,6.1,B6 V,278.8058,+34.4571,Lyr
CD-2814778,MWC   943,171757,6866-1880-1,152101942,8.91,B2 V e,279.4170,-27.9849,Sgr
BD-20 5220,MWC   945,172122,6275-943-1,1806204,8.8,B2 IV np,279.8006,-20.3352,Sgr
CD-2213183,MWC   946,172158,6279-783-1,1927612,8.2,B8 III e,279.8754,-21.9652,Sgr
BD-12 5132,MWC   947,172252,5700-654-1,424494906,9.48,"B0 V:,e",279.9157,-11.8782,Sct
CD-2213192,MWC   606,172256,6858-1784-1,2556622,9.0,B1.5 V ne,280.0459,-22.6632,Sgr
BD-13 5073,MWC   949,,5704-797-1,425115568,10.14,"B1: IV:,ep",280.3430,-13.8409,Sct
BD-15 5063,MWC   303,172694,6280-1069-1,425620900,8.12,"B1 V,ne",280.5616,-15.8560,Sct
BD- 7 4689,MWC   304,173219,5125-325-1,163867454,7.81,"B1: V:,nep",281.1387,-7.1100,Sct
BD+01 3766,,173370,451-1386-1,170943910,5.0,B9 V e,281.2073,+2.0596,Aql
BD- 0 3543,MWC   956,173371,5113-100-1,225570875,6.8,B8 III,281.2327,-0.3726,Aql
BD- 8 4702,MWC   607,173637,5693-6591-1,145576502,9.35,B1 IV,281.6581,-7.9317,Sct
BD+52 2280,MWC   608,174237,3918-1829-1,48022676,5.9,B3 V,281.6789,+52.9879,Dra
BD+31 3369,,174179,2638-548-1,425704973,6.0,B3 IV p,281.9889,+31.7564,Lyr
BD+15 3573,MWC   305,174105,1584-3141-1,224418118,6.9,B6 IV-V e,282.0938,+15.3939,Her
CP-62 5983,MWC   963,173948,9074-2203-1,375232307,4.2,B1 V e,283.0539,-62.1871,Pav
BD+ 8 3866,MWC   610,174571,1026-2065-1,91663243,8.89,"B3 V:,ep",282.6964,+8.7025,Aql
BD- 7 4740,MWC   609,174513,5693-1041-1,151546818,9.0,"B1 V:,nep",282.7902,-7.7986,Sct
BD-11 4786,MWC   967,174705,5701-325-1,32227747,8.34,"B2 V,ne",283.0689,-11.6323,Sct
BD+59 1926,,175511,3930-1526-1,236785664,6.7,B9.5 V,283.0093,+59.6670,Dra
BD+59 1929,MWC   308,175863,4216-1087-1,233613741,7.06,"B4 V,e",283.4357,+60.0173,Dra
BD- 5 4819,AS    331,,,,10.3,"B2 IV:,ep",284.3041,-5.5242,Sct
BD+02 3738,,175869,453-352-1,227601265,5.6,B8 III,284.3190,+2.5352,Ser
BD-20 5381,MWC   309,177015,6290-914-1,442407565,7.8,B5 III,285.8880,-20.1280,Sgr
BD+10 3774,MWC   975,230579,,,9.13,"B1.5: IV:,ne",286.0329,+11.1066,Aql
BD-18 5191,MWC   973,177291,6287-85-1,273104010,8.66,Be*,286.1996,-18.7071,Sgr
BD+23 3549,MWC   310,177648,2122-635-1,278727918,7.24,"B2 V,e",286.1601,+23.3290,Vul
BD-19 5312,MWC   311,178175,6291-1685-1,187796346,5.54,"B2 V,e",287.0689,-19.2897,Sgr
BD+02 3815,MWC   978,179343,467-2562-1,181627638,7.0,B9 V,288.0134,+2.6224,Aql
CP-42 8667,HEN  1739,179253,7926-787-1,61566852,9.6,B5 V,288.4339,-42.4132,CrA
BD-16 5283,MWC   313,181615,6297-1419-1,334020482,4.6,B2 V P shell,290.4312,-15.9547,Sgr
BD+22 3687,MWC   316,344313,2125-1396-1,359326345,9.38,"B2 V:,ep",291.1906,+22.7741,Vul
BD+37 3465,MWC   318,183362,3134-116-1,351056971,6.34,B2 V n,291.9015,+37.9406,Lyr
BD+ 3 4043,MWC   988,183656,482-3754-1,224059021,6.05,B8 V,292.6376,+3.4438,Aql
BD+27 3411,MWC   618,183914,2133-2963-1,112981536,5.11,B8 V,292.6890,+27.9649,Cyg
BD+03 4065,MWC   319,184279,486-4746-1,392900293,6.9,B0.5 IV e,293.4037,+3.7611,Aql
BD+36 3619,MWC   619,185037,2667-100-1,138486206,5.9,"B8 V,n",293.9507,+36.9440,Cyg
BD+22 3778,MWC   993,344800,2139-1057-1,360049948,10.01,"B2 V:,nne",295.7070,+22.5615,Vul
BD+22 3781,,344783,2139-1856-1,360061080,11.92,B0 IV,295.7776,+23.2702,Vul
BD+23 3759,,344873,2139-418-1,435428763,8.77,B0 II,296.3024,+24.0508,Vul
BD+17 4087,,350559,1619-2564-1,386636839,10.6,"B7 III,e",296.7397,+18.2490,Sge
BD- 1 3834,MWC   621,187350,5146-1012-1,439546556,8.14,"B1 V,ne",297.3891,-1.1003,Aql
BD+32 3583,MWC   995,225985,2673-3701-1,83193772,9.08,"B1 V:,ep sh",297.3868,+32.9562,Cyg
BD+ 7 4252,MWC   322,187567,1058-252-1,70162639,6.51,B2 IV,297.5729,+7.9020,Aql
BD+22 3833,MWC   323,187811,2140-3054-1,299630806,4.95,B2 V,297.7662,+22.6099,Vul
BD+21 3959,AS    367,345122,1628-2147-1,300618770,9.85,"B2 V p,e:",298.2201,+22.2446,Vul
BD+36 3806,MWC   624,189687,2682-3762-1,173066803,5.19,B3 IV,299.9796,+37.0426,Cyg
BD+32 3662,MWC   625,189689,2674-1855-1,103368976,7.3,B7 IV-V e,300.0289,+32.7894,Cyg
BD+29 3842,,333226,2670-2055-1,103884682,10.11,B1 V :e:,300.1401,+30.3812,Cyg
BD+29 3863,MWC   626,333410,2153-2192-1,117376645,8.8,B8 V,300.5050,+29.5855,Cyg
BD+21 4030,MWC   998,190150,1629-3858-1,424318140,8.0,B6 IV-V e,300.6931,+21.8540,Vul
BD+28 3598,,333452,2153-1485-1,239489156,9.43,"B0 III:,np",300.7990,+28.7073,Vul
BD+36 3841,MWC  1000,190467,2682-2966-1,40478523,8.21,"B5 II:,n",300.9229,+36.4254,Cyg
BD+25 4083,,339483,2149-1408-1,244327575,8.94,B1 III,301.0026,+26.2712,Vul
BD+46 2846,MWC   328,190944,3559-399-1,185226837,8.35,B1.5V.*n*e+,301.3568,+46.6715,Cyg
BD+35 3950,MWC   327,227611,2682-805-1,40736060,8.69,"B0 II:,ep",301.4376,+35.9009,Cyg
BD+35 3981,MWC   628,227836,2683-2026-1,41770470,10.2,"B2: ,nep",302.0189,+36.1238,Cyg
BD+36 3891,MWC  1002,191378,2683-943-1,41777648,9.0,B9.5 V,302.0350,+37.0067,Cyg
BD+20 4449,,191531,1630-504-1,393662110,8.3,B0.5 III-IV,302.4148,+21.0784,Sge
BD+36 3907,MWC   329,191610,2683-3961-1,42360166,4.93,B2 V,302.3563,+36.8389,Cyg
BD+35 3998,MWC   330,228041,2679-717-1,91945131,8.97,"B0.5 V:,e",302.4929,+35.4958,Cyg
BD+35 4004,MWC   629,228104,2683-3420-1,91949065,8.85,"B1: IV:,ep",302.6600,+35.8740,Cyg
+36-20099,,,,,11.9,"B5 ,eV",302.9298,+36.5193,Cyg
BD+26 3828,MWC   331,192044,2162-1675-1,245286665,5.92,B8 V,303.0024,+26.4786,Vul
BD+35 4026,MWC   332,192445,2683-1156-1,312227894,7.23,B1 IV,303.3869,+36.3281,Cyg
BD+32 3749,MWC   631,331976,2675-50-1,380407422,9.92,"B0: ,ep",303.4225,+32.5509,Cyg
BD+36 3946,MWC   333,228438,2683-174-1,312232757,9.2,B0.5 III,303.4594,+36.6225,Cyg
BD+36 3956,,192641,2683-3369-1,10989276,10.5,B2 IV,303.6663,+36.6461,Cyg
+36-20131,HEN  1857,228535,2683-1775-1,10987644,10.9,B2 IV,303.7318,+36.8534,Cyg
BD+37 3856,,228658,3151-2140-1,11479883,10.2,B1 V,304.0355,+37.5565,Cyg
BD+31 4018,MWC   336,193009,2676-1687-1,202752748,7.16,B1 V n,304.2006,+32.3796,Cyg
BD+15 4120,MWC   335,192954,1631-5-1,88535389,7.4,B6 IV-V e,304.2905,+15.8724,Del
BD+39 4115,MWC   632,193182,3155-2187-1,11915139,6.5,B7 IV-V e:,304.3544,+39.5937,Cyg
BD+36 4001,,228860,2684-1729-1,273890231,9.68,B0.5 IV,304.7144,+36.9615,Cyg
BD+37 3881,MWC   339,193516,3151-1573-1,273897184,8.61,B2: III:,304.7811,+37.7693,Cyg
BD+23 3986,MWC   341,193911,2159-2070-1,99115271,5.4,"B8 III,n",305.5140,+24.4459,Vul
BD+37 3913,,229171,3152-182-1,13973539,9.33,"B0.5 III:,n",305.7618,+38.4559,Cyg
BD+37 3916,MWC   343,194335,2684-2040-1,14200511,5.9,"B2 V,ne",305.9342,+37.4761,Cyg
BD+41 3731,,,3160-1560-1,193573033,9.9,"B3 ,n",306.0681,+42.3002,Cyg
BD+54 2348,MWC   345,194883,3941-371-1,352556540,7.36,"B2 V,e",306.3860,+54.6839,Cyg
BD+46 2948,MWC  1022,,3573-1552-1,187779407,10.05,"B1 V:,nne",307.3341,+46.6666,Cyg
BD+36 4095,MWC   346,195407,2697-881-1,16187387,7.8,"B0 IV:,ep",307.4489,+36.9803,Cyg
BD+55 2411,MWC   637,195554,3954-612-1,469421586,5.9,B8 IV-V e,307.3627,+56.0678,Cyg
BD-02 5328,MWC   350,196712,5181-747-1,248117218,6.2,B7 IV-V e,309.8047,-2.4124,Aqr
BD+34 4127,MWC  1026,197419,2695-455-1,100165164,6.7,B2 V e,310.5922,+35.4558,Cyg
BD+35 4267,MWC   352,198183,,67251066,4.53,B5 IV,311.8515,+36.4904,Cyg
BD+53 2495,MWC   354,198512,3951-636-1,267767305,8.29,"B1 V,nnep",312.1365,+53.9058,Cyg
BD+44 3594,MWC  1031,,3575-2662-1,353099086,9.78,"B1: V:,nep",312.2981,+45.4110,Cyg
BD+43 3747,MWC  1032,198931,3179-69-1,356776209,8.73,"B1 V e:,nn",313.0400,+44.4342,Cyg
BD+40 4354,MWC   356,199218,3171-1117-1,195139471,6.7,"B8 V,nn",313.5922,+40.7025,Cyg
BD+39 4368,MWC   357,199356,3171-1598-1,195409344,7.13,B2 IV p:,313.8458,+40.2995,Cyg
BD+46 3133,MWC   359,200120,3579-4461-1,329947655,4.74,"B1 ,ne",314.9560,+47.5207,Cyg
BD+45 3364,MWC   360,200310,3588-12112-1,304114338,5.37,B1 V,315.2951,+46.1554,Cyg
BD+67 1283,MWC   361,200775,4460-3015-1,387813185,7.35,"B2 V,e",315.4032,+68.1632,Cep
BD+47 3302,AS    458,,3592-7373-1,136024550,10.49,"B2 V:,nep",317.1101,+47.6741,Cyg
BD+46 3198,MWC   362,201522,3592-4016-1,136027289,7.88,B0 V,317.1232,+47.2566,Cyg
BD+44 3718,MWC   363,201733,3588-11025-1,136466789,6.63,"B4 IV,p",317.4938,+45.5022,Cyg
+48-21118,,,,,10.4,"B2 V:,ne",318.3854,+48.3893,Cyg
BD+59 2344,MWC  1042,239618,3965-88-1,313986452,8.45,"B2 V,e",318.6892,+59.7608,Cep
BD+34 4371,MWC   364,202904,2710-2647-1,117146835,4.43,"B2 V,ne",319.4790,+34.8966,Cyg
BD+57 2309,MWC   365,203025,3965-595-1,314576961,6.42,B3 III,319.3282,+58.6111,Cep
BD+61 2112,MWC   366,203374,4248-57-1,275415829,6.68,"B0 IV,ep",319.7802,+61.8582,Cep
BD+53 2599,MWC  1043,203356,3953-485-1,63318608,7.7,B8 IV-V e,319.9366,+53.9513,Cyg
BD+64 1527,MWC   367,203467,4256-3042-1,275420565,5.18,B3 III,319.8422,+64.8712,Cep
BD+40 4503,MWC   369,203731,3186-1231-1,373819241,7.52,"B1 V,ne",320.7127,+40.6969,Cyg
BD+13 4692,MWC   368,203699,1118-1680-1,305986323,6.86,B3 IV,320.8969,+14.0498,Peg
BD+54 2533,,204116,3970-673-1,315697025,7.84,"B1 V,e",321.1261,+55.3664,Cyg
BD+43 3913,MWC   640,,3194-2107-1,239408899,8.87,"B1.5 V:,nnep",321.2600,+44.4514,Cyg
BD+43 3941,MWC   370,204722,3194-1796-1,240258004,7.67,"B2 V :e:,nn",322.3113,+44.3379,Cyg
BD+42 4123,MWC   371,205060,3191-1377-1,240362196,7.2,B6 V,322.9035,+42.7002,Cyg
BD+51 3091,MWC   641,205551,3603-492-1,387745175,6.0,B9 III,323.6144,+51.6982,Cyg
BD+29 4453,MWC   642,205618,2200-1329-1,371755873,8.1,"B2 V,ne",323.9352,+29.7451,Cyg
BD-20 6251,MWC   373,205637,6370-1176-1,441027987,4.68,B3 V,324.2695,-19.4655,Cap
BD+56 2626,,,3975-1350-1,,10.47,B0.5 III,325.4205,+56.6936,Cep
BD+57 2374,MWC   376,206773,3975-405-1,260286423,6.87,"B0 V:,ep",325.6011,+57.7358,Cep
BD+58 2320,MWC   643,239758,3979-658-1,388323676,9.51,"B2 III:,nn",326.1415,+59.0570,Cep
BD+49 3615,MWC  1050,,3612-1013-1,395631091,9.07,B1 V:,326.4673,+50.2922,Cyg
BD+50 3430,MWC   377,207232,3616-1220-1,395634740,7.0,B7 IV-V e,326.5112,+50.6738,Cyg
BD+46 3471,AS    477,,3608-755-1,427938329,10.15,"B9.5 V,e",328.1465,+47.2247,Cyg
BD+25 4635,MWC   644,208057,2206-1964-1,283228568,5.08,B3 V,328.2652,+25.9246,Peg
BD+42 4241,,208220,3197-2189-1,455522874,9.49,"B1 IV,e",328.4317,+43.4824,Cyg
BD+61 2216,MWC   380,208392,4266-2575-1,411043004,7.04,B1 III,328.4500,+62.6142,Cep
BD+64 1607,MWC   381,208682,,411577031,5.86,B3 V,328.8791,+65.3206,Cep
CD-3216848,HEN  1927,208886,7488-1504-1,229037380,7.0,Be*,329.9813,-31.5251,PsA
CD-2918119,HEN  1928,209014,,270219259,5.42,B8 V,330.2090,-28.4534,PsA
BD- 2 5681,MWC   384,209409,5224-1808-1,317958778,4.69,B6 V,330.8278,-2.1546,Aqr
BD+54 2676,ASW,,3973-2695-1,469983243,10.29,"B1: V:,nne",330.8133,+55.0883,Cep
CD-2715757,MWC   650,209522,6957-1565-1,53992511,5.96,"B4 IV,n",331.1527,-26.8217,PsA
BD+49 3735,AS    483,,3613-2056-1,326247844,9.72,"B1.5 V :e:,nn",331.5347,+49.9019,Lac
BD+21 4695,MWC   385,210129,1692-2205-1,371572251,5.78,B7 V,331.9601,+21.7034,Peg
BD+55 2693,,,3973-715-1,329020872,10.73,"B5: ,neV",332.3445,+55.7569,Cep
BD+54 2718,,,3986-1701-1,330377496,10.15,B2 III,333.7470,+55.4633,Lac
BD+45 3879,MWC   652,211835,3607-35-1,199436120,8.48,"B3: V,e",334.7509,+45.8018,Lac
BD+51 3330,MWC  1057,235795,3619-918-1,431040288,9.14,"B1: V:,nne",334.7813,+52.1202,Lac
BD+51 3341,MWC   386,212044,3619-1622-1,431116093,6.98,B1 IV,335.0945,+51.8606,Lac
BD+11 4784,MWC   387,212076,1146-1242-1,404555403,5.01,B2 V,335.3794,+12.2047,Peg
BD+61 2292,AS    490,,4268-166-1,337210639,10.04,"B2 V,n",335.7716,+62.7137,Cep
BD+ 0 4872,MWC   388,212571,560-1818-1,265911941,4.66,"B1 V,e",336.3187,+1.3768,Aqr
BD+57 2525,MWC  1061,,3990-141-1,428187251,10.35,"B1.5 IV-V:,ep",336.2647,+57.8413,Cep
BD+60 2405,AS    493,,4264-141-1,338064901,9.9,"B3 V:,nn",337.7907,+61.6089,Cep
+58-22326,,,,,10.45,B2 III,338.6359,+58.3305,Cep
BD+38 4808,,214167,3205-2483-1,128495477,6.5,B1 V:,338.9669,+39.6277,Lac
BD+38 4808,MWC   390,214168,3205-2482-1,128495470,5.73,"B1 V e,SB",338.9677,+39.6343,Lac
BD+55 2783,MWC   655,240010,3987-2645-1,388143588,9.48,"B1: IV:,nnep",339.6320,+55.8344,Lac
CD-2716010,MWC   392,214748,6966-1509-1,47296054,4.17,"B8 V,e",340.1634,-27.0431,PsA
BD+43 4279,MWC   656,215227,3226-1181-1,153880067,8.75,"B5: ,ne",340.7385,+44.7215,Lac
BD+53 2964,MWC  1067,,3984-1357-1,428274993,9.19,"B2 IV:,nnep",340.8466,+54.0714,Lac
BD+57 2597,MWC   658,215605,3992-833-1,343314372,9.43,"B2: IV:,nne",341.3266,+57.8516,Cep
+57-22457,MWC   659,,,,10.18,"B0: III:,ep",341.9390,+57.2809,Cep
BD+54 2865,,216044,3988-1292-1,317271116,8.51,B0 II,342.1803,+55.1260,Lac
BD+53 2993,MWC   393,216057,3988-158-1,317273771,6.1,B6 V,342.1994,+54.4146,Lac
BD+41 4623,,216200,3223-3619-1,154355871,5.92,"B3 IV:,V",342.5904,+41.9532,Lac
BD+61 2355,,,4282-774-1,12795612,9.63,B7 IV,343.1213,+62.6860,Cep
BD+61 2361,MWC  1075,216629,4282-729-1,12876844,9.3,"B2 IV-V,ne",343.3144,+62.1454,Cep
BD+42 4538,MWC   660,216851,3227-2752-1,154657140,8.02,"B3 V:,n",343.9458,+43.5591,Lac
BD+61 2372,,217061,4282-933-1,13211704,8.78,B1 V,344.1774,+62.6244,Cep
BD+47 3985,MWC   394,217050,3626-1877-1,252500679,5.43,B3 III,344.2684,+48.6839,Lac
BD+61 2380,,,4282-892-1,434340780,9.14,B9 V,344.8421,+61.9730,Cep
BD+37 4744,MWC   395,217543,3216-1509-1,427864844,6.54,B2 V,345.2276,+38.7080,And
BD+41 4664,,217675,3224-3434-1,155030422,3.62,B6 III,345.4791,+42.3258,And
BD+62 2158,,,4282-580-1,434626013,10.09,B9 V,345.5325,+62.8222,Cep
BD+ 3 4818,MWC   396,217891,579-1834-1,310852121,4.53,B6 III,345.9683,+3.8200,Psc
BD+57 2678,,,3997-522-1,314150303,9.79,B0.5 V,345.9028,+58.3096,Cas
BD+62 2163,,218066,4282-419-1,434893323,7.62,"B1: V:,V",346.0089,+63.3964,Cep
+61-23031,AS    505,,,,10.04,"B5 V,ep",346.2908,+62.2632,Cep
BD+48 3950,,218674,3631-1888-1,252703564,6.74,B3 V,347.3196,+49.6504,And
BD+55 2942,MWC   398,220058,4003-825-1,319068939,8.58,"B1 ,nep",350.0789,+55.8075,Cas
BD+55 2946,MWC  1081,220300,4007-1385-1,319302209,7.8,B6 IV-V e,350.5432,+56.3479,Cas
BD+60 2584,AS    510,,4280-473-1,271153313,10.29,"B1 IV:,ep",353.9228,+61.1880,Cas
BD+61 2494,,,4284-722-1,271759706,9.68,"B0 V,n",354.9490,+61.9279,Cas
BD+60 2600,AS    512,,4280-847-1,271755847,9.29,B9 V,355.0767,+61.3450,Cas
BD+61 2537,MWC   402,223501,4285-1070-1,470711493,7.79,B2 V.*n*(e.),357.4710,+62.2138,Cas
BD+45 4381,MWC   407,224559,3639-164-1,177638673,6.5,B4 V en,359.6929,+46.4128,And
BD+31 5012,MWC   406,224544,2772-467-1,155257510,6.5,B6 IV e,359.7050,+32.3814,And
BD+59 2801,,224599,4281-2099-1,470846310,9.56,B4 V n,359.8123,+60.0222,Cas
CP-66 3819,,224686,9133-1652-1,355653322,4.5,B7 V e:,359.9774,-65.5762,Tuc
BD+62 2346,,,4018-1819-1,418134291,9.49,B0 V,0.3523,+63.5044,Cas
BD+59 2813,MWC   666,224905,4014-1181-1,418409430,8.47,"B1 V,n",0.4102,+60.4497,Cas
