cgcs,hd,tyc,tic,vmag,bmag,sptype,ra_deg,dec_deg,constellation
5976,224855,4014-54-1,418416600,6.9,9.4,N1p(Sh),0.3158,+60.3553,Cas
5980,224959,4666-130-1,300887147,9.9,,R0(Sh),0.5337,-2.8197,Psc
6003,26,594-778-1,405292009,8.2,,"C0,0CH(Yam)",0.8408,+8.7950,Psc
5987,225217,2793-243-1,439944446,8.5,12.3,"C6,4(Yam)",1.1517,+43.5514,And
19,,4018-961-1,83525311,9.7,12.0,"N(MSB);C6,2(Yam)",3.3454,+63.4578,Cas
32,1306,3255-823-1,202135401,7.5,11.6,"N(San);C4,4(Yam)",4.3838,+50.2875,Cas
36,1546,2794-14-1,440119789,7.8,,"N7(Sh);C4,5(Yam)",4.9750,+44.7094,And
43,,3665-350-1,403344177,9.6,12.7,"N(San);C4,3(Yam)",5.6117,+59.1928,Cas
44,,,403391644,9.3,14.5,N(BC),5.6571,+57.4439,Cas
53,1994,3653-117-1,354686124,9.5,10.6,"R5(Sh);C4,5(K-M)",6.1454,+54.2939,Cas
65,2342,2270-318-1,44486489,8.6,9.9,"N(San);C5,4(Yam)",6.8821,+35.5942,And
80,,1193-186-1,242800982,9.6,,"R(Van);C3,3(Yam)",8.5658,+22.3933,And
83,,4299-1685-1,351362504,9.7,13.0,N(Ste),8.9196,+70.5206,Cas
135,5223,1739-1500-1,13939217,8.7,,"R3(San),C2p(K-M)",13.5562,+24.0672,And
136,5235,3680-1824-1,312763933,8.2,,"C9,1e(De)",13.7246,+58.5636,Cas
180,,,240915264,9.8,12.9,Ne(San),17.7754,+53.6989,Cas
196,7526,8035-651-1,382415835,9.9,,"R0(HD);C1,2(War)",18.6350,-48.2519,Phe
198,7561,1750-2134-1,16916903,6.7,8.8,"N0(Sh);C7,3(K-M)",19.0208,+25.7694,Psc
234,8879,7002-1357-1,140497146,6.2,9.1,"N(San);C6,5(War)",21.7421,-32.5431,Scl
238,,3679-216-1,470818886,9.1,,N(San),23.3862,+57.7517,Cas
268,10636,3671-357-1,71853708,9.9,11.3,R6(San),26.2917,+53.9525,Per
295,,3696-2198-1,371074584,9.7,,Ne(San),29.1587,+59.2594,Cas
327,13826,634-589-1,58872758,8.3,9.8,"R8(Sh),C5p,5(KM)",33.7500,+12.2397,Ari
350,,3307-1912-1,250924629,9.6,12.0,N(San),36.7196,+52.1172,Per
357,,4697-85-1,1128593,9.4,,R0(Van),37.0967,-7.3650,Cet
361,,6433-295-1,120917196,7.5,,Ne(San),37.3137,-26.0989,For
378,16115,5285-3-1,4697730,8.3,,"R3(Sh);C2,3(K-M)",38.7771,-9.4428,Cet
451,19557,3710-74-1,384650299,7.3,8.7,"R5(Sh);C4,5(K-M)",47.8554,+57.9031,Cas
471,20234,8495-151-1,207205231,5.2,,"N(San);C7,2(War)",48.1379,-57.3217,Hor
461,19881,3315-1237-1,192780568,9.1,12.5,Np(San),48.4108,+47.8261,Per
500,21280,2873-1287-1,456163027,8.1,,R4e(San),51.9267,+44.1767,Per
541,232820,3325-104-1,428328595,8.4,11.8,"N(San);C5,5(Yam)",55.3737,+51.5028,Per
540,22611,4066-1219-1,392430762,6.9,11.0,"N5(Sh);C5,4(Yam)",55.4508,+62.6483,Cam
556,,2875-2430-1,431900228,9.7,11.8,"N(San);C6,3(Yam)",56.2633,+44.7789,Per
576,24281,7576-1023-1,101100612,8.6,10.2,"R3(HD);C4,2(War)",57.5246,-43.5342,Eri
608,25408,4064-1358-1,459106887,7.9,9.3,R8(Sh),61.4746,+61.7944,Cam
639,26667,9153-1243-1,25118602,9.0,,"R3(HD);C1,3(War)",61.9479,-69.7878,Hyi
623,,3340-761-1,267506280,9.5,12.2,"N(MSB);C3,3(Yam)",62.8850,+51.3333,Per
643,,3340-2259-1,104660352,9.5,14.9,Ne(San),64.1383,+50.6264,Per
701,,2883-2547-1,238828834,8.9,13.8,"N(San);C7,4(Yam)",67.4296,+39.8675,Per
725,29154,8875-1648-1,231074988,8.9,,"C1,1(War)",67.6942,-65.9881,Ret
788,30593,7045-1471-1,257658027,7.5,9.0,"N(San);C6,4(War)",71.8287,-36.2094,Cae
781,30443,2395-449-1,96072931,9.0,10.9,R4(San),72.3167,+35.0019,Aur
769,30243,4342-2633-1,281601266,7.0,9.2,"N5(Sh);C5,4(Yam)",72.8058,+68.1689,Cam
794,30755,1843-772-1,60129383,8.1,10.2,"N3(Sh);C7,4(Yam)",72.8804,+28.5269,Tau
797,280188,2894-701-1,187386246,8.8,11.5,"N(San),SC5/9(KB)",73.1454,+38.5056,Aur
808,,1832-1766-1,68529795,9.4,,"N(San);C5,5(Yam)",73.3775,+22.7733,Tau
828,31798,685-938-1,450022383,9.1,,"N(D,Ste)",74.7525,+8.1306,Ori
833,31996,5329-366-1,316971749,5.9,,N6(Sh),74.9012,-14.8064,Lep
831,287399,693-1302-1,389119030,9.5,,N(D),74.9700,+12.1175,Ori
836,32088,3356-863-1,259686669,8.5,11.5,N(San),75.8462,+50.6328,Aur
853,32736,98-619-1,455026721,7.0,10.0,"N5(Sh);C5,4(Yam)",76.3487,+1.1778,Ori
860,33016,2895-203-1,122696834,8.5,12.3,N(San),77.2729,+39.0025,Aur
875,33404,4759-1520-1,248440395,8.6,10.4,"N0(Sh);C6,3(Yam)",77.4513,-5.5153,Eri
866,,,122880373,9.6,10.1,,77.5687,+39.3892,Aur
893,,707-730-1,411842894,9.3,,"N(San);C5,5(Yam)",78.9896,+11.9775,Ori
904,34467,2402-756-1,2240658,9.1,11.8,"N(HD), C6,3(Yam)",79.7925,+35.7925,Aur
906,,,368902951,9.7,,N:(Ste),80.2142,+42.6203,Aur
911,34842A,2394-373-1,2688613,9.8,10.6,"Ne;C8,1Je(Yam)",80.4529,+32.5111,Aur
984,36598,9166-401-1,373927033,8.5,,,81.6825,-70.0706,Men
941,35556,2411-222-1,128018331,8.2,15.6,N(San),81.7808,+34.1494,Aur
950,,2921-880-1,87971915,9.9,12.8,LR or N(Har),82.3337,+43.4092,Aur
988,36602,126-161-1,200545562,8.2,9.7,"N(San);C6,4(Yam)",83.3075,+7.1536,Ori
990,244898,1852-191-1,74393524,9.5,11.8,"R(Har);C4,4:(De)",83.6058,+24.8533,Tau
1004,37212,6493-961-1,31474418,7.9,10.4,"N(San);C7,3(War)",83.9487,-25.7219,Lep
998,36972,4344-928-1,328668612,8.1,,Np(Sh),85.2604,+68.7986,Cam
1035,,5917-770-1,46745008,9.9,,R0(Van),85.7379,-16.7700,Lep
1052,,8087-1669-1,235067270,7.0,11.8,N(Pick11),85.8075,-46.4539,Pic
1038,38218,1866-2572-1,76101125,8.7,11.1,N2 + A(Sh),86.3071,+24.4203,Tau
1043,247224,1299-1450-1,247594082,9.9,11.8,N(San),86.3608,+15.5122,Tau
1042,38307,1311-3045-1,29451199,6.9,10.1,N2(Sh),86.4142,+20.6950,Tau
1061,38572,2405-1036-1,239809060,8.3,11.4,"N0(Sh);C7,2(Yam)",87.0342,+30.6311,Aur
1057,38521,2923-85-1,274153615,9.9,11.3,"N(San);C4,4(Yam)",87.1842,+44.9111,Aur
6106,247925,1307-1573-1,358309255,9.1,,"G0--1Iep(C1,0 Hd)",87.2679,+19.0725,Tau
1070,,2417-289-1,239875321,9.0,,"C6,2(De)",87.5029,+35.7567,Aur
1118,,,78966351,9.8,,,89.5471,+28.4683,Tau
1128,,2929-1597-1,174760798,9.7,10.5,Ne(San),90.2800,+39.6714,Aur
1136,,,79614171,9.2,13.4,"N(D); C5,3(De)",90.4317,+29.4550,Aur
1149,,,79899228,9.7,,,90.8817,+25.9997,Gem
1179,42272,,81816148,7.4,9.4,"N3(Sh);C6,4(Yam)",92.7208,+26.0147,Gem
1222,,731-2930-3,291379891,9.5,,"N(San);C5,4(Yam)",94.4254,+8.5197,Ori
1226,291455,4784-800-1,250543385,9.5,,"N(San);C6,4(Yam)",94.4317,-0.2519,Ori
1246,,144-457-1,263293856,9.0,12.7,N(San),95.4917,+7.3494,Mon
1256,,4797-96-1,443173841,9.5,12.4,"N(San);C4,4(Yam)",95.8267,-7.4514,Mon
1263,,6514-102-1,49707549,8.6,10.5,"N(San);C4,4(Yam)",95.9129,-27.0658,CMa
1251,44653,1882-1530-1,84132367,8.8,12.4,Ne(San),96.0050,+25.0311,Gem
1244,44388,3380-1119-1,189959328,8.5,,Ne(San),96.0096,+47.7067,Aur
1264,44984,744-949-1,438211553,6.5,9.0,"N0(Sh);C6,3(Yam)",96.3675,+14.7219,Ori
1269,45087,1336-1310-1,430174728,8.2,14.8,N(San),96.5592,+19.0739,Gem
1290,,741-270-1,306601180,9.4,11.8,N(San),97.7242,+12.4803,Gem
1292,,1328-1624-1,306817367,9.9,12.5,"N(San);C4,4(Yam)",97.9154,+16.1144,Gem
1309,,1329-842-1,307250231,9.2,10.9,N(San),98.5996,+16.0750,Gem
1300,46321,2936-837-1,190224472,8.4,11.8,"N(San); C5,3(De)",98.6858,+42.5036,Aur
1316,46687,2928-1995-1,309515778,6.2,8.2,"N3(Sh);C5,3(K-M)",99.1367,+38.4456,Aur
1320,,,87204167,9.8,12.3,,99.2433,+27.9542,Aur
1332,,,443542093,9.9,14.4,N(Ste),99.2646,-12.0958,CMa
1380,48733,9181-1237-1,167417444,8.0,10.7,R0(HD),99.5537,-70.0944,Vol
1337,47396,1880-1830-1,194934563,9.2,12.5,"N(San);C3,1(Yam)",99.8242,+22.6050,Gem
1356,,,48651704,9.6,13.3,N:(Sndlk),100.2833,-20.1525,CMa
1357,,,48747362,9.6,14.8,,100.3129,-22.2783,CMa
1355,47883,2435-186-1,240093772,8.1,,"N(San);C5,4(Yam)",100.5358,+31.4550,Gem
1373,,5378-1858-1,119628609,9.5,13.2,"N(San);C3,4(Yam)",100.8021,-8.7583,Mon
1392,,5387-1068-1,369516462,9.2,13.0,"N(San);C4,3(Yam)",101.5646,-12.8814,CMa
1401,49247,,234227395,9.0,12.7,N(San),101.9000,+0.6822,Mon
1416,,5962-2349-1,299654048,9.3,,"C6,3(De)",102.1825,-21.3625,CMa
1446,,7636-1616-1,170312318,9.0,12.2,R(Sto),102.7046,-41.8967,Pup
1444,,4812-28-1,123577498,9.8,,"N(San);C4,5(Yam)",103.0875,-7.1486,Mon
1460,,7088-2474-1,101213404,9.0,12.7,R(Sto),103.2575,-31.7811,CMa
1453,50436,4809-1974-1,282505201,8.1,13.4,"N(San);C6,3(Yam)",103.2971,-4.5761,Mon
1478,51208,7636-1316-1,170403852,6.0,9.4,"N(San);C7,2(War)",103.6112,-42.3656,Pup
1474,,161-14-1,235452477,9.2,,"N(San);C5,2(Yam)",104.0950,+7.0778,Mon
1466,50949,2946-1673-1,197153446,9.7,9.6,R6p(San),104.3225,+41.1178,Aur
1489,51620,161-2696-1,235542452,7.3,10.3,"N(San);C4,4(Yam)",104.5896,+6.1672,Mon
1507,52432,4818-2031-1,268584316,7.3,,R6(San),105.2583,-3.2525,Mon
1546,,,130618315,9.0,,,106.0554,-47.8458,Pup
1599,,9186-461-1,391904434,8.8,,,106.4012,-73.0144,Vol
1549,,5381-403-1,177329671,7.7,12.0,"N(San);C5,5(Yam)",106.7354,-7.5575,Mon
1565,54361,5389-164-1,177590238,6.4,8.7,"N(San);C6,3(Yam)",107.0142,-11.9233,CMa
1561,54300,753-93-1,262440494,7.4,,SC5/10e(KB),107.1775,+10.0239,CMi
1595,55284,774-1053-1,26642038,9.0,10.8,Nep(San),108.2042,+14.6011,Gem
1629,,,22765995,9.0,13.2,R(Sto),108.6883,-39.5344,Pup
1616,,172-2612-1,284448162,9.5,12.6,"N(San); C5,5(De)",108.9108,+5.0447,CMi
1650,,,23033777,9.6,,,109.4446,-36.3464,Pup
1657,,7638-1516-1,59731731,9.0,,,109.6454,-42.9336,Pup
1659,,5974-3076-1,5127543,9.6,12.6,N(Sndlk),110.0292,-20.3336,CMa
1653,57160,1913-1170-1,126137157,9.3,11.5,"C5,4J(Yam)",110.2458,+24.9994,Gem
1622,56167,4364-97-1,147795605,7.9,9.0,K0-R0(HD),110.4337,+69.6708,Cam
1685,57888,5403-2788-1,55678057,9.1,,,110.6875,-12.9075,CMa
1686,57884,4825-703-1,10323026,9.3,,R8(Van),110.7792,-4.2136,Mon
1695,58195,6537-508-1,412572477,7.0,11.0,N(San),110.9108,-22.9697,CMa
1703,58364,1359-1079-1,60773717,9.8,,R3(Sh),111.5271,+21.8911,Gem
1715,,,139330213,8.0,,N:(Sndlk),111.5621,-19.7572,CMa
6228,56167,4364-97-1,147795605,8.1,,K-R0(LE83),111.7733,+69.5703,Cam
1737,59643,1914-857-1,94748223,7.4,,"R9(Sh);C6,2(Yam)",112.9771,+24.5036,Gem
1790,60952,6539-343-1,348912086,9.1,11.5,"R(Ste);C4+,3(De)",113.9829,-23.6044,Pup
1787,60826,182-666-1,280005575,9.0,,N(San),114.1321,+2.0703,CMi
1822,,6547-979-1,125555841,9.0,15.0,N(Sndlk),114.8900,-27.7019,Pup
1834,,,125896156,9.5,,,115.2808,-26.4100,Pup
1846,,6548-581-1,126108735,8.8,12.9,"C8,2(De)",115.5942,-27.0167,Pup
1853,,7657-509-1,123701322,8.2,13.2,,115.6733,-44.2014,Pup
1848,,5988-2717-1,140277270,9.7,13.4,,115.7321,-20.5439,Pup
1855,,5993-842-1,140532315,9.9,13.0,R(Ste),116.0600,-22.3569,Pup
1862,,,126692835,9.5,,,116.2779,-29.4556,Pup
1870,,7649-531-1,175461231,9.0,13.1,N(Sndlk),116.3821,-39.7644,Pup
1877,,,334453028,9.3,12.6,N(San),116.9058,-11.9539,Pup
1883,,,,9.5,,,116.9079,-32.5033,Pup
1881,63353,188-560-1,271368075,8.7,11.5,"R6(San);C7,2(De)",117.1896,+5.3931,CMi
1904,,8138-1277-1,268596185,9.6,13.0,R(Sto),117.1937,-48.7286,Pup
1891,,4832-1872-3,122720407,9.0,,R8(San),117.5171,-0.8819,Mon
1912,,,143327106,9.9,,N:(Sndlk),117.5729,-47.8772,Pup
1910,,7646-1133-1,131177774,9.0,13.7,N(Sndlk),117.6433,-38.7958,Pup
1920,,8134-2695-1,143446291,9.0,12.0,N(Sndlk),117.8796,-46.2644,Pup
1949,,6565-3198-1,129271899,9.2,,"C5-,3:(De)",118.8050,-29.6514,Pup
1968,65424,8143-1629-1,269402047,7.6,11.5,Nb(HD),119.0867,-49.9819,Pup
1995,,,152408149,9.8,12.6,N(Ste),120.0021,-33.8864,Pup
1987,,,169770385,9.6,,N(Ste),120.1312,-7.3756,Mon
2007,,4850-1517-1,73190906,9.0,10.8,N(San),120.6900,-2.1256,Mon
2033,,7120-932-1,419241928,9.5,,,120.8425,-31.5033,Pup
2024,,6554-155-1,432031492,9.0,13.6,N(Ste),120.9242,-23.8350,Pup
2051,67190,7659-3115-1,133761014,7.0,10.0,R(Sndlk); N(San),121.3333,-38.7767,Pup
2063,,,154235637,9.7,14.1,,121.7713,-29.7956,Pup
2064,67507,6555-486-1,176301775,8.5,10.3,N(San),121.8742,-22.9125,Pup
2086,,7133-4076-1,134330106,8.5,12.5,N(Ste),122.2962,-36.2889,Pup
2077,,203-1683-1,452980210,9.5,9.2,Np(VyssBalz58),122.4679,+5.0572,CMi
2104,,6008-2034-1,437085151,8.2,12.5,N(Sndlk),122.9213,-21.2103,Pup
2134,,5438-1969-1,307393768,9.3,12.0,N(Ste),124.1883,-14.4539,Pup
2141,,7126-3855-1,146965678,9.6,,N:(Ste),124.4525,-33.6011,Pup
2148,,6560-2077-1,156315759,9.6,13.3,N(Ste),124.6562,-25.9053,Pup
2143,,5997-635-1,307629426,9.7,,N(Ste),124.6700,-15.0908,Pup
2153,70138,6001-551-1,143368007,9.3,,R5(HD),124.9296,-18.2647,Pup
2150,70072,200-1971-1,455201959,8.3,12.2,Ne(San),125.0250,+2.7644,Hya
2156,,204-1262-1,455204108,9.9,,"R5(San);C5,5(De)",125.1725,+5.1894,Hya
2165,,2474-66-1,172823929,9.2,10.9,Ne(San),125.6787,+33.5194,Lyn
2177,,5997-899-1,296594494,8.9,,"N(San);C5,4(Yam)",125.6842,-15.9164,Pup
2197,,,271930399,9.0,,,126.2525,-25.3628,Pup
2201,,7143-499-1,55792006,9.5,10.8,R(Ste),126.3404,-34.2722,Pup
2208,,6002-616-1,409875163,9.7,13.1,N3(MayCann40),126.6592,-17.2381,Pup
2219,,6577-244-1,258228623,8.5,12.4,N3(MayCann40),127.0562,-27.2578,Pyx
2228,,,231525416,9.0,14.3,R(Sto),127.5417,-27.7033,Pyx
2247,,6582-2092-1,283397473,9.8,13.0,R(Sto),128.3433,-29.9422,Pyx
2272,,8568-154-1,92828094,8.2,12.0,N(MayCann40),129.1508,-52.5778,Vel
2308,,7144-1869-1,185622504,9.9,14.2,N(Ste),130.3550,-34.9333,Pyx
2317,,6575-3240-1,1088127,9.0,,,130.9750,-25.6028,Pyx
2326,,6583-397-2,1208705,9.0,13.0,R(Sto),131.3779,-28.2008,Pyx
2282,,4381-373-1,312988542,9.5,,R0(Van),131.5487,+74.5419,Cam
2331,75021,6583-1705-1,1344656,7.6,9.5,R7(Sh),131.6513,-29.7281,Pyx
2334,,7145-295-1,186146925,9.9,12.7,N(Ste),131.7508,-34.3164,Pyx
2378,76221,1394-1851-1,46382605,6.1,9.3,N3(Sh),133.8454,+17.2314,Cnc
2384,,1397-648-1,197247034,7.6,,"N(Ste);C5,5(Yam)",134.1671,+19.8492,Cnc
2383,76396,3423-1622-1,456332026,8.8,,R4(San),134.4954,+51.4303,UMa
2400,,,37376442,9.0,13.2,R(Sto),134.7142,-29.3756,Pyx
2396,76846,2488-603-1,166555111,9.4,,R1(San),134.9537,+33.7742,Lyn
2404,77234,3430-1561-1,456341357,9.5,,R5(Sh),135.8137,+50.0942,UMa
2432,,,384478390,9.6,13.3,R(Sto),136.5679,-58.5967,Car
2434,,8591-1669-1,384646125,9.5,14.3,N(Ste),136.6987,-56.5722,Vel
2440,,,74200684,9.6,13.0,,137.2950,-45.2958,Vel
2450,,6587-1109-1,229859322,9.0,,Ne(San),138.3829,-23.3922,Hya
2449,79319,825-631-1,35260243,8.9,,R4(Sh),138.4587,+14.2108,Cnc
2454,,6591-315-1,38570471,9.7,,N(Ste),138.6079,-24.5325,Pyx
2463,80255,8952-1187-1,303540984,9.0,10.9,N3(CannMay49),138.8204,-66.2361,Car
2458,,3431-229-1,251085579,8.6,,N5(Balz56),139.6017,+51.4022,UMa
2485,,8170-870-1,76265454,8.9,13.4,N(Sndlk),140.2267,-47.0272,Vel
2524,,8179-1269-1,297337641,8.5,,,142.2092,-50.9014,Vel
2546,,8945-2545-1,360646147,9.6,,,142.8129,-63.3917,Car
2550,,7700-647-1,5618001,9.9,12.8,N(Sndlk),143.2713,-41.3089,Vel
2603,,8168-1070-1,33886364,8.2,12.1,N(Sndlk),145.9000,-46.7489,Vel
2635,85319,4896-525-1,78152264,9.7,11.0,N(San),147.7429,-2.0286,Sex
2641,85405,6603-800-1,415648339,6.5,8.3,N3(Sh),147.7654,-23.0172,Hya
2626,85066,3814-1198-1,453444580,9.7,,R3(San),147.7725,+52.6239,UMa
2656,,8598-579-1,132197852,9.5,12.0,,148.3583,-52.5094,Vel
2662,,8189-2564-1,132656044,8.5,10.9,R(Sndlk),148.8454,-49.8792,Vel
2661,86111,7702-1098-1,45602275,6.5,10.0,N(San),148.8587,-41.5869,Vel
2682,,,461933347,9.2,12.5,,149.8225,-54.0175,Vel
2685,86936,8942-2668-1,374062307,7.5,10.0,N3(CannMay49),149.9650,-60.2181,Car
2713,88539,7178-237-1,71032449,6.8,10.0,N(San),152.9742,-35.3247,Ant
2716,,8191-1708-1,310944292,8.2,13.2,N:(Sndlk),153.0175,-49.7483,Vel
2723,,,71156823,9.0,,,153.7079,-32.9067,Ant
2738,,8191-2164-1,272443295,8.0,13.4,N(Ste),154.3658,-50.0972,Vel
2759,90395,8192-3843-1,446765212,9.3,9.9,R0(HD),156.2487,-50.4078,Vel
2792,,8961-1219-1,460660941,8.2,12.8,N(Thack49),158.5742,-62.7103,Car
2787,91708,8201-241-1,448414970,9.4,10.3,"R0(HD);C1,3(War)",158.6221,-48.3947,Vel
2793,91793,7714-1297-1,106309740,6.0,8.8,"N(San);C5,3(Yam)",158.8037,-39.5625,Ant
2806,,8201-2069-1,294255563,9.0,13.7,R(Sto),159.3546,-47.8033,Vel
2803,92055,5498-264-1,386610785,4.5,7.9,N2(Sh),159.3887,-13.3844,Hya
2829,92626,8201-1209-1,303578928,7.2,,Rp(Bidun),160.2175,-48.0222,Vel
2834,92806,8210-2263-1,410959287,9.2,,,160.4783,-50.7514,Vel
2835,92839,4151-1451-1,310965017,6.0,8.6,N0(Sh),161.2667,+67.4114,UMa
2852,93506,8965-623-1,391340872,8.0,9.7,N(Ste),161.5125,-65.6147,Car
2853,,,147134199,9.0,,,161.7996,-43.9039,Vel
2868,,8618-1427-1,459267423,9.0,12.4,,162.3196,-55.4247,Vel
2877,,6082-1140-1,167837191,9.3,10.9,"N(San);C6,5(Yam)",162.9054,-21.2500,Hya
2885,94406,8614-461-1,120369217,9.2,11.8,N3(CannMay49),163.2146,-53.4242,Vel
2925,95405,6639-164-1,382376437,9.0,,K5R(San),165.1346,-25.8533,Hya
2959,96650,8620-1461-1,306743418,8.5,11.8,N3(CannMay49),166.8246,-55.1219,Cen
2967,,9422-908-1,395009792,8.8,,N(May51),166.8333,-81.7933,Cha
2975,97578,8204-1746-1,81857112,9.0,11.2,R5(HD),168.3012,-48.2250,Cen
2984,98014,8624-485-1,450548512,9.3,10.8,N3(CannMay49),168.9100,-57.9275,Car
2986,310477,9229-2210-1,294389599,9.6,11.8,G5:(R-R3)(LE83,168.9675,-69.9122,Car
3058,,271-245-1,380542758,9.9,,R2(San),173.4546,+1.7522,Leo
3062,,9237-2206-1,454637544,9.0,,,173.4633,-73.2075,Mus
3066,100764,5516-872-1,296974016,8.7,,R2(San),173.9283,-14.5936,Crt
3083,101414,9234-345-1,454710006,9.5,11.3,Na(HD),174.8533,-72.5547,Mus
3106,,8639-3288-1,268475260,9.7,14.6,N:(Ste),176.9304,-57.8522,Cen
3135,,8639-3355-1,376208064,9.5,,R-N(Ste),179.3533,-57.0317,Cru
3141,104214,8643-1472-1,398632487,9.2,10.7,R8-N(Ste),179.9950,-58.6008,Cru
3144,104274,8636-440-1,398548694,9.1,11.7,Nb(HD),180.0967,-55.1203,Cen
3189,,8982-4639-1,381938448,9.7,,N(Ste),182.8950,-63.7619,Cru
3199,106414,8242-1963-1,334683390,8.0,9.3,Nb(HD),183.6650,-51.5331,Cen
3222,107699,9412-1880-1,359895060,8.0,12.4,Nb(HD),185.8262,-75.5011,Mus
3227,107957,8239-515-1,255776006,7.0,9.2,"C4,5(War)",186.1412,-49.4403,Cen
3236,108105,282-753-1,377248190,6.0,,Ne(San),186.3100,+0.7700,Vir
3246,108683,7757-1488-1,,9.3,11.9,"N(San);C4,3(Yam)",187.3375,-38.2639,Cen
3266,,8232-1427-1,73181203,8.0,13.0,R(Sto),189.8771,-45.3828,Cen
3268,,8655-3805-1,412077001,9.8,,Ce(Hen),190.0633,-57.3806,Cru
3283,110914,3459-2147-1,159163636,4.8,8.2,N3(Sh),191.2825,+45.4403,CVn
3286,111166,293-629-1,380674933,9.0,,R3e(San),191.8267,+4.1450,Vir
3284,,8659-1394-1,,8.6,,N(Thack49),191.8529,-59.6922,Cru
3298,111908,297-383-1,390688940,9.4,11.1,R0(Van),193.1225,+7.2078,Vir
3313,112559,4168-885-1,459217194,6.1,9.4,N4(Sh),194.1079,+65.9944,Dra
3310,112319,8656-935-1,412814878,8.2,10.4,Np(HD),194.1483,-57.8992,Cru
3319,112869,3021-2200-1,17748929,9.2,10.0,R6p(Sh),194.8446,+37.8178,CVn
3335,113801,6118-1194-1,428718332,8.5,,R0(Van),196.6104,-20.0519,Vir
3368,115673,9254-1512-1,394445529,7.0,9.4,Np(HD),200.3075,-74.4419,Mus
3374,115977,8998-3018-1,449568639,7.5,10.1,Nb(HD),200.5412,-64.2189,Cen
3379,,303-233-1,393713984,9.7,11.1,R0(VyssBalz58),200.8154,+3.7297,Vir
3381,,9002-1882-1,340439521,9.6,,CE(Wray),201.3304,-66.4244,Mus
3396,,8666-1959-1,289492133,9.6,,N:(Ste),202.3975,-55.2053,Cen
3397,,,341164278,9.5,13.5,N(Ste),202.6333,-68.8672,Mus
3405,117619,8662-1344-1,260996171,8.9,9.3,"R5(HD);C4,5(War)",203.1737,-53.8311,Cen
3412,118322,8671-1707-1,90144286,7.0,9.0,Nb(HD),204.4004,-56.4764,Cen
3425,,9247-232-1,343307581,9.3,13.0,N(Sto),206.2029,-70.6042,Mus
6548,121447,6140-641-1,219957501,7.8,,"C2,1(Yam)",208.9342,-18.2444,Vir
3456,121658,8672-2548-1,209014246,7.8,9.8,Na(HD),209.5704,-56.3525,Cen
3469,122547,2548-690-1,232527237,9.4,,R2(Van),210.4812,+32.8258,CVn
3471,,9017-1316-1,448551330,9.0,12.0,N(Ste),211.4267,-67.0153,Cir
3481,124268,8678-678-1,408748947,7.4,9.6,Nb(HD),213.5308,-53.9319,Cen
3484,,8690-2270-1,411156330,9.5,,,214.1621,-58.9789,Cen
3485,,,413285371,9.7,,N(Ste),214.7900,-56.9931,Cen
3489,125651,8285-668-1,332456001,8.3,12.6,Nb(HD),215.5829,-49.8492,Lup
3492,125849,8281-2776-1,242602438,8.5,10.7,"Nb(HD), R(Sto)",215.8654,-47.5225,Lup
3510,128033,7818-129-1,128285413,7.5,10.5,"N(San);C4,3(Yam)",218.9654,-43.3675,Lup
3519,,9007-4262-1,401957234,9.0,13.0,N(Ste),220.3679,-61.7803,Cen
3533,129981,7301-987-1,47887139,8.2,8.7,F4-G0(R)(LE83),221.6375,-32.1708,Cen
3544,,7298-291-1,88784758,9.0,11.1,R(May51),224.2896,-30.1994,Cen
3548,132181,8681-2199-1,313313205,8.0,11.1,"Nb(HD);C5,5(War)",224.9333,-53.4081,Lup
3562,133444,9266-2626-1,403072670,9.0,9.6,R3(HD),227.3525,-72.0625,Aps
3572,,9021-485-1,455128025,9.5,12.0,N(May51),228.4108,-60.3378,Cir
3569,134453,9263-2961-1,262259472,6.0,8.1,"N(San);C5,5(War)",228.5800,-70.0794,TrA
3586,,2031-278-1,357475953,9.7,,R0(Van),229.3842,+29.6028,CrB
3589,,920-203-1,366508518,9.5,,R2(VyssBalz58),229.6342,+9.4683,Ser
3606,137613,6767-469-1,185053139,7.4,9.2,R3(Sh),231.9512,-25.1694,Lib
3594,136543,9429-1290-1,288863013,7.0,11.0,Nb(HD),232.0042,-75.9297,Aps
3611,,9026-5222-1,271452153,8.0,12.0,Np(Cann21),233.0233,-62.5553,TrA
3642,,8705-1563-1,79062904,9.5,11.8,N(Ste),237.7275,-56.9725,Nor
3615,,,290470045,9.0,,,239.1529,-85.7756,Oct
3665,144578,3497-286-1,159970856,7.8,8.8,Nep(San),241.0558,+50.4992,Her
3666,,9036-119-1,298637314,9.8,10.6,R3(Cann21),242.9575,-61.5772,TrA
3679,,,236385618,9.7,12.2,"N(D,Ste)",244.2854,+25.8514,Her
3677,148173,7865-877-1,225430672,7.0,,,244.5296,-43.6606,Nor
3691,147603,8324-2937-1,4471653,9.9,12.5,Nb(HD),246.3575,-51.9269,Nor
3698,148182,5634-769-1,413757508,7.3,,Ne(San),246.6821,-12.4267,Oph
3697,148173,7865-877-1,225430672,9.2,12.3,N3(CannMay49),247.0221,-43.6611,Nor
6648,,9042-226-1,324935946,9.4,,F8:R-G2(LE83),248.6250,-63.1375,TrA
3707,148839,9050-453-1,363372857,8.5,9.0,R0(HD),248.9408,-67.1269,TrA
3714,,,230142969,9.5,12.7,,249.1475,-46.3639,Ara
3715,,,230913845,9.9,,N(Ste),249.5246,-45.9961,Ara
3720,,7350-36-1,462963005,7.0,11.7,N(San),250.1608,-32.3800,Sco
3729,150986,6821-606-1,409283802,9.1,,"C1,1(War)",251.4242,-29.3014,Sco
3735,,2058-527-1,351458106,9.0,,R0(Van),251.8529,+23.2161,Her
3731,151055,9275-905-1,364283778,8.0,10.4,"Nb(HD);C5,5(War)",252.5275,-67.7828,TrA
3756,153432,8730-627-1,172049232,9.0,11.3,Nb(HD),255.6379,-55.0711,Ara
3762,,7364-692-1,39618474,8.0,13.0,Ne(San),255.6929,-32.6708,Sco
3769,,8328-506-1,125958042,8.2,12.2,R(Sndlk),256.8213,-46.7642,Ara
3775,,,43822123,8.2,,N(Ste),257.3071,-33.8533,Sco
3774,,9056-4327-1,303798333,9.0,11.0,Nb(Cann21),257.7808,-61.9542,Ara
3795,156074,3081-810-1,275037564,7.7,,R1(Sh),258.3800,+42.1064,Her
3765,154124,9455-240-1,384749761,9.0,10.9,"R0(HD);C1,2(War)",259.5025,-81.5414,Aps
3799,156294,8341-592-1,217151657,7.9,11.5,N3(CannMay49),259.7458,-45.9639,Ara
3808,,7887-1366-1,196115910,9.3,,N(San),260.1925,-40.3883,Sco
3813,157041,7895-714-1,217607920,9.6,13.3,R1(HD),260.7787,-43.8294,Sco
3816,319738,7374-887-1,200095515,9.5,10.4,R3(Cann21),260.9346,-36.4864,Sco
3820,,6837-13-1,85948230,8.5,,N(San),261.0096,-29.3411,Oph
3822,,,214454839,9.2,,,261.5250,-50.6847,Ara
3806,156580,9288-803-1,311696845,8.0,,,261.5375,-74.4908,Aps
3827,,7887-1155-1,463848064,8.2,14.0,N(San),261.5787,-40.0300,Sco
3837,158377,6243-462-1,166500946,7.0,11.6,Nb(HD),262.4321,-19.4731,Oph
3842,,418-102-1,348422866,9.3,10.9,R2(Van),262.8471,+1.9758,Oph
3854,160205,7893-507-1,408784428,8.0,12.0,N3(CannMay49),265.1258,-41.6294,Sco
3864,160591,7385-774-1,193697490,9.9,10.7,R8(San),265.5954,-35.2475,Sco
3861,160435,8737-1110-1,74742533,7.0,9.3,Nb(HD),265.8287,-57.7239,Pav
3875,161208,6253-773-1,239253131,8.2,11.2,N + A3(Gordon),266.2354,-18.6572,Sgr
3879,,1556-1794-1,416053785,8.7,,R0(Van),266.4283,+17.2144,Her
3878,161511,7389-1244-1,112642190,7.0,10.5,N3(CannMay49),266.8675,-35.7014,Sco
3901,316667,6849-1115-1,134557625,9.0,12.5,N0(CannMay38),268.9867,-28.0308,Sgr
3921,,3914-546-1,232628114,7.2,,Ne(San),269.0971,+58.2186,Dra
3917,,1019-1747-1,5260175,9.7,,R4(San),269.6287,+13.1983,Oph
3933,312502,6259-2052-1,110813071,9.9,12.9,N0(CannMay),270.6179,-19.1736,Sgr
3938,164889,7899-3712-1,328610786,9.9,11.0,R3(San),271.3008,-39.3422,CrA
3957,166097,1013-1362-1,24817809,9.7,,R5(Sh),272.1892,+9.4522,Oph
3960,,6851-2001-1,249176068,9.9,,N(San),272.6158,-26.8650,Sgr
3982,,8358-1843-1,88886887,9.5,11.0,R0(Cann21),274.7133,-46.5481,Tel
3992,168227,6265-1647-1,115426226,8.2,9.0,R6(San),274.8408,-15.6128,Ser
4025,170495,6270-1521-1,432601044,9.0,10.9,"N(HD,Sndlk)",277.6087,-16.8969,Sgr
4032,170831,454-86-1,370568107,9.0,12.7,"N(San);C5,5(Yam)",277.8462,+4.3817,Oph
4038,,2636-1142-1,289321783,7.8,,R6(San),278.0838,+36.9989,Lyr
4045,,,350837965,9.4,14.1,,278.6625,+9.2089,Oph
4052,171804,5691-1157-1,6049426,9.0,11.0,"N(San);C5,5(Yam)",279.2671,-7.6033,Sct
4078,,,15828537,9.7,,"N(Ste),C 7,3(CH96)",280.4771,+17.6864,Her
4089,173291,2649-507-1,157949276,7.9,9.5,N4(Sh),280.7083,+36.9586,Lyr
4070,172464,8372-326-1,304614148,9.5,10.2,"R0(HD);C2,2(War)",280.7717,-51.7594,Tel
4094,173409,7408-1459-1,398347939,9.5,,R0(San),281.6108,-31.3422,Sgr
4111,,456-4-1,172573875,9.5,10.4,"N(San);C5,4(Yam)",281.8375,+5.4553,Ser
4098,173539,7915-1409-1,253708425,9.4,13.0,R0(HD),281.8846,-38.1589,CrA
4103,,6859-348-1,179463802,9.0,13.7,,281.8896,-23.9408,Sgr
4121,174325,5693-7290-1,413990427,6.3,9.7,N3(Sh),282.5833,-7.9075,Sct
4138,175377,5706-6178-1,34599010,8.8,11.1,"N3(Sh);C7,3(Yam)",283.8650,-8.1861,Sct
4147,176200,1051-51-1,298998109,8.0,11.1,"N4(Sh);C5,3(Yam)",284.6350,+14.3639,Aql
4145,175893,6885-1646-1,92102677,9.3,10.1,R0(San),284.6971,-29.5050,Sgr
4149,,7417-1401-1,380388767,9.0,,,285.1996,-34.9803,Sgr
4158,,,254096009,9.0,12.8,,286.0071,-41.2647,CrA
4164,177336,5140-3199-1,309889789,6.5,10.6,N6(Sh),286.1008,-5.6847,Aql
4190,,,395867942,9.7,,,287.5892,+14.1914,Aql
4198,349836,1594-376-1,10437848,9.6,,,287.9567,+20.6167,Sge
4208,,2131-553-1,403300311,9.8,,R3(San),288.4154,+27.3061,Lyr
4217,,1611-1932-1,354339835,9.0,13.5,"N(San);C4,4:(De)",289.2258,+21.9083,Vul
4229,180953,6296-819-1,130940288,7.2,,"N2(Sh);C6,4(Yam)",289.7900,-15.9083,Sgr
4241,,3134-1708-1,122223400,8.3,,Ne(San),290.0162,+37.8744,Lyr
4302,183556,4584-2918-1,420129036,6.1,8.5,"N0(Sh);C7,3(Yam)",290.3979,+76.5597,Dra
4247,182040,5713-492-1,98919473,7.0,,R0(Sh),290.7921,-10.7033,Aql
4485,187216,4652-763-1,397514892,9.6,,R2(Sh),291.0767,+85.3650,Dra
4307,,3543-2275-1,63129128,8.1,11.0,"N(San);C4,5(Yam)",292.1983,+46.0439,Cyg
6791,,,370639463,7.6,,"C0,0(Yam)",292.5796,+21.8689,Vul
6805,,2138-692-1,372927939,9.8,11.0,,293.3237,+23.6553,Vul
4333,184283,6298-279-1,439106796,7.7,8.5,"N3(Sh);C7,4(Yam)",293.5792,-16.3742,Sgr
4357,,7429-1238-1,113770082,9.0,11.5,R(Sto),294.2908,-33.3714,Sgr
4415,186047,2660-3137-1,70728183,7.0,10.8,N(San),295.2375,+32.6183,Cyg
4454,186665,6316-2569-1,69400978,8.8,11.7,N(San),296.6087,-18.1517,Sgr
4524,187861,9093-1085-1,466164033,9.2,10.4,R0(HD),299.1125,-65.3686,Pav
4581,189256,3149-942-1,268821645,7.4,11.4,N6(Har),299.3021,+44.2611,Cyg
4567,188934,481-1884-1,183371661,9.3,,"R8(Sh);C3,1(Yam)",299.4067,+0.2417,Aql
4598,189711,1075-1743-1,393605032,8.7,,N(San),300.2658,+9.4975,Aql
4616,190048,1629-945-1,352536266,9.2,10.3,N3(CannMay49),300.5962,+21.0903,Sge
4633,,,275232994,9.9,,R(NassSte61),300.8704,+17.0908,Sge
4653,190606,1629-1033-1,,8.7,10.0,N3(CannMay49),301.2696,+20.6478,Sge
4614,190018,8776-220-1,101508220,8.3,,"C1,1(War)",301.3642,-52.7017,Tel
4714,191738,3563-462-1,185675883,8.5,11.7,"N3(Sh);C7,4(Yam)",302.3754,+47.8714,Cyg
4712,,3158-1346-1,42589375,9.0,11.7,N(San),302.4342,+41.4936,Cyg
4716,191783,2683-3082-1,91948700,8.5,13.0,N(San),302.6021,+35.9481,Cyg
4701,,5752-2494-1,14191952,9.4,,Ne(Bid),302.8254,-14.2683,Cap
4758,192443,3151-539-1,312364784,6.5,,N0p(Sh),303.3487,+38.7292,Cyg
4784,,3945-105-1,233829187,9.6,,R0(Van),303.5321,+58.1053,Cyg
4774,192737,6340-1015-1,71637257,7.5,8.9,"N(San);C6,4(Yam)",304.2771,-21.3178,Cap
4817,193680,3576-1359-1,193083950,6.7,,"Np(Sh);C9,2(CH96)",304.9025,+47.8942,Cyg
4792,193025,8413-646-1,166548332,9.0,,Nb(HD),305.0542,-49.8208,Tel
4848,,1636-1627-1,219656018,9.5,13.0,N(San),306.3558,+17.9069,Del
4873,195435,5762-1349-1,205518613,9.6,,R6(San),307.9292,-11.8844,Cap
4915,,2165-417-1,396845364,7.7,,Ne(San),309.3242,+26.4839,Vul
4939,,3578-2382-1,286094845,6.8,,Ne(San),310.3263,+48.1414,Cyg
4946,,2691-1817-1,100337680,9.2,13.4,N(San),310.8867,+32.1231,Cyg
4947,197604,2695-1012-1,100403866,9.2,,R4(San),310.8958,+35.0731,Cyg
4978,198269,1651-1359-1,87992293,7.9,,R0(Van),312.1529,+17.8400,Del
4989,,2691-3115-1,230742877,8.9,13.3,"N(San);C5+,5(De)",312.3175,+33.2297,Cyg
6882,201626,2181-1908-1,125679725,8.1,,"C1,1CH(Yam)",317.4958,+26.6208,Vul
5171,,,136368293,9.7,12.5,"N(Ste);C7,4e(De)",317.5004,+46.7392,Cyg
5147,201266,8793-857-1,79225050,9.5,11.3,"R5(HD);C5,4(War)",317.5858,-53.7039,Ind
5227,202851,5194-1236-1,364249756,9.6,,R0(Ste),319.6812,-1.5342,Aqr
5230,,532-308-1,376427153,9.8,,R1(San),319.7608,+3.2419,Equ
5228,202874,8422-584-1,139121623,6.0,7.7,N(San),320.0396,-45.0219,Ind
5265,,3190-2295-1,138952747,8.5,12.1,N(San),320.6196,+42.3964,Cyg
5239,203133,9326-451-1,410057499,7.0,8.6,"Na(HD);C7,3(War)",321.0696,-69.7339,Pav
5368,,,430003440,9.3,,,323.7250,+58.6050,Cep
5406,206362,4603-770-1,264405368,9.4,15.6,N(San),323.8033,+78.6244,Cep
5418,206570,2725-2262-1,239622721,6.1,,"N1(Sh);C6,3(Yam)",325.5046,+35.5103,Cyg
5425,206750,3184-2150-1,351564058,7.1,10.8,"N5(Sh);C6,4(Yam)",325.8179,+38.0175,Cyg
5420,206652,9122-78-1,406320083,9.0,10.9,Na(HD);C6II(GCVS),326.5733,-65.3078,Ind
5494,208512,3612-332-1,370721793,9.8,12.3,Nlate(Har),328.8075,+50.4972,Cyg
5496,208526,2203-2128-1,283620251,7.7,9.7,N3(Sh),329.0921,+22.8628,Peg
5561,209621,1692-499-1,420822670,8.8,,R3(Sh),331.1046,+21.0525,Peg
5566,,,,8.1,,R(Ste),331.2287,+25.1508,Peg
5570,209890,2724-1872-1,162290171,7.6,9.0,Ne(San); C-S,331.4708,+33.5069,Peg
5577,,3609-950-1,326252558,9.1,10.6,"R(D); C6-,4(De)",331.6662,+48.4519,Lac
5627,,5225-1112-1,439843712,9.7,,R(Ste),334.9279,-0.6639,Aqr
5677,,3995-863-1,64463531,9.5,,"N(San);C4,4(Yam)",338.1117,+58.6183,Cep
5719,215484,4265-376-1,331465435,8.3,11.5,"N(San);C7,4(Yam)",341.0462,+61.7286,Cep
5714,,1701-984-1,434192861,9.0,12.0,Ne(San),341.2221,+18.1156,Peg
5721,,3629-198-1,66356224,9.7,12.0,N(San),341.2442,+49.4808,Lac
5722,,3992-2086-1,343319958,9.9,12.1,"N(San);C4,3(Yam)",341.2675,+56.6217,Lac
5774,216913,3985-430-1,367683879,9.4,11.5,"N(San);C4,5(Yam)",344.0308,+54.2294,Lac
5791,,3622-431-1,155020942,9.6,12.5,R8(San),345.4562,+45.8858,And
5823,218875,6401-266-1,204374656,9.4,,R0(San),347.9004,-21.0031,Aqr
5865,,4003-145-1,319495684,9.5,13.5,R8(San),350.8662,+56.1672,Cas
5879,220870,3645-2304-1,25472862,9.0,10.8,"N(San);C7,3(Yam)",351.7392,+49.5164,And
5890,,4284-514-1,270659145,9.9,13.6,"N(D); C5+,3(De)",353.0867,+62.1089,Cas
5903,222241,2778-765-1,369617367,8.2,,Nb(HD),354.6879,+35.7725,And
5928,223075,589-1671-1,293340820,5.3,6.9,"N0(Sh);C7,2(Yam)",356.5979,+3.4869,Psc
5937,223392,592-649-1,408411255,8.8,,"R3(Sh);C3,2(K-M)",357.2729,+6.3825,Psc
5970,,4009-1411-1,417303230,9.6,,Ne(San),359.7721,+56.9692,Cas
