name,hd,tyc,tic,vartype,maxmag,minmag,names,ra_deg,dec_deg,constellation
WW Cet,,,37697003,UGZ:,9.3,15.7,HV 8002/PHL 718,2.8532,-11.4787,Cet
HP And,,,,UG:,10.5,14.5,SVS 71,4.7887,+41.4617,And
Psc,,,,UGWZ,10.5,17.5,ASAS J002511+1217.2,6.2961,+12.2867,Psc
LS And,,,,NA:,11.7,20.5,NSV 191,8.0425,+41.9696,And
And,,,,N::,9.5,15.0,NSV 15112,8.0962,+25.8058,And
VZ Tuc,,,,NA,11.4,18.0,HV 6334,8.5042,-73.2712,Tuc
RX And,,2807-1623-1,422880652,UGZ,10.9,12.6,1E 0101+4101,16.1481,+41.2994,And
V723 Cas,,,252137205,NB,7.1,18.0,,16.2724,+54.0112,Cas
HT Cas,,,52861041,UGSU,10.8,18.4,S 3343,17.5547,+60.0766,Cas
And3,,,,N:,10.0,13.0,NSV 447,18.6833,+35.6192,And
WX Cet,,,,UGWZ,9.5,18.5,BV 416,19.2674,-17.9396,Cet
Cas3,,,,N:,10.0,18.0,ISV 0115+63,19.6067,+63.7022,Cas
AH Psc,,,,N:,9.5,14.0,BD +8 215,20.3858,+9.6831,Psc
TY Psc,,,80532925,UGSU,11.7,16.3,S 10900,21.4141,+32.3859,Psc
KT Per,,,308786442,UGZ,10.6,16.1,GR 91,24.2866,+50.9557,Per
AR And,,,67955065,UG,11.0,17.6,Ross 346,26.2637,+37.9424,And
V Per,12244,,,N,9.2,18.5,BD +56 406a,30.4747,+56.7343,Per
TT Ari,,1207-1606-1,97328148,VY/DQ:,9.5,14.5,BD +14 341,31.7212,+15.2949,Ari
WX Hyi,,,369705840,UGSU,11.4,14.8,HV 8016,32.4618,-63.3111,Hyi
UV Per,,,375082024,UGSU,11.7,17.9,87.1911,32.5347,+57.1892,Per
PQ And,,,,NR/UG,10.1,19.0,TAV 0226+39,37.3731,+40.0445,And
Per,,,,N:,8.9,14.0,NSV 837,37.4044,+52.4278,Per
Per,,,,UG/SN,11.7,20.0,NSV 895,40.5379,+43.3522,Per
SU Ari,,,,N:,9.5,14.5,BD +16 354,42.1250,+17.3631,Ari
V400 Per,,,,NA,7.8,19.5,,46.9093,+47.1278,Per
Per,,,,N::,9.5,,BD +34 620;NSV 15667,49.7782,+35.4933,Per
W Ari,,,,N::,9.5,20.0,BD +28 518,50.1879,+28.9539,Ari
GK Per,21629,,431762266,NA/DQ,0.2,13.9,BD +43 740a,52.8000,+43.9043,Per
SZ Per,,,,N::,9.5,16.5,BD +33 715,56.7762,+34.3217,Per
FO Per,,,267052599,UG,11.8,16.2,22.1939,62.1458,+51.2467,Per
VW Hyi,,9156-1776-1,25133286,UGSU,8.5,13.8,RE J0409-7125,62.2975,-71.2949,Hyi
IM Eri,,5896-80-1,,NL,11.6,13.0,EC 04224-2014,66.1713,-20.1199,Eri
Cam,,,,N:,8.5,,NSV 16032,67.8142,+58.7522,Cam
TU Men,,,358154354,UGSU,11.6,18.5,S 6732,70.4188,-76.6129,Men
XX Tau,,,,NA,5.9,18.5,100.1927,79.8519,+16.7169,Tau
GR Ori,,,,N:,11.5,22.8,2.1916,80.3972,+1.1701,Ori
ZZ Lep,35914,5340-684-1,94990172,NL:,9.8,10.2,HD 35914,81.8675,-12.6973,Lep
QZ Aur,,,3034524,NA,6.0,17.5,,82.1419,+33.3058,Aur
V1159 Ori,,,50620873,UGSU,11.2,15.1,NSV 2011,82.2481,-3.5647,Ori
T Aur,36294,,3547397,NB,4.2,15.2,BD +30 923a,82.9963,+30.4459,Aur
Cam,,,,UGSU,11.6,16.0,1RXS J053234+624755,83.1411,+62.7978,Cam
CN Ori,,,176722720,UGZ,11.9,16.3,39.1906,88.0325,-5.4168,Ori
V529 Ori,,,238457862,N::,6.0,20.5,,89.5841,+20.2625,Ori
SS Aur,,,307279356,UG,10.5,14.5,31.1907,93.3435,+47.7404,Aur
Aur2,,,,DQ::,11.2,14.5,NSV 2872,93.5409,+45.5024,Aur
KR Aur,,,82935948,VY,11.3,16.9,KUV 06126+2836,93.9331,+28.5857,Aur
CZ Ori,,,437904996,UG,11.2,17.0,144.1928,94.1800,+15.4032,Ori
KT Mon,,,,NA/WZ,10.3,21.0,,96.3269,+5.4421,Mon
RR Pic,,8899-1342-1,293271581,NB,1.0,12.1,He 3-15,98.9003,-62.6401,Pic
CW Mon,,,281412181,UG,11.9,16.3,61.1936,99.2274,+0.0381,Mon
SY Gem,,,240082127,N::,9.2,13.0,BD +31 1380,100.1542,+31.1906,Gem
PU CMa,,,172467837,UGSU:,11.0,16.2,1RXS J064047-142305,100.1987,-24.3872,CMa
BT Mon,,,280302032,NA,8.5,16.1,67.1939,100.9469,-2.0208,Mon
CMa,,,,CV/N:,11.4,19.0,RX J0643-2052,100.9954,-20.8758,CMa
DM Gem,48328,,,NA,4.8,16.7,HD 48328,101.0506,+29.9450,Gem
HL CMa,,5949-2599-1,322899410,UG/UGZ,11.7,14.5,1E 0643-1648,101.3217,-16.8596,CMa
IR Gem,,,90939259,UGSU,11.2,17.0,S 5423,101.8945,+28.1062,Gem
DN Gem,50480,,68580394,NA,3.5,16.0,HD 50480,103.7265,+32.1411,Gem
Gem,,,,N::,7.0,14.0,NSV 3313,104.6875,+17.0364,Gem
V838 Mon,,,33366214,NC,8.3,,,106.0202,-3.8475,Mon
CMi,,,,NL?,10.6,11.4,NSV 3432,107.5208,+2.9333,CMi
GI Mon,58756,,5657040,NA/DQ,5.6,16.6,HD 58756,111.6962,-6.6749,Mon
V445 Pup,,,110608220,NC:,8.6,14.0,,114.4870,-25.9497,Pup
V574 Pup,,,,N,7.0,,Nova Pup 2004,115.4732,-27.1106,Pup
HS Pup,,,151000367,NA:,8.0,18.8,BV 431,118.3537,-31.6473,Pup
U Gem,64511,,293254698,UGSS,9.1,15.2,BD +22 1807,118.7718,+22.0014,Gem
HT Cam,,,335654642,UG/DQ,11.9,18.2,RX J0757.0+6306,119.2557,+63.1005,Cam
Pup,,,,N::,3.0,20.0,NSV 3846,119.7542,-43.8183,Pup
HZ Pup,,,153352161,NA,7.7,17.0,S 8438,120.8451,-28.4745,Pup
Z Cha,,,272551828,UGSU,11.9,17.2,S 4893,121.8657,-76.5336,Cha
VZ Gem,,,,N::,8.7,21.0,BD +31 1736,121.9458,+30.8483,Gem
YZ Cnc,,,97286251,UGSU,10.5,15.5,BV 131,122.7360,+28.1426,Cnc
V351 Pup,,,,N/AM,6.4,19.6,,122.9100,-35.1251,Pup
CP Pup,,,145620527,NA,0.5,15.2,He 3-130,122.9419,-35.3514,Pup
SU UMa,,,73247975,UGSU,11.2,15.0,PG 0808+627,123.1178,+62.6062,UMa
DY Pup,,,,NB:,7.0,19.6,HV 3600,123.4520,-26.5657,Pup
IX Vel,,8157-627-1,286156790,UX,9.1,10.0,CPD -48 1577,123.8291,-49.2222,Vel
Z Cam,,4380-1032-1,312866273,UGZ,10.5,14.8,183.1904,126.3049,+73.1109,Cam
SW UMa,,,157260715,UGSU/DQ,9.0,17.0,44.1909,129.1781,+53.4773,UMa
EG Cnc,,,,UGWZ,11.4,17.7,,130.7666,+27.8638,Cnc
BZ UMa,,,316276691,UGSU,10.2,15.9,PG 0849+580,133.4340,+57.8113,UMa
CU Vel,,,191021183,UGSU,10.7,17.0,HV 8171,134.6377,-41.7977,Vel
CQ Vel,,,,NA:,9.0,21.0,,134.7103,-53.3364,Vel
VZ Pyx,,,37430543,UGSU,11.0,17.0,Pyx1; 1H 0857-242,134.8327,-24.4820,Pyx
SY Cnc,,,437056841,UGZ,11.1,14.5,BD +18 2101,135.2639,+17.8989,Cnc
T Pyx,,,17897279,NRB,6.5,15.3,HV 3348,136.1730,-32.3799,Pyx
Leo,,,,N::,4.0,,NSV 4550,144.3292,+15.2200,Leo
CH UMa,,,103632402,UG,10.7,15.3,PG 1003+678,151.7529,+67.5465,UMa
RW Sex,,5490-556-1,36736203,UX,10.4,10.8,BD -7 3007,154.9859,-8.6989,Sex
U Leo,,,70680826,N::,10.5,15.0,BD +14 2239,156.0137,+14.0031,Leo
V382 Vel,,,,NA,2.7,16.6,,161.2017,-52.4253,Vel
CN Vel,95821,,,NB,10.2,17.8,HD 95821,165.6604,-54.3861,Vel
V365 Car,,,,NB,10.1,18.5,He 3-558,165.8159,-58.4573,Car
QU Car,310376,9212-2097-1,400481784,NL,11.1,11.5,HDE 310376,166.4271,-68.6328,Car
RS Car,96830,,,N,7.0,18.0,HD 96830/HV 47,167.0241,-61.9356,Car
V436 Cen,,,151912932,UGSU,11.3,15.5,1E 1111-3724,168.5005,-37.6800,Cen
V442 Cen,,,57261312,UGSS,11.9,16.5,HV 8364,171.2164,-35.9102,Cen
RZ Leo,,,380576494,UGWZ,11.5,19.2,30.1919,174.3427,+1.8163,Leo
T Leo,,,396998901,UGSU,10.0,15.9,BD +4 2506a,174.6118,+3.3686,Vir
DO Dra,,,142864870,DQ,10.6,16.7,YY Dra?,175.9104,+71.6891,Dra
MT Cen,,,322239323,N:,8.4,22.0,,176.0021,-60.5594,Cen
GQ Mus,,,908535248,NA/AM,7.2,18.3,,178.0103,-67.2056,Mus
BC UMa,,,11894425,UGSU,10.9,18.3,GR 102,178.0660,+49.2450,UMa
LZ Mus,,,306023513,NA,9.5,18.0,,179.0373,-65.5724,Mus
DI Cru,104994,8978-2316-1,379639650,NLV,10.6,10.9,HD 104994,181.3280,-62.0528,Cru
CP Cru,,,,NA:,9.3,19.5,,182.6305,-61.7527,Cru
MU Cen,,,,UGSS,11.8,14.9,vG 41,183.2245,-44.4711,Cen
Cru,,,,N::,9.0,,N Cru 2003,185.8175,-60.3761,Cru
AP Cru,,,451182728,N:/DQ,10.7,21.7,615.1936,187.8351,-64.4402,Cru
EX Hya,,,9560142,UG/DQ,10.0,14.1,1E 1249-2858,193.1009,-29.2489,Hya
V888 Cen,,,438962414,NA,7.6,16.4,,195.6325,-60.1933,Cen
V812 Cen,,,,N,11.0,20.4,,198.4762,-57.6789,Cen
V1047 Cen,,,,N,8.8,,Nova Centauri 2005,200.2072,-62.6307,Cen
HV Vir,,,,UGWZ,11.5,19.0,NSV 6201,200.2632,+1.8914,Vir
RR Cha,,,,NA/DQ,7.1,19.3,S 5346,201.5992,-82.3286,Cha
BV Cen,,8666-998-1,68598724,UG,10.5,13.3,HV 4647,202.8312,-54.9760,Cen
V868 Cen,,,,N,10.2,19.9,,207.5442,-63.1478,Cen
V1039 Cen,,,,NA,9.1,20.8,,208.9218,-64.2659,Cen
AB Boo,,,,N::,4.5,,BD +21 2606?,211.6958,+20.8069,Boo
T Boo,,,,N:,9.7,18.5,BD +19 2768a,213.5250,+19.0650,Boo
DD Cir,,,449041534,NA/DQ,7.5,20.2,,215.8477,-69.1459,Cir
HY Lup,,,,N,8.0,18.9,,217.9592,-51.1756,Lup
V842 Cen,,,411603422,N,4.6,15.8,,218.9690,-57.6265,Cen
X Cir,,,,NB,6.5,23.0,,220.6833,-65.2075,Cir
UZ Boo,,,1101145382,UGWZ,11.5,20.4,HV 10426,221.0050,+22.0152,Boo
BY Cir,,,,N,7.2,17.9,,221.2227,-63.8988,Cir
AR Cir,,,,N:,10.3,19.5,HV 2954,222.0397,-60.0076,Cir
AI Cir,,,,N:,10.9,23.0,HV 5121,222.3804,-68.8600,Cir
KV Dra,,,335682765,UGSU,11.8,17.1,RX J1450.5+6403,222.6596,+64.0579,Dra
DE Cir,,,455637054,N,7.7,,,229.4687,-61.9546,Cir
GW Lib,,,225798235,UGWZ,9.0,18.5,,229.9810,-25.0070,Lib
IL Nor,137677,,144875699,NB,7.0,18.0,HD 137677/HV 25,232.3463,-50.5833,Nor
Lib,,,,UGSU,11.5,15.4,ASAS 153616-0839.1,234.0667,-8.6521,Lib
PQ Ser,139512,1500-869-1,345589782,NL:,8.1,,HIP 76538,234.4742,+21.4407,Ser
IM Nor,,,,NRB,7.8,22.0,HV 3532,234.8603,-52.3217,Nor
CT Ser,,,119860183,N,7.9,16.6,,236.4128,+14.3756,Ser
T CrB,143454,2037-1144-1,462607643,NRA,2.0,11.3,BD +26 2765,239.8757,+25.9202,CrB
Oph,,,,N:,11.5,21.0,NSV 7542,243.3784,-5.3107,Oph
V341 Nor,,,,N:,9.4,17.0,,243.4350,-53.3189,Nor
V893 Sco,,,68693903,UG,10.6,14.5,SVS 1772,243.8124,-28.6256,Sco
T Sco,,,,N:,7.0,22.2,,244.2618,-22.9754,Sco
X Ser,,,362486010,NB:,8.9,18.3,HV 3137,244.8238,-2.4917,Ser
V382 Nor,,,,N,8.9,,Nova Normae 2005,244.9364,-51.5814,Nor
U Sco,,,413482626,NRB,8.8,19.5,BD -17 4554,245.6284,-17.8789,Sco
OY Ara,,,,NA,6.0,17.5,HD 149990,250.2095,-52.4309,Ara
AH Her,,2049-1115-1,236005060,UGZ,11.3,14.7,SVS 32,251.0417,+25.2506,Her
RW UMi,,,,NB/UG,6.0,18.5,SVS 1359,251.9783,+77.0367,UMi
V840 Oph,,,,NA:,6.5,19.3,HV 3522,253.6830,-29.6241,Oph
V841 Oph,,,434649444,NB,4.2,13.5,BD -12 4633,254.8765,-12.8909,Oph
V992 Sco,,,126173199,NA,8.3,17.2,,256.8227,-43.2560,Sco
V2214 Oph,,,,NB/AM,8.5,20.5,,258.0066,-29.6259,Oph
V1186 Sco,,,46764644,NB,10.9,,ASAS 171251-3056.6,258.2137,-30.9438,Sco
V2573 Oph,,,,N,10.6,,Nova Oph 2003,259.8087,-27.3764,Oph
V2264 Oph,,,,NA,9.9,21.0,,260.0868,-26.7740,Oph
V2109 Oph,,,,N,10.8,18.0,,261.0664,-24.6139,Oph
BB Oph,,,,N:,11.3,19.0,HV 3985,261.1251,-24.8017,Oph
V2295 Oph,,,,NA,9.0,21.0,,261.2767,-23.1864,Oph
V902 Sco,,,,NB,11.0,20.0,He 3-1401,261.5346,-39.0681,Sco
V906 Oph,,,,NA,8.4,13.0,,261.5404,-21.9078,Oph
V908 Oph,,,,N,11.5,14.0,,261.9625,-27.7500,Oph
V1187 Sco,,,,N,7.4,,Nova Sco 2004 No. 2,262.3284,-31.7671,Sco
AT Ara,,,218450024,UGSS,11.5,14.9,HV 6551,262.6408,-46.0995,Ara
V2487 Oph,,,230772569,NA,9.5,17.7,,262.9992,-19.2322,Oph
V972 Oph,,,198318835,NB,8.0,17.5,,263.6853,-28.1765,Oph
V2313 Oph,,,,NA,7.5,12.5,,263.9359,-19.3261,Oph
V2540 Oph,,,,NB,8.5,21.0,,264.3934,-16.3883,Oph
V2574 Oph,,,,N,10.3,,,264.6896,-23.4718,Oph
V794 Oph,,,235024198,NB,11.7,18.0,,264.7051,-22.8469,Oph
V728 Sco,,,30090567,N::,5.0,20.0,N Ara 1862,264.8012,-45.4792,Sco
V2024 Oph,,,,N,11.0,18.0,,265.5875,-24.9833,Oph
V721 Sco,,,193690620,N,10.1,18.0,He 3-1458,265.6212,-34.6782,Sco
V2290 Oph,,,,NA,9.3,19.0,,265.7729,-20.1153,Oph
KP Sco,,,,NA:,9.4,21.0,HV 4716,266.0686,-35.7232,Sco
V1188 Sco,,,,N,8.9,,Nova Sco 2005,266.0900,-34.2766,Sco
V719 Sco,,,,NA,9.8,20.5,He 3-1473,266.4325,-34.0151,Sco
V4744 Sgr,,,,NA,9.7,20.0,N Sgr 2002 No. 4,266.8401,-23.4726,Sgr
Sco,,,,N,11.0,21.0,NSV 9663,266.9083,-33.1986,Sco
V707 Sco,320693,,,NA,9.9,20.0,HV 3618,267.1099,-36.6319,Sco
V722 Sco,,,,NA,9.4,13.0,,267.1542,-34.9639,Sco
V3888 Sgr,,,437685383,N,9.0,21.0,,267.1690,-18.7602,Sgr
V1274 Sgr,,,,N/SN:,9.5,13.0,SN s1954a,267.2292,-17.8667,Sgr
V378 Ser,,,,N,11.8,19.5,,267.3524,-12.9998,Ser
V3964 Sgr,,,420940925,NA,9.4,17.0,,267.4273,-17.3932,Sgr
V723 Sco,,,,NA/NRA:,9.8,19.0,,267.5217,-35.3994,Sco
RS Oph,162214,5094-550-1,6348255,NRA,4.3,12.5,BD -6 4661,267.5548,-6.7079,Oph
V1172 Sgr,,,335748186,N,9.0,18.0,,267.5981,-20.6751,Sgr
V697 Sco,,,,NA/DQ,10.2,20.0,,267.8410,-37.4153,Sco
V977 Sco,,,444823053,N,9.4,21.0,,267.9598,-32.5334,Sco
LW Ser,,,,NA,8.3,20.6,,267.9620,-14.7307,Ser
V382 Sco,,,,N:,9.5,22.0,HV 7006,267.9839,-35.4182,Sco
V720 Sco,,,,N,7.5,21.0,He 3-1503,267.9917,-35.3894,Sco
V696 Sco,,,256217523,NA,7.5,19.5,,268.2980,-35.8376,Sco
V4092 Sgr,,,,N:,10.5,,,268.4250,-29.0357,Sgr
V711 Sco,,,257261181,N:,9.7,19.0,HV 3061,268.5250,-34.3544,Sco
V1141 Sco,,,,N,8.5,17.6,,268.5467,-30.0478,Sco
V4643 Sgr,,,133754112,NA,8.1,16.0,,268.6686,-26.2376,Sgr
V4642 Sgr,,,,NA,10.4,19.0,,268.7910,-19.7669,Sgr
V745 Sco,,,258891666,NRA,11.2,21.0,,268.8427,-33.2499,Sco
V1142 Sco,,,,NA,6.9,20.0,,268.8541,-31.0282,Sco
MU Ser,,,,NA,7.7,21.0,,268.9699,-14.0214,Ser
V732 Sgr,316633,,134567220,NA,6.5,16.0,HDE 316633,269.0312,-27.3716,Sgr
V960 Sco,,,,N,10.5,20.0,,269.1422,-31.8268,Sco
V1178 Sco,,,260747077,NA,10.2,17.5,HadV92,269.2788,-32.3847,Sco
V990 Sgr,,,136018807,NA:,11.1,14.7,,269.3292,-28.3186,Sgr
V3889 Sgr,,,,NA:,8.4,21.0,,269.5888,-28.3646,Sgr
V1275 Sgr,,,469401519,NA,7.0,18.0,N Sco 1954,269.7763,-36.3113,Sgr
V4338 Sgr,,,,UG:,8.0,14.0,,269.8257,-29.1647,Sgr
V4135 Sgr,,,,N,10.0,21.5,,269.9378,-32.2724,Sgr
V4741 Sgr,,,,NA,9.2,18.0,N Sgr 2002 No. 1,269.9985,-30.8890,Sgr
V787 Sgr,316917,,,NA:,9.8,21.0,HDE 316917,270.0092,-30.5086,Sgr
V999 Sgr,163982,,,NB,8.0,17.4,HD 163982,270.0233,-27.5539,Sgr
V394 CrA,,,,NRB,7.2,18.8,N Sco 1949,270.1082,-39.0097,CrA
FL Sgr,,,,NA:,8.3,20.0,HV 4003,270.1258,-34.6036,Sgr
KY Sgr,,,196008675,NA:,10.6,20.0,HV 4480,270.3371,-26.4114,Sgr
V4742 Sgr,,,,NA,8.0,18.0,N Sgr 2002 No. 2,270.5911,-25.3423,Sgr
V4027 Sgr,,,,N,11.0,21.0,,270.6217,-28.7555,Sgr
V2104 Oph,,,,N,8.8,20.5,,270.8542,+11.7992,Oph
AT Sgr,,,,NA:,11.0,19.0,HV 1149,270.8786,-26.4746,Sgr
V4579 Sgr,,,406563804,NB,11.0,16.5,NSV 24159,270.9077,-28.0021,Sgr
Sgr,,,,N,10.5,,NSV 10158,271.3000,-29.9064,Sgr
V1572 Sgr,,,,N,11.0,16.0,,271.4042,-31.6286,Sgr
V1012 Sgr,,,,NA:,8.0,20.0,HV 3531,271.5583,-31.7408,Sgr
V1014 Sgr,,,,NA:,10.9,20.0,HV 3312,271.6904,-27.4376,Sgr
V737 Sgr,,,,N:,10.3,19.0,V908 Sgr,271.7863,-28.7478,Sgr
DQ Her,,,332624864,NA/DQ,1.3,14.6,452.1934,271.8761,+45.8589,Her
V4444 Sgr,,,248414728,NA/NR,7.7,21.0,,271.9009,-27.3371,Sgr
V927 Sgr,,,,NA,8.0,20.0,,271.9279,-33.3548,Sgr
V426 Oph,,,18053590,UGZ/DQ:,11.5,19.4,29.1926/SVS 83,271.9654,+5.8633,Oph
V4121 Sgr,,,,N,9.5,21.0,,271.9782,-28.8241,Sgr
V630 Sgr,321353,,,NA,4.5,17.5,HDE 321353,272.2010,-34.3393,Sgr
V1015 Sgr,,,,NA:,7.1,21.0,HV 3529,272.2625,-32.4711,Sgr
V1148 Sgr,,,248847384,N,8.0,16.0,,272.2750,-25.9922,Sgr
V4157 Sgr,,,,NA,7.0,21.0,,272.3954,-25.8662,Sgr
V5113 Sgr,,,,N,9.0,,N Sgr 2003 No. 2,272.5434,-27.7598,Sgr
UZ Ser,,,,UGSS,11.9,16.0,56.1924,272.8536,-14.9261,Ser
V4740 Sgr,,,,NA,6.5,18.0,N Sgr 2002 No. 3,272.9416,-30.5138,Sgr
V4327 Sgr,,,,NA,7.7,,,273.2076,-29.4847,Sgr
V1830 Sgr,,,,UG,11.5,17.5,,273.4610,-27.7058,Sgr
V849 Oph,167276,,,NB,7.3,17.0,HD 167276,273.5304,+11.6118,Oph
V4160 Sgr,,,,NA,7.0,19.0,,273.5576,-32.2079,Sgr
V1175 Sgr,,,,N,7.0,12.0,,273.5708,-31.1189,Sgr
V533 Her,,,76191504,NA,3.0,14.8,,273.5853,+41.8561,Her
V1583 Sgr,,,,NA:,8.9,21.0,HV 12320,273.8596,-23.3884,Sgr
V4074 Sgr,,7392-1189-2,,NB/Z AN,8.6,,AS 295B,274.0221,-30.8542,Sgr
V5115 Sgr,,,,N,7.8,,Nova Sagittarii 2005,274.2457,-25.9441,Sgr
FM Sgr,,,,NA:,8.6,20.5,HV 3994,274.3254,-23.6409,Sgr
V5116 Sgr,,,,N,8.1,,Nova Sgr 2005 No. 2,274.4616,-30.4423,Sgr
V1149 Sgr,,,,NB,7.4,21.0,,274.6267,-28.2881,Sgr
V928 Sgr,,,,NB,8.9,20.5,,274.7471,-28.1000,Sgr
V5114 Sgr,,,,N,8.4,17.5,Nova Sgr 2004,274.8845,-28.6099,Sgr
V726 Sgr,315532,,,NA,10.8,19.0,HDE 315532,274.8904,-26.8888,Sgr
V4065 Sgr,,,128371774,N:,9.0,14.0,,274.9083,-24.7322,Sgr
V1016 Sgr,,,128376490,NA,8.5,17.0,HV 3306,274.9903,-25.1872,Sgr
V4633 Sgr,,,49767197,NA,7.4,20.0,,275.4186,-27.5272,Sgr
V441 Sgr,315574,,,NA,8.7,,HDE 315574,275.5337,-25.4816,Sgr
GR Sgr,,,50001570,N,11.4,16.6,HV 4012,275.7440,-25.5798,Sgr
V4169 Sgr,,,,NA,7.8,12.6,,275.8622,-28.3666,Sgr
V4171 Sgr,,,,NA,8.0,20.5,,275.9222,-22.9913,Sgr
V4361 Sgr,,,,N,10.6,16.9,,275.9269,-18.1208,Sgr
V655 CrA,,,,N,8.0,17.6,,276.1862,-36.9958,CrA
V4739 Sgr,,,,NA,7.2,18.0,N Sgr 2001 No. 2,276.1918,-30.0114,Sgr
V1151 Sgr,,,,NB,11.1,20.0,,276.3490,-20.1998,Sgr
V909 Sgr,,,,NA,6.8,20.0,,276.4679,-35.0241,Sgr
V3941 Sgr,,,52353617,UG:,11.5,14.0,,276.4928,-29.4303,Sgr
BS Sgr,,,52606392,NB,9.2,17.0,INN 4a,276.6947,-27.1389,Sgr
HS Sgr,,,,NB:,11.5,16.5,HV 4011,277.0143,-21.5735,Sgr
V4362 Sgr,,,432597778,NB,8.0,15.0,,277.5963,-17.1991,Sgr
V3890 Sgr,,,226364061,NRA,8.4,17.2,GS 1826-24,277.6804,-24.0191,Sgr
FH Ser,,,404785276,NA,4.5,17.6,,277.6960,+2.6147,Ser
V2572 Sgr,,,,NA:,6.5,18.0,BV 1262,277.9031,-32.5994,Sgr
V1017 Sgr,,,226703160,NB/DN:,7.2,13.7,HV 3519,278.0186,-29.3867,Sgr
V476 Sct,,,,N,9.9,,Nova Scuti 2005,278.0198,-6.7262,Sct
V1905 Sgr,,,,N:,9.1,19.0,,278.4254,-25.3450,Sgr
V463 Sct,,,,NA,9.9,20.0,HadV46,278.5130,-14.7534,Sct
V4077 Sgr,,,,NB,8.0,22.0,,278.6642,-26.4341,Sgr
V1310 Sgr,,,405207196,NB:,11.7,15.5,,278.7542,-30.0599,Sgr
V4021 Sgr,,,,NA,8.8,18.0,,279.5583,-23.3797,Sgr
V477 Sct,,,,N,10.4,,Nova Sct 2005 No. 2,279.6789,-12.2710,Sct
Her,,,,UGWZ,11.8,17.1,OT_J183926+260410,279.8590,+26.0694,Her
V4745 Sgr,,,,N,7.4,17.0,N Sgr 2003,280.0106,-33.4488,Sgr
Oct,,,,UGSU,11.2,15.0,NSV 10934,280.2183,-83.7193,Oct
V693 CrA,,,,NA,7.0,21.0,,280.4908,-37.5206,CrA
V827 Her,,,,NA,7.5,18.1,,280.9275,+15.3219,Her
Aql,,,,UG:,10.4,13.0,NSV 11280,281.1500,-2.9833,Aql
V368 Sct,,,,NA,6.9,19.0,,281.4315,-8.5503,Sct
V838 Her,,,,NA,5.4,15.4,,281.6311,+12.2339,Her
Sct,,,,N::,8.0,22.0,NSV 24587,281.7129,-4.9439,Sct
V444 Sct,,,,NA,10.5,20.0,,281.7913,-8.3482,Sct
V475 Sct,,,,N:,8.9,,N Sct 2003,282.4067,-9.5640,Sct
V443 Sct,,,,N,8.5,20.0,,282.4123,-6.1878,Sct
CI Aql,,,,N/NR,8.8,15.6,23.1925,283.0150,-1.4776,Aql
HR Lyr,175268,,358601798,NA,6.5,15.8,HD 175268,283.3544,+29.2272,Lyr
V373 Sct,,,,NA/DQ,7.1,18.8,,283.8613,-7.7182,Sct
EL Aql,,,57427978,NA,6.4,20.0,60.1927,284.0085,-3.3224,Aql
EU Sct,,,57437557,NA,8.4,18.0,,284.0549,-4.2093,Sct
V446 Her,,,,NA,3.0,17.8,,284.3400,+13.2412,Her
FS Sct,,,329565624,NA:,10.1,19.3,,284.5705,-5.4014,Sct
V4743 Sgr,,,,NA,5.0,16.8,N Sgr 2002 No. 3,285.2888,-22.0017,Sgr
V1059 Sgr,176654,,414239780,NA,4.9,18.1,HD 176654,285.4601,-13.1618,Sgr
Aql,,,,UG:,10.6,17.0,NSV 24663,285.4979,+13.8750,Aql
V604 Aql,176779,,,NA,8.2,21.0,HD 176779,285.5266,-4.4455,Aql
Aql,,,,N,10.6,,,285.5618,+13.0509,Aql
Aql,,,,UG:,10.5,13.0,NSV 24667,285.7362,+15.1614,Aql
QV Vul,,,,NA,7.0,17.7,,286.1679,+21.7706,Vul
V1440 Aql,177444,5140-148-1,40330356,NL:+ELL,8.6,,HIP 93724,286.2505,-7.1419,Aql
V1663 Aql,,,,N:,10.5,,ASAS 190512+0514.2,286.3021,+5.2367,Aql
V1425 Aql,,,,NA/DQ,7.5,19.0,,286.3612,-1.7039,Aql
Aql,,,,UG:,10.8,13.0,NSV 24685,286.4029,+14.1967,Aql
V1548 Aql,,,,N,10.8,18.0,TAV J1907+117,286.8684,+11.7461,Aql
V1493 Aql,,,,NA,10.4,21.0,,286.9038,+12.5241,Aql
V841 Aql,,,,N,11.5,17.5,,286.9158,+10.4955,Aql
V363 Sgr,,,,NA,8.8,20.0,,287.8179,-29.8333,Sgr
V1419 Aql,,,,NA,7.6,22.0,,288.2783,+1.5731,Aql
V1378 Aql,,,175565877,N,10.0,21.0,,289.1473,+3.7220,Aql
V356 Aql,,,,NB,7.7,18.3,618.1936,289.3071,+1.7227,Aql
V1301 Aql,,,,NA,10.3,21.0,,289.4800,+4.7884,Aql
V528 Aql,,,,NA,7.0,19.2,,289.8297,+0.6312,Aql
V606 Aql,181419,,,NA,6.7,17.3,BD -0 3708a,290.1012,-0.1353,Aql
V1494 Aql,,,,N,4.0,16.0,,290.7722,+4.9553,Aql
V1370 Aql,,,182958130,N,6.0,19.5,,290.8379,+2.4906,Aql
V1229 Aql,,,183271290,NA,6.7,19.4,,291.1855,+4.2465,Aql
PW Vul,,,,NA,6.4,17.9,,291.5210,+27.3658,Vul
V368 Aql,,,374963778,NA,5.0,15.4,668.1936,291.6435,+7.6037,Aql
NQ Vul,,,369930905,NA,6.0,18.3,,292.3113,+20.4665,Vul
DO Aql,,,100562828,NB,8.7,16.5,9.1925,292.8578,-6.4272,Aql
WY Sge,,,,N,5.4,20.7,,293.1828,+17.7485,Sge
OS And,,,,N,6.3,18.4,,348.0248,+47.4721,And
EY Aql,,,,NA:,10.5,20.0,SVS 202,293.6855,+15.0310,Aql
HS Sge,,,,NA,7.0,20.7,,294.8417,+18.1316,Sge
LU Vul,,,,NA,9.5,21.0,,296.3970,+28.5914,Vul
CK Vul,,,452248097,NB,2.6,20.7,BD +26 3670a,296.9083,+27.3133,Vul
V3885 Sgr,,7941-694-1,79880315,UX,9.6,10.3,CD -42 14462,296.9189,-42.0073,Sgr
LV Vul,,,435473298,NA,5.2,16.6,,297.0022,+27.1720,Vul
V500 Aql,,,,NA,6.6,17.8,S 3542,298.1168,+8.4797,Aql
V465 Cyg,,,,NB,8.0,20.2,VV 67,298.1573,+36.5647,Cyg
EY Cyg,,,86813476,UGSS,11.4,15.5,200.1928,298.6531,+32.3653,Cyg
V1819 Cyg,,,,NB,8.7,19.6,,298.6565,+35.7044,Cyg
UU Aql,,,10636592,UG,11.0,17.0,HV 1319,299.3282,-9.3225,Aql
V476 Cyg,,,1882220505,NA,2.0,17.2,26.1920,299.6023,+53.6185,Cyg
V2274 Cyg,,,,NA,11.7,19.5,N Cyg 2001 No.1,301.8247,+36.0770,Cyg
WZ Sge,,,86408822,UGWZ/DQ,7.0,15.5,HV 3518,301.9017,+17.7043,Sge
V2361 Cyg,,,,N,8.9,,Nova Cygni 2005,302.3295,+39.8145,Cyg
V Sge,,1643-1764-1,288838566,NLV,10.5,14.5,He 3-1879,305.0612,+21.1029,Sge
Del,,,,NL?,10.5,11.5,NSV 13022,305.1542,+20.1833,Del
QU Vul,,,,NA,5.6,17.5,,306.6918,+27.8453,Vul
V1974 Cyg,,,278447515,NA,4.2,16.1,,307.6320,+52.6308,Cyg
V747 Cyg,,3581-1132-1,322584727,CV/NL:,11.7,12.5,34.1934,309.3237,+50.3275,Cyg
AE Aqr,,5177-636-1,248138854,DQ,9.8,11.8,342.1931,310.0382,-0.8709,Aqr
HR Del,,1642-998-1,331304972,NB,3.5,12.3,,310.5848,+19.1609,Del
V1330 Cyg,,,194887564,NA,9.0,18.5,,313.1868,+35.9909,Cyg
V450 Cyg,,,236540131,NB,7.8,16.3,85.1942,314.6975,+35.9411,Cyg
V2275 Cyg,,,289786644,NA,6.7,18.4,N Cyg 2001 No. 2,315.7583,+48.7647,Cyg
V1500 Cyg,,,1974886443,NA/AM,2.2,18.0,RX J2111.6+4809,317.9021,+48.1508,Cyg
VY Aqr,,,423564048,UGWZ,8.0,17.5,Ross 88,318.0386,-8.8270,Aqr
EF Peg,,,316083761,UGSU,10.7,18.5,143.1935,318.7667,+14.0639,Peg
VZ Aqr,,,,UG,11.3,17.2,SVS 52,322.6027,-2.9881,Aqr
Q Cyg,,,,NA,3.0,15.6,BD +42 4182a,325.4330,+42.8414,Cyg
V1668 Cyg,,,,NA,6.7,19.8,,325.6467,+44.0319,Cyg
SS Cyg,206697,3196-723-1,190696047,UGSS,8.2,12.1,BD +42 4189a,325.6783,+43.5861,Cyg
LS Peg,,1134-745-1,385080312,DQ:,11.6,13.0,Peg2; S193/NSV 13903,327.9914,+14.1148,Peg
Ind,,,,UG,11.0,17.8,NSV 13983,329.9775,-68.8433,Ind
IV Cep,,,325765580,NA,7.5,17.2,,331.1537,+53.5066,Cep
Cep,,,,N:,7.5,,NSV 25861,333.4398,+57.0207,Cep
RU Peg,,,238272616,UGSS,9.0,13.1,142.1904,333.5107,+12.7032,Peg
CP Lac,,,330615123,NA,2.1,16.1,605.1936,333.9212,+55.6170,Lac
Peg,,,,UGSU,11.8,17.5,HS 2219+1824,335.4366,+18.6690,Peg
DI Lac,214239,,428063994,NA,4.6,15.0,HD 214239,338.9525,+52.7165,Lac
DK Lac,,,67053526,NA,5.0,15.5,,342.4457,+53.2889,Lac
And,,,,N::,7.8,,NSV 14443,347.4958,+36.9333,And
IP Peg,,,243129676,UG,10.5,17.8,SVS 2549,350.7855,+18.4164,Peg
DX And,,,428055818,UG,10.9,16.4,GR 17,352.4445,+43.7511,And
V705 Cas,,,,NA,6.4,18.0,,355.4467,+57.5166,Cas
BC Cas,,,470747364,NA:,10.7,17.4,SVS 254,357.8230,+60.3032,Cas
