hbc,name,hd,tyc,tic,vmag,sptype,ytype,ra_deg,dec_deg,constellation
1,MacC H12,,,359125339,16.23,"A5,F:e",,1.7611,+65.6440,Cas
324,MC 1,,,359125301,14.6,A5e,,1.8779,+65.6646,Cas
2,LkH@ 197,,,,15.3,"K7,M0",tt,2.6479,+58.8351,Cas
3,V633 Cas,,,452883179,14.29,"B,Ae   *",ae,2.8586,+58.8295,Cas
325,V376 Cas,,,452883156,15.6,B5e,ae,2.8590,+58.8343,Cas
326,MacC sH15,,,83518064,13.85,K1,tt,3.1266,+65.5515,Cas
4,MacC H10,,,83518024,14.72,K4,tt,3.2287,+65.5694,Cas
5,MacC H9,,,83732817,14.96,K4,tt,3.3717,+65.6001,Cas
327,MC 3,,,83974009,16.8,K5,tt,4.1978,+65.7610,Cas
328,MC 4,,,83973979,14.4,K4,tt,4.2282,+65.7816,Cas
329,VX Cas,,4019-1525-1,428476066,11.03,"A0,3e V",*,7.8773,+61.9807,Cas
6,LkH@ 200,,,,13.7,K1,tt,10.6225,+61.9297,Cas
330,V594 Cas,,4020-1322-1,420018149,10.61,B:eq  *,ae,10.8262,+61.9112,Cas
7,LkH@ 201,,,,13.7,B3e,*,10.8559,+61.6398,Cas
331,LkH@ 203,,,,15.0,K5,tt,11.1142,+62.1796,Cas
332,LkH@ 204,,,,15.8,"K7,M0",tt,11.2915,+62.0741,Cas
333,LkH@ 205,,,,14.3,cont,,11.3597,+61.6482,Cas
334,RNO 6,,,,14.52,B1e@,a?,34.1259,+55.3824,Per
8,LkH@ 262,,,,14.56,M0,tt,44.0331,+20.0567,Ari
9,LkH@ 263,,,,14.64,M2,tt,44.0348,+20.0606,Ari
10,LkH@ 264,,,,12.46,K5 V(Li),tt,44.1562,+20.0936,Ari
335,St 18,,,,13.5,early M,,45.5863,+17.1763,Ari
336,>,,,,14.0,*,,49.3597,+60.1623,Cam
337,RNO 13,,,138114753,19.5,K7,tt,51.2888,+30.7727,Ari
338,LZK 4,,2341-434-1,138115594,12.1,G8   *,tt,51.4574,+31.1735,Per
339,RNO 15,,,349294307,19.6,?,tt,51.9483,+30.2016,Ari
340,>,,,,17.7,K7,,52.1802,+31.2925,Per
341,>,,,,18.6,M4.5,tt,52.1814,+31.2935,Per
342,>,,,,18.7,K7,,52.2135,+31.0337,Ari
343,>,,,,14.8,M0.5,,52.2139,+30.5169,Ari
11,LkH@ 325,,,,13.43,"K7,M0",tt,52.2172,+30.7513,Ari
344,SSV 11,,,,,M1,,52.2358,+31.3098,Per
345,HH 12/107,,,,17.8,M0:,,52.2420,+31.3014,Per
346,SSV 13,,,,23.8,K?  *,,52.2654,+31.2677,Per
12,LkH@ 270,,,,14.25,"K7,M0",tt,52.3232,+31.3794,Per
13,LkH@ 271,,,,14.7,K3,tt,52.3410,+31.2603,Per
347,>,,,,12.05,K1 (Li),wt,52.4090,+24.5112,Tau
14,LkH@ 326,,,,16.0,M0,tt,52.6831,+30.5463,Tau
15,LkH@ 327,,,,15.0,K2,tt,53.3776,+31.1817,Per
16,LkH@ 328,,,,16.8,M1,tt,53.5073,+31.2434,Per
348,IP Per,278937,2359-1011-1,101166418,10.35,A3e@,?,55.1957,+32.5316,Per
17,LH@ 92,,,,,K:,,56.1084,+32.0755,Per
18,LH@ 97,,,,,,,56.1862,+32.0677,Per
19,LkH@ 329,,,,14.9,K3,tt,56.4037,+32.4329,Per
20,LkH@ 330,,,,10.97,G3:  *,tt,56.4510,+32.4036,Per
21,LkH@ 272,,,,14.05,K6,tt,57.2710,+38.9383,Per
22,LkH@ 273,,,,15.27,"K7,M0",tt,57.3154,+38.9440,Per
349,XY Per e,,,,9.36,A5:e@,ae,57.4007,+38.9819,Per
350,XY Per w,,,,,Aep+shell,ae,57.4007,+38.9819,Per
351,>,,,,12.26,K5 (Li),wt,58.0095,+24.6643,Tau
352,>,,,,11.85,G0 (Li?),,58.6225,+32.0504,Per
353,>,,,,12.31,G5 (Li),wt,58.6250,+32.0516,Per
354,>,,,,13.79,K3 (Li?),,58.6484,+25.6200,Tau
355,>,,,,12.67,K0 (Li),wt,58.6496,+25.6192,Tau
356,>,,,,12.91,,,60.8085,+25.8832,Tau
357,>,,,,12.91,K2 (Li)*,wt,60.8085,+25.8832,Tau
358,>,,,,14.52,M2 (Li),wt,60.9549,+26.1818,Tau
359,>,,,,14.17,M2 (Li),wt,60.9620,+26.1820,Tau
360,>,,,,14.97,M3 (Li),wt,61.1637,+21.9722,Tau
361,>,,,,15.09,M3 (Li),wt,61.1658,+21.9728,Tau
362,>,,,,14.67,M2 (Li),wt,61.3787,+21.8530,Tau
363,PP 13 s,,,,,Mp,,62.6708,+38.1315,Per
364,PP 13 n,,,,17.9,"M2.5 III,IV",tt,62.6738,+38.1359,Per
365,LkCa 1,,,,13.72,M4 V(lLi),wt,63.3091,+28.3198,Tau
366,Anon 1,,,,13.52,M0 V(Li),wt,63.3633,+28.2658,Tau
367,V773 Tau,283447,1827-1236-1,56624881,10.62,K3 V(Li),wt,63.5538,+28.2037,Tau
23,FM Tau,,,56624887,14.22,M0,tt,63.5561,+28.2142,Tau
24,FN Tau,,,56625009,14.95,M5,tt,63.5608,+28.4664,Tau
25,CW Tau,,,56624875,12.36,K3 V(Li),tt,63.5706,+28.1831,Tau
368,LkCa 3,,,,12.08,M1 V(Li),,63.7000,+27.8764,Tau
26,FP Tau,,,56628414,13.9,M4 V(Li),tt,63.6970,+26.7743,Tau
369,FO Tau,,,56627416,15.0,M2,tt,63.7053,+28.2088,Tau
27,CX Tau,,,56628394,13.72,M2.5,tt,63.6993,+26.8034,Tau
370,LkCa 4,,,,12.54,K7: V(Li),wt,64.1171,+28.1268,Tau
28,CY Tau,,,58177093,13.33,M1 V(Li),tt,64.3905,+28.3466,Tau
371,LkCa 5,,,,13.56,M2 V(Li),wt,64.4123,+28.5504,Tau
29,V410 Tau,283518,1827-8-1,58231482,10.82,K3 V(Li),wt,64.6296,+28.4548,Tau
30,DD Tau,,,58231519,14.11,M1,tt,64.6297,+28.2750,Tau
31,CZ Tau,,,58231518,15.33,M1.5,tt,64.6316,+28.2832,Tau
372,>,,,,13.26,K5 (Li),,64.5893,+16.9794,Tau
373,V892 Tau,,,58231504,15.3,A6e,ae,64.6692,+28.3213,Tau
374,Hubble 4,,,,12.73,K7 (Li),wt,64.6959,+28.3357,Tau
375,CoKu Tau/1,,,,19.3,?,,64.7147,+28.3411,Tau
376,>,,,,12.28,K7 (Li),wt,64.7151,+17.3874,Tau
377,FQ Tau,,,58285830,15.6,M2,tt,64.8033,+28.4928,Tau
32,BP Tau,281934,1827-554-1,58287935,12.09,K7 V(Li),tt,64.8159,+29.1078,Tau
378,V819 Tau,,,58288494,13.24,K7 V(Li),wt,64.8593,+28.4374,Tau
379,LkCa 7,,,,12.37,"K7,M0V(Li)",wt,64.9220,+27.8275,Tau
33,DE Tau,,,58467184,13.0,M2: V(Li),tt,65.4817,+27.9187,Tau
34,RY Tau,283571,1828-129-1,58467657,10.01,"K1IV,V(Li)",tt,65.4889,+28.4436,Tau
380,HD 283572,283572,1828-481-1,58467533,9.04,G5 IV(Li),su,65.4951,+28.3023,Tau
381,Haro 6-5B,,,,,?,tt,65.5037,+26.9604,Tau
382,LkCa 21,,,,,"M3,4 (Li)",tt,65.5130,+28.4276,Tau
383,FS Tau,,,58437437,15.71,M1,tt,65.5088,+26.9589,Tau
35,T Tau,284419,1272-470-1,17308640,9.9,"K0IV,V(Li)",tt,65.4975,+19.5352,Tau
384,FT Tau,,,58544652,,cont,tt,65.9132,+24.9375,Tau
385,IP Tau,,,58606534,12.99,M0: V,,66.2377,+27.1995,Tau
386,FV Tau,,,268017139,15.4,K5,tt,66.7230,+26.1153,Tau
387,FV Tau/c,,,268017138,17.2,"M3.5,4",tt,66.7267,+26.1144,Tau
36,DF Tau,283654,1820-1418-1,268016868,11.49,"M0,1 V(Li)",tt,66.7615,+25.7064,Tau
37,DG Tau,,,268017134,12.01,M ?  *,tt,66.7695,+26.1047,Tau
388,>,,,,10.34,K1 (Li),wt,66.7941,+17.8455,Tau
389,GV Tau,,,268217520,17.2,"K3,5",,67.3485,+24.5506,Tau
38,DH Tau,,,268148971,13.92,M1 V(Li),tt,67.4229,+26.5499,Tau
39,DI Tau,,,268148974,12.86,M0 V(Li),wt,67.4267,+26.5475,Tau
390,>,,,,,M0 (Li),wt,67.5047,+35.2902,Per
41,IQ Tau,,,268219495,13.3,M0.5,tt,67.4646,+26.1129,Tau
40,LkH@ 101,,,,15.9,F?e   *,?,67.5602,+35.2736,Per
391,>,,,,,K7 (Li),wt,67.5797,+35.2960,Per
42,UX Tau B,,,,13.67,M1 V (Li),wt,67.5147,+18.2306,Tau
43,UX Tau A,,,,10.69,K2 V(Li),wt,67.5163,+18.2306,Tau
44,FX Tau,,,268280984,13.9,M1,tt,67.6233,+24.4461,Tau
45,DK Tau,,,268279773,11.7,K7 V(Li),tt,67.6843,+26.0238,Tau
46,ZZ Tau,,,268280825,14.34,M3:,tt,67.7140,+24.7064,Tau
47,V927 Tau,,,268281426,14.63,M5.5,tt,67.8490,+24.1816,Tau
392,>,,,,12.53,K5 (Li?),wt,67.8632,+17.1071,Tau
393,>,,,,,K2 III:,?,67.8922,+18.1345,Tau
394,LkH@ 358,,,,19.0,M5.5,,67.9009,+18.2289,Tau
49,HL Tau,,,353752575,14.57,"K7,M2?  *",tt,67.9102,+18.2330,Tau
50,XZ Tau,,,353752576,13.3,M3,tt,67.9167,+18.2327,Tau
48,HK Tau,,,268324063,15.75,M0.5,tt,67.9606,+24.4051,Tau
395,V710 Tau B,,,,14.6,M3,wt,67.9906,+18.3603,Tau
51,V710 Tau A,,,,13.65,M1,tt,67.9906,+18.3603,Tau
396,Haro 6-13,,,268324608,17.7,cont,tt,68.0642,+24.4843,Tau
397,L1551-51,,,,12.06,K7 (Li),wt,68.0387,+17.9565,Tau
398,V928 Tau,,,268324580,13.7,M0.5,wt,68.0785,+24.3744,Tau
399,V827 Tau,,,397287246,12.18,"K7,M0 (Li)",wt,68.0607,+18.3375,Tau
400,V826 Tau,,,397287362,12.11,"K7,M0 (Li)",wt,68.0660,+18.0274,Tau
401,FY Tau,,,268397434,15.4,"K7,M0",tt,68.1273,+24.3328,Tau
402,FZ Tau,,,268397430,15.0,cont,tt,68.1322,+24.3344,Tau
54,GG Tau,,1270-897-1,245830955,12.24,K7 V(Li),tt,68.1261,+17.5282,Tau
52,UZ Tau e,,,,12.86,"M1,3: V(Li)",tt,68.1789,+25.8756,Tau
53,UZ Tau w,,,,14.6,M3 V (Li),tt,68.1789,+25.8756,Tau
403,L1551-55,,,,13.22,K7 (Li),wt,68.1827,+18.0495,Tau
55,GH Tau,,,268397776,12.95,"M2,3 V(Li)",tt,68.2760,+24.1598,Tau
404,V807 Tau,,1829-214-1,268397781,,K7 V(Li),tt,68.2777,+24.1656,Tau
405,V830 Tau,,,268397995,12.21,"K7,M0V(Li)",wt,68.2926,+24.5621,Tau
56,GI Tau,,,268444803,13.01,K6 V(Li),tt,68.3919,+24.3551,Tau
59,IS Tau,,,268443606,14.29,K2,tt,68.4032,+26.1638,Tau
57,GK Tau,,,268444804,12.14,K7 V(Li),tt,68.3936,+24.3521,Tau
58,DL Tau,,,268444139,13.05,K7 V(Li),tt,68.4127,+25.3441,Tau
406,HN Tau/c,,,673686011,18.1,late M?,tt,68.4138,+17.8647,Tau
60,HN Tau,,,245836650,13.7,K5,tt,68.4138,+17.8647,Tau
61,CI Tau,,,61230756,13.09,K7 V(Li),tt,68.4666,+22.8418,Tau
62,DM Tau,,,61259576,13.99,M1: V(Li),tt,68.4529,+18.1696,Tau
407,>,,,,12.67,G8 (Li),wt,68.5756,+18.5019,Tau
408,Wa Tau/1,,,,10.37,K0 IV,?,68.6640,+25.0171,Tau
63,AA Tau,,,268510757,12.37,K7 V(Li),tt,68.7308,+24.4816,Tau
64,HO Tau,,,118519976,14.84,M0.5,tt,68.8343,+22.5374,Tau
409,FF Tau,,,118520201,13.67,"K7,M0 V(Li)",wt,68.8369,+22.9069,Tau
65,DN Tau,,,268511247,12.36,M0 V(Li),tt,68.8640,+24.2499,Tau
410,L1642-2,,,,13.5,K7 IV,tt,68.7068,-14.2190,Eri
411,CoKu Tau/3,,,,17.3,M1,,68.9216,+24.1857,Tau
412,>,,,,14.12,M2 (Li),wt,68.8505,+17.8615,Tau
413,L1642-1,,,,,M,,68.7592,-14.2281,Eri
66,HP Tau,,,118521708,13.16,K3,tt,68.9700,+22.9065,Tau
414,>,,,,14.8,K7,wt,68.9728,+22.9027,Tau
415,>,,,,11.1,G0:n III *,su,68.9755,+22.9038,Tau
416,Haro 6-28,,,118521704,17.3,M5,tt,68.9866,+22.9102,Tau
417,LkCa 14,,,,13.0,M0: V(Li),wt,69.0794,+25.7164,Tau
67,DO Tau,,,150002984,14.01,M0: V(Li),tt,69.6190,+26.1807,Tau
418,HV Tau,,,150002985,14.0,M1 V(Li),wt,69.6470,+26.1778,Tau
68,VY Tau,,,118680673,13.71,M0 V(Li) *,tt,69.8224,+22.7984,Tau
419,LkCa 15,,,,12.09,K5: V(Li),wt,69.8242,+22.3513,Tau
420,IW Tau,,,150097417,12.52,K7 V(Li),wt,70.2695,+24.8518,Tau
421,CoKu Tau/4,,,,14.9,M1.5,,70.3200,+28.6668,Tau
422,>,,,,14.7,K7,wt,70.5228,+25.3826,Tau
423,>,,,,15.1,M1,,70.5287,+25.3844,Tau
69,V955 Tau,,,150173455,14.74,"K7,M0",tt,70.5322,+25.3870,Tau
70,DP Tau,,,125914505,14.22,M0.5,tt,70.6569,+25.2606,Tau
71,GO Tau,,,125914458,14.89,M0,tt,70.7627,+25.3387,Tau
72,DQ Tau,,,436614017,13.16,"M0,1 V(Li)",tt,71.7210,+17.0001,Tau
424,Haro 6-37/c,,,,14.6,"K7,M0",tt,71.7458,+17.0442,Tau
73,Haro 6-37,,,436614035,13.55,K6,tt,71.7458,+17.0442,Tau
74,DR Tau,,1271-1233-1,436614005,11.17,*,tt,71.7759,+16.9787,Tau
75,DS Tau,,,59879081,11.9,K5 V(Li) *,tt,71.9520,+29.4203,Tau
76,UY Aur,,2387-982-1,96205005,12.37,K7 V(Li),tt,72.9473,+30.7873,Aur
425,St 34,,,,13.5,M,,73.5990,+17.1656,Tau
77,GM Aur,,,96533063,12.03,K3 V(Li),tt,73.7956,+30.3669,Aur
426,LkCa 19,,,,10.85,K0 V(Li)*,wt,73.9042,+30.2987,Aur
78,AB Aur,31293,2387-812-1,96680681,7.07,"B9,A0e+shl",ae,73.9406,+30.5516,Aur
79,SU Aur,282624,2387-977-1,96682564,8.93,G2 III(Li),su,73.9974,+30.5673,Aur
427,>,,,,11.6,K7 (Li),wt,74.0092,+30.3508,Aur
428,V347 Aur,,,453022154,15.6,M2 V,?,74.2362,+51.5157,Aur
429,V836 Tau,,,349072683,13.13,"K7,M0 V(Li)",wt,75.7775,+25.3888,Tau
430,UX Ori,293782,4758-134-1,213103713,9.72,A3e III,?,76.1251,-3.7872,Ori
82,LkH@ 333,,,,14.18,K5,tt,76.7276,-3.3346,Ori
81,RW Aur B,,,,12.7,K3:,,76.9559,+30.4018,Aur
80,RW Aur A,,,,10.12,K1:,tt,76.9563,+30.4019,Aur
431,V1012 Ori,,,248448633,,B:e,a?,77.9020,-2.3801,Ori
83,V534 Ori,,,4069458,13.31,,tt,80.0817,-5.7650,Ori
84,CO Ori,,708-1278-1,365776906,9.83,F8:e V(Li),su,81.9095,+11.4276,Ori
85,GW Ori,244138,708-1901-1,302537716,9.8,G5 (Li),tt,82.2850,+11.8704,Ori
86,V649 Ori,,,284996091,12.01,"G8III,V(Li)",tt,82.3497,+11.8660,Ori
432,P102,,,,10.6,late F,,82.2977,-6.1349,Ori
87,V442 Ori,,,302538729,14.3,"K7,M0",tt,82.3925,+12.9393,Ori
88,V370 Ori,,,302671918,13.41,K7,,82.5080,+12.2194,Ori
89,GX Ori,,,302671915,13.68,K1,,82.5086,+12.2260,Ori
433,V447 Ori/c,,,302672869,17.2,M3,tt,82.6509,+12.6147,Ori
90,V447 Ori,,,302672868,14.47,K7,tt,82.6509,+12.6147,Ori
91,V448 Ori,,,302672412,14.28,K5,tt,82.7155,+12.1437,Ori
92,V449 Ori,,,200516548,13.95,"K,M?",?,82.8172,+11.4254,Ori
93,HI Ori,,,302761986,14.32,K4,tt,82.8484,+12.1623,Ori
434,Rst 137B,36705B,,149248193,13.0,"M3,4",,82.1853,-65.4506,Dor
435,AB Dor,36705,8887-1611-1,149248196,6.83,"K0,2 (Li)",*,82.1853,-65.4506,Dor
123,KN Ori,,,427374231,13.37,K6,,83.7366,-5.1926,Ori
94,HK Ori,,709-857-1,302761973,11.63,Aep,ae,82.8669,+12.1530,Ori
95,V452 Ori,,,302762301,14.0,K7,tt,82.9309,+12.5062,Ori
96,V453 Ori,,,302762311,15.3,K2,tt,82.9548,+12.5334,Ori
97,San 1,,,,11.52,"M1.5,2",,83.0191,-3.0918,Ori
436,RY Ori,,4770-288-1,50745417,,F8:pe (Li),?,83.0417,-2.8302,Ori
98,HS Ori,,,50792473,16.3,cont,tt,83.2575,-4.8220,Ori
100,V466 Ori,,,50792875,12.28,K1,tt,83.2593,-5.4404,Ori
101,V384 Ori,,,50793250,15.6,M1.5,tt,83.2937,-5.7068,Ori
437,P1207/c,,,,16.1,M2.5,,83.3844,-5.5592,Ori
102,P1207,,,,13.77,K5,,83.3844,-5.5592,Ori
103,VX Ori,,,50793795,14.8,M0,tt,83.3924,-4.7294,Ori
104,VY Ori,,,50793630,15.22,M2.5,tt,83.3996,-5.0258,Ori
438,P1229,,,,11.56,"G,K (Li)",,83.4052,-5.4481,Ori
105,San 2,,,,13.43,K5,tt,83.4305,-1.1430,Ori
107,V386 Ori,,,427334064,15.1,K7,,83.4371,-5.5190,Ori
106,VZ Ori,,,427334068,14.09,K4(cont),tt,83.4387,-5.5139,Ori
108,V1006 Ori,,,427459739,12.77,M0,tt,83.4393,-6.0737,Ori
109,P1270,,,,12.11,K1,tt,83.4437,-5.9536,Ori
110,SU Ori,,,427334429,15.32,M1,tt,83.4827,-4.7973,Ori
439,P1319,,,,12.58,K0nnIII(Li),,83.4996,-5.0011,Ori
440,P1347,,,,14.42,K0 V,,83.5134,-5.9151,Ori
441,WX Ori/c,,,427334210,16.3,M2,,83.5305,-5.2294,Ori
111,WX Ori,,,427334205,14.16,K3,tt,83.5305,-5.2294,Ori
442,P1394,,,,10.13,"F6ne IV,V",,83.5591,-5.6151,Ori
443,HD 245059,245059,705-940-1,436013391,9.82,K3 V:(Li),,83.6451,+10.1188,Ori
113,V1044 Ori,,4774-880-1,427352996,11.5,"G5 IV,V(Li)",tt,83.5687,-5.6128,Ori
115,SW Ori,,,388850604,12.91,K4,,83.5655,-6.6012,Ori
114,EZ Ori,,,427352662,11.6,G0:n (Li),su,83.5774,-5.0801,Ori
444,P1410,,,,14.74,"M0 IV,V",,83.5786,-5.1173,Ori
445,P1440,,,,14.72,"K0,2 IV,V",,83.6004,-4.7867,Ori
446,P1487,,,,13.73,K5 V,,83.6180,-6.1736,Ori
117,XX Ori,,,388850913,14.87,M2.5,tt,83.6506,-6.0930,Ori
447,P1540,,,,11.34,K3 III:,,83.6657,-5.4071,Ori
448,P1541,,,,12.58,K3 III-IV,,83.6660,-5.4450,Ori
449,IY Ori,,,427373591,12.3,K2 IV (Li),,83.6677,-5.8378,Ori
118,IX Ori,,,427374014,13.72,,tt,83.6702,-5.3785,Ori
450,P1608,,,,13.0,K4 V,,83.6914,-5.9811,Ori
119,YY Ori,,,427373515,13.59,"K5,M0n V",tt,83.6981,-5.9659,Ori
451,HD 245185,245185,705-858-1,436098606,9.93,A5e@,ae,83.7897,+10.0310,Ori
120,YZ Ori,,,427374322,14.35,K5,tt,83.7211,-5.0575,Ori
122,KM Ori,,,427374004,11.55,K1 (Li),,83.7331,-5.3870,Ori
124,KP Ori,,,427373688,14.71,M0,tt,83.7326,-5.6907,Ori
125,KR Ori,,,427374008,12.81,K6 (Li),tt,83.7503,-5.3839,Ori
452,P1724,,,,10.55,G8n (Li),,83.7677,-5.1370,Ori
126,LL Ori,,,427395117,11.66,"K2,3 (Li)",tt,83.7733,-5.4221,Ori
128,LN Ori,,,427395458,,,,83.7832,-5.5456,Ori
127,SY Ori,,,427393030,13.22,K3,tt,83.7921,-4.4612,Ori
129,V356 Ori,,,427395389,13.1,K3,,83.7875,-5.4998,Ori
453,LQ Ori,,,427394824,12.36,K2 V(Li),,83.7945,-5.3958,Ori
130,AA Ori,,,427395669,12.85,K4 (Li),tt,83.7932,-5.7761,Ori
454,LV Ori,,,427394823,12.82,K1 V(Li),,83.8023,-5.3956,Ori
131,V486 Ori,,,427395636,14.09,K7,tt,83.8017,-5.7220,Ori
133,LX Ori,,,427395578,12.09,K3,tt,83.8043,-5.6598,Ori
134,V488 Ori,,,427395420,12.98,,,83.8065,-5.5160,Ori
132,P1817,,,,11.13,K2 (Li),,83.8131,-4.7454,Ori
135,AB Ori,,,427395634,13.62,K7,tt,83.8094,-5.7216,Ori
455,P1869,,,,13.79,G5: (Li),,83.8163,-5.3972,Ori
136,TT Ori,,,427393274,14.31,K1,,83.8198,-4.7625,Ori
456,MR Ori,,,427394424,10.55,A2 V,*,83.8205,-5.3626,Ori
457,AE Ori,,,427394374,13.03,K5 III:(Li),,83.8215,-5.3589,Ori
137,AD Ori,37024,,427394632,14.74,cont,tt,83.8221,-5.3766,Ori
458,MT Ori,,,427394656,12.01,"K3,4 (Li)",,83.8245,-5.3793,Ori
459,P1925,,,,13.38,"G8,K0: (Li)",,83.8263,-5.3771,Ori
138,P1931,,,,13.9,K7,tt,83.8237,-5.9741,Ori
460,MV Ori,,,,12.23,F8:npe (Li),su,83.8275,-5.3427,Ori
461,TU Ori,,,427394279,13.22,G0n V (Li)*,su,83.8340,-5.3492,Ori
462,MX Ori,,4774-877-1,427393718,9.9,G2 (Li),,83.8384,-5.1545,Ori
463,P1955,,,,10.96,G1:n(Li),,83.8386,-5.2036,Ori
464,CQ Tau,36910,1865-1798-1,74632969,10.0,A8ve@  *,?,83.9935,+24.7485,Tau
139,V1007 Ori,,,427393044,14.55,M0.5,tt,83.8451,-4.4809,Ori
140,AG Ori,,,427395502,15.4,K6,tt,83.8402,-5.5797,Ori
465,P1996,,,,10.98,G5 IV?p(Li),,83.8415,-5.8521,Ori
142,NS Ori,,,427395859,17.2,M1,tt,83.8520,-6.0294,Ori
466,AH Ori,,,427393741,,K3 (Li),,83.8570,-5.1638,Ori
467,NP Ori,,,427393701,11.88,K1 III-IV,,83.8593,-5.1445,Ori
468,AK Ori,,,427395148,12.41,G0nIII:(Li),su,83.8595,-5.4278,Ori
141,AI Ori,,,427393785,,G3:IV-V(Li),,83.8617,-5.1854,Ori
469,P2057,,,,14.09,"K1,2 IV-V",,83.8710,-5.1011,Ori
143,AL Ori,,,427393449,14.99,"K7,M0",tt,83.8788,-4.9216,Ori
470,HH34/source,,,,,"G,K?",,83.8746,-6.4502,Ori
471,NV Ori,,4774-890-1,427395473,9.91,"F4,8 III,V",,83.8805,-5.5525,Ori
144,V360 Ori,,,427393728,12.61,K6,tt,83.8829,-5.1578,Ori
472,HH34/IRS 5,,,,,,tt,83.8784,-6.4458,Ori
145,TW Ori,,,388918307,15.01,M0.5,tt,83.8792,-6.7548,Ori
146,AM Ori,,,427396403,14.08,K4,tt,83.8967,-5.3576,Ori
148,NY Ori,,,427396662,,cont,tt,83.9003,-5.2067,Ori
147,TV Ori,,,427396813,13.4,K6,,83.9018,-5.0211,Ori
473,P2143,,,,13.5,"M3? II,III?",,83.9126,-5.1490,Ori
149,BO Ori,,,427397298,14.1,K4,tt,83.9297,-4.4156,Ori
150,AN Ori,,,427396239,11.32,"K0,1 IV(Li)",,83.9247,-5.4702,Ori
474,V571 Ori,,,388918129,14.43,M0 V(Li),tt,83.9208,-6.3796,Ori
475,V569 Ori,,,427396721,13.73,K5 V,,83.9300,-5.1547,Ori
151,V573 Ori,,,388918232,15.28,M0,tt,83.9280,-6.5809,Ori
476,V500 Ori,,,427396746,12.93,K2: V(Li),tt,83.9370,-5.1215,Ori
152,CE Ori,,,427396809,15.65,K5,tt,83.9513,-5.0248,Ori
477,V1018 Ori,,,427396806,16.24,M1,tt,83.9539,-5.0274,Ori
154,T Ori,,4774-866-1,427396230,9.96,A3e@,ae,83.9600,-5.4764,Ori
153,OT Ori,,,427396528,14.68,K5,tt,83.9613,-5.2748,Ori
478,P2244,,,,12.62,K1-2 V,,83.9652,-5.1360,Ori
479,P2252,,,,11.52,"G7 IV,V(Li)",,83.9693,-5.0850,Ori
155,AR Ori,,,427396781,13.84,"K7,M0",tt,83.9753,-5.0708,Ori
157,AU Ori,,,427395957,16.09,"K7,M0",tt,83.9902,-5.9553,Ori
156,V390 Ori,,,427396839,15.79,M1,,83.9965,-4.9795,Ori
158,V577 Ori,,,388935228,13.98,K7,tt,83.9892,-6.7114,Ori
480,P2292,,,,11.4,"G5,8 IV,V",,83.9960,-5.6665,Ori
481,AV Ori/c,,,388935232,17.9,cont,tt,84.0005,-6.7092,Ori
159,AV Ori,,,388935230,13.98,K4,tt,84.0005,-6.7092,Ori
482,BN Ori,245465,126-781-1,436243092,9.64,"F2,3e@",?,84.1222,+6.8337,Ori
162,AZ Ori,,,427454279,13.56,K6,,84.0708,-5.1954,Ori
160,PQ Ori,,,427452058,12.63,F5:,,84.0875,-2.1828,Ori
161,PU Ori,,,427450684,14.6,K3:,tt,84.1013,-0.7033,Ori
483,>,,,,17.7,G8:,wt,84.0892,-6.7602,Ori
164,V380 Ori,,4778-1367-1,388935225,10.0,A1:e,ae,84.1058,-6.7161,Ori
163,V951 Ori,,,427454503,15.4,M1,tt,84.1145,-5.5154,Ori
165,BD Ori,,,388935622,12.82,K3,,84.1352,-6.3223,Ori
166,BC Ori,,,427455204,15.07,M0,tt,84.1551,-5.4405,Ori
484,P2441/c,,,,15.1,M1.5,tt,84.2137,-4.4278,Ori
167,P2441,,,,10.76,G5: (Li),,84.2137,-4.4279,Ori
485,V586 Ori,37258,4778-1079-1,287757971,9.54,*,,84.2470,-6.1546,Ori
168,BE Ori,,,287840176,14.16,K0,tt,84.2492,-6.5573,Ori
486,V381 Ori,,,276664175,12.45,G8 V,,84.2600,-5.6083,Ori
487,P2494,,,,10.74,K0 IV (Li),,84.2897,-6.1046,Ori
169,BF Ori,,,287840183,10.32,A5e+shell,?,84.3054,-6.5835,Ori
488,V1143 Ori,,,11202039,14.6,M,tt,84.5159,-4.2784,Ori
489,V883 Ori,,,332857059,,,,84.5813,-7.0364,Ori
172,TX Ori,,,11286062,13.71,K4,tt,84.6405,-2.7377,Ori
173,TY Ori,,,11286071,13.6,K3,,84.6495,-2.7330,Ori
174,Haro 7-1,,,332861108,13.15,K5,tt,84.6466,-7.8388,Ori
490,>,,,,16.8,M0.5,,84.6742,-7.2130,Ori
491,Haro 2-249,,,,15.12,cont,tt,84.6784,-7.2122,Ori
170,RR Tau,,1869-335-1,75242497,10.9,"B8,9e@",ae,84.8772,+26.3737,Tau
492,+26# 887,,,,10.47,B8e@q,,84.8776,+26.3228,Tau
171,LkH@ 206,,,,13.3,K3,,84.8899,+26.3296,Tau
176,Haro 4-255,,,332918487,15.7,K7,tt,84.8431,-7.4458,Ori
177,V510 Ori,,,11296067,13.21,cont,tt,84.9160,-2.5229,Ori
493,V350 Ori,,5350-671-1,332970982,,B:e   *,ae,85.0486,-9.7028,Ori
179,Haro 7-4,,,332973858,13.79,K3,tt,85.1040,-8.1258,Ori
494,Reipurth 50,,,332974025,,,,85.1249,-7.4821,Ori
495,>,,,,13.7,K6,tt,85.1926,-8.0901,Ori
496,>,,,,16.0,M1,,85.1950,-8.0819,Ori
497,>,,,,18.7,"K7,M0",,85.1959,-8.1255,Ori
498,>,,,,13.1,K7,,85.2002,-8.0996,Ori
180,V614 Ori,,,200591764,13.96,K6,tt,85.3983,+9.1308,Ori
499,V615 Ori,,,11411618,,G7,,85.3515,-2.3812,Ori
181,DL Ori,,,279540418,13.07,K1,tt,85.3556,-8.0984,Ori
500,NGC 2023/c,,,,17.69,"G,K",tt,85.4020,-2.2797,Ori
182,San 6,,,,11.85,"K3,5 V (Li)",tt,85.4573,-8.0089,Ori
183,V625 Ori,,,200639492,13.14,K6,tt,85.8370,+9.1019,Ori
184,V630 Ori,,,156143888,15.6,K5,tt,86.0721,+9.1830,Ori
185,V631 Ori,,,156143646,13.91,K1,,86.1722,+8.9497,Ori
501,>,,,,17.3,"K7,M0",,86.1422,-1.3672,Ori
186,FU Ori,,715-159-1,156194593,9.24,"G: I,II *",fu,86.3431,+9.0701,Ori
502,SSV 61,,,,,M: (Li),tt,86.5328,-0.1993,Ori
503,LkH@ 301,,,,14.5,K2,tt,86.5810,-0.0889,Ori
504,LkH@ 302,,,,15.1,K3,tt,86.5939,-0.1480,Ori
505,LkH@ 307,,,,17.8,cont,tt,86.7750,+0.5354,Ori
506,LkH@ 309,,,,15.1,K7,tt,86.7790,+0.0131,Ori
187,LkH@ 314,,,,13.79,cont,tt,86.8087,+0.1520,Ori
507,LkH@ 313,,,,15.9,M0.5,tt,86.8080,+0.0049,Ori
508,LkH@ 312,,,,15.1,M0,,86.8083,+0.0044,Ori
509,LkH@ 315,,,,15.2,K7,tt,86.8220,+0.6389,Ori
510,LkH@ 316,,,,14.1,cont,tt,86.8991,+0.6441,Ori
511,LkH@ 316/c,,,,16.7,M0.5,,86.9032,+0.6537,Ori
512,LkH@ 319,,,,15.7,M0,tt,86.9515,+0.6827,Ori
513,LkH@ 320,,,,15.6,M1,tt,87.0045,+0.5747,Ori
514,SS 2-34,,,,13.0,mid-K,,87.5537,+8.2430,Ori
188,LkH@ 334,,,,13.6,K4,tt,88.4206,+1.6373,Ori
189,LkH@ 335,,,,13.77,K4,tt,88.4944,+1.7361,Ori
515,+1# 1156,,,,9.93,K2:n (Li),?,88.5137,+1.6707,Ori
190,LkH@ 336,,,,14.39,"K7,M0",tt,88.5838,+1.7147,Ori
516,LkH@ 336/c,,,,17.1,K7,,88.5853,+1.7145,Ori
191,LkH@ 337,,,,14.2,K7,tt,88.6578,+1.4976,Ori
517,L1622-15,,,,,,,89.3172,+2.4855,Ori
192,HD 250550,250550,1313-691-1,97807159,9.48,B9eq,ae,90.4999,+16.5158,Ori
193,LkH@ 208,,,,12.74,F0e V,ae,91.9561,+18.6576,Ori
194,LkH@ 209,,,,11.8,G8: V(Li),tt,92.0349,+18.6409,Ori
518,RNO 63,,,12302790,13.3,F6e,,91.9684,-5.2679,Mon
195,Bretz 3,,,,14.22,K0:,tt,92.1586,+18.1306,Ori
519,RNO 66 br,,,,16.5,K6,tt,92.1531,-6.9124,Mon
520,RNO 66 ft,,,,17.5,K7,,92.1571,-6.9154,Mon
196,LkH@ 338,,,,15.1,F2e,,92.6960,-6.2133,Mon
197,LKH@ 339,,,,13.6,F2e,,92.7268,-6.2443,Mon
198,Bretz 4,,,72487238,15.0,K4,tt,93.2097,-6.2198,Mon
199,MWC 137,,,,12.05,Bep  *,?,94.6894,+15.2815,Ori
200,LkH@ 340,,,,13.2,cont,,97.5860,+10.5300,Mon
201,LkH@ 341,,,,13.36,B3e,,97.7088,+10.5528,Mon
202,VY Mon,,,207044437,12.89,B8:e,ae,97.7790,+10.4348,Mon
521,>,,,,15.9,M0,tt,97.7819,+10.4388,Mon
522,>,,,,17.9,A0,,97.7840,+10.4337,Mon
523,V481 Mon,,,207044434,16.0,K3,tt,97.7881,+10.4362,Mon
203,LkH@ 274,,,,13.24,K4,tt,97.7922,+10.4345,Mon
524,>,,,,18.4,M0,tt,97.7923,+10.4325,Mon
204,LkH@ 342,,,,14.9,M0,,97.8755,+10.5426,Mon
205,LkH@ 343,,,,14.0,K3,tt,98.0221,+10.4217,Mon
206,LkH@ 344,,,,15.7,K7,tt,98.0258,+10.6077,Mon
525,V486 Mon,,,229308050,16.8,cont,tt,98.1427,+10.2608,Mon
526,LkH@ 213,,,,15.7,"K7,M0",,98.1709,+10.1535,Mon
527,LkH@ 214,,,,15.8,K4,tt,98.1717,+10.1645,Mon
528,LkH@ 215,,,,10.42,B7 IIne,ae,98.1738,+10.1521,Mon
529,HD 259431,259431,737-610-1,229340364,8.69,B5:e   *,*,98.2717,+10.3222,Mon
530,LkH@ 217,,,,17.0,M0,tt,98.2798,+10.2882,Mon
207,R Mon,,,220266636,11.32,*,?,99.7914,+8.7361,Mon
208,KV Mon,,,220281682,14.83,K3,tt,99.9227,+9.7721,Mon
209,G-G 405,,,,12.38,"K3,5 V(Li)",tt,99.9200,+8.9813,Mon
531,VSB 2,,,,13.33,F7 V,,99.9231,+9.5778,Mon
532,LH@ 5,,,,16.8,M1,tt,100.0464,+9.6357,Mon
533,KY Mon,,,220314079,15.74,cont,tt,100.1005,+9.5702,Mon
210,LL Mon,,,220314551,16.0,K2,tt,100.1078,+9.8493,Mon
211,PT Mon,,,220314505,17.7,K5:,tt,100.1328,+9.8266,Mon
534,W68,,,,11.72,"G0 IV,V",,100.1561,+9.9161,Mon
212,LM Mon,,,220314553,15.08,K3,tt,100.1630,+9.8496,Mon
213,NW Mon,,,220314106,14.62,K4,tt,100.1668,+9.5842,Mon
215,V629 Mon,,,220314623,13.59,"G8,K0",tt,100.1723,+9.9038,Mon
214,LP Mon,,,220314556,15.4,M0,tt,100.1722,+9.8506,Mon
216,NX Mon,,,220314070,15.63,cont,tt,100.1714,+9.5661,Mon
217,W84,,,,11.95,"F8,G0e",,100.1757,+9.5604,Mon
218,LQ Mon,,,220322594,16.34,K6,tt,100.1800,+9.7853,Mon
219,V590 Mon,,,220322575,12.78,B8pe+shell*,ae,100.1860,+9.8006,Mon
220,LR Mon,,,220322524,13.92,K3,tt,100.1979,+9.8247,Mon
221,LT Mon,,,220322848,15.49,K1,tt,100.2079,+9.6137,Mon
222,W108,,,,11.97,F9:e (Li) *,,100.2133,+9.7462,Mon
223,V419 Mon,,,220322971,14.38,K3,tt,100.2234,+9.5569,Mon
224,V347 Mon,,,220322528,17.0,M1,tt,100.2260,+9.8223,Mon
535,W121,,,,10.8,F8e V (Li),tt,100.2354,+9.9029,Mon
225,LU Mon,,,220322819,15.03,K3,tt,100.2366,+9.6303,Mon
226,IO Mon,,,220323039,13.62,K3,tt,100.2450,+9.5160,Mon
536,W134,,,,12.44,G5 V,,100.2472,+9.9222,Mon
227,IP Mon,,,220322990,13.19,K3,tt,100.2540,+9.5457,Mon
537,LW Mon,,,220322750,14.3,K7,tt,100.2640,+9.6791,Mon
538,W154,,,,12.74,"G2 III,IVp",,100.2657,+9.5222,Mon
228,LY Mon,,,220323234,15.45,K5,tt,100.2677,+9.4144,Mon
539,PW Mon,,,220322804,16.3,M2,tt,100.2690,+9.6419,Mon
229,LX Mon,,,220322570,15.33,K7,tt,100.2740,+9.8048,Mon
230,SS Mon,,,220321496,12.61,K3,tt,100.2796,+10.4448,Mon
231,V360 Mon,,,220322867,13.29,F8e   *,,100.2757,+9.6064,Mon
232,V426 Mon,,,220323157,12.8,"G,K:",tt,100.2780,+9.4597,Mon
233,V363 Mon,,,220338441,15.22,K7,tt,100.2993,+9.4419,Mon
234,MM Mon,,,220339128,14.31,K3,tt,100.3023,+9.8753,Mon
235,V591 Mon,,,220338431,13.55,K4,tt,100.3033,+9.4377,Mon
236,V365 Mon,,,220338427,13.89,K4,tt,100.3046,+9.4363,Mon
237,V432 Mon,,,220338658,15.02,K5,tt,100.3261,+9.5649,Mon
540,OV Mon,,,220338650,15.11,M0,tt,100.3375,+9.5601,Mon
541,W208,,,,12.54,,,100.3460,+9.4574,Mon
238,MO Mon,,,220338456,13.54,K2,tt,100.3797,+9.4496,Mon
239,OW Mon,,,220339527,14.43,K2,,100.4013,+10.1527,Mon
542,V630 Mon,,,220338933,15.4,K6,tt,100.4053,+9.7518,Mon
543,OX Mon,,,220339535,13.55,K2,tt,100.4115,+10.1595,Mon
544,LH@ 76,,,,15.3,K4,tt,100.4113,+9.5369,Mon
240,OY Mon,,,220338825,13.94,K3,tt,100.4155,+9.6744,Mon
545,OZ Mon,,,231147439,14.21,K5,tt,100.4325,+9.6806,Mon
241,MQ Mon,,,231147422,14.86,K3,tt,100.5362,+9.6892,Mon
242,PY Mon,,,231162331,13.58,K1,tt,100.6272,+9.1573,Mon
546,V565 Mon,,,124538716,13.72,G?ep,?,104.5097,-7.9447,Mon
547,NGC 2316 n,,,,,,,104.9236,-7.7686,Mon
548,LkH@ 218,,,,12.2,B6,*,105.6777,-11.4366,CMa
243,Z CMa,53179,5389-1211-1,125641610,9.35,B?eq  pec,ae,105.9298,-11.5517,CMa
549,LkH@ 219,,,,15.4,K2,tt,105.9721,-11.4927,CMa
550,LkH@ 221,,,,15.8,K0,tt,106.0274,-11.3096,CMa
551,LkH@ 220,,,,12.3,B5:e,*,106.0286,-11.4352,CMa
552,NX Pup,,7642-1627-1,59736077,9.84,F1:e   *,ae,109.8680,-44.5868,Pup
553,PH@ 12,,,,15.24,M1.5,tt,122.0926,-36.0634,Pup
554,PH@ 14,,,,15.77,M2:,tt,122.1410,-36.1363,Pup
555,PH@ 15,,,,14.81,M3,tt,122.1948,-36.1316,Pup
556,PH@ 21,,,,16.3,M4,tt,122.6284,-36.0300,Pup
557,PH@ 34,,,,15.5,K3:,tt,123.1951,-36.3220,Pup
558,PH@ 40,,,,16.47,M0.5,tt,123.4650,-36.2343,Pup
559,PH@ 41,,,,13.95,cont,tt,123.4831,-36.1343,Pup
560,PH@ 44,,,,15.96,"K7,M0",tt,123.5906,-36.1681,Pup
561,PH@ 51,,,,15.85,"K7,M0",tt,123.9801,-35.9666,Pup
562,PH@ 92,,,,,,,127.1684,-33.7731,Pyx
563,ESO313-N*10,,,,,"B,Ae",?,130.5709,-40.7369,Vel
564,SX Cha,,,277553960,14.65,M0.5,tt,164.0047,-77.4108,Cha
565,SY Cha,,,277554109,13.03,M0:,tt,164.1332,-77.1941,Cha
566,SZ Cha,,,277671331,11.99,K0,tt,164.5865,-77.2897,Cha
567,TW Cha,,,277671413,13.08,M0:,tt,164.7607,-77.3779,Cha
244,Sz 6,,9414-186-1,356446816,11.24,K2 (Li),tt,164.7851,-77.0277,Cha
568,TW Hya,,7208-347-1,49178630,10.94,K7 V(Li),tt,165.4668,-34.7046,Hya
569,CS Cha,,,454258275,11.63,K5:  *,tt,165.6093,-77.5598,Cha
570,CT Cha,,,454259409,12.36,K7:  *,tt,166.0428,-76.4551,Cha
571,UV Cha,,,454290481,13.79,,,166.4775,-76.3039,Cha
572,Sz 18,,,454292995,15.35,"M2,3",tt,166.8346,-76.0507,Cha
245,LH@ 332-17,,,,10.68,G2 V (Li),tt,166.8405,-77.6349,Cha
573,VV Cha,,,454292235,14.8,M1.5,tt,166.8732,-76.8696,Cha
574,Sz 21,,,454291757,15.34,M0.5,tt,166.9373,-77.6614,Cha
575,VW Cha,,,454291735,12.51,K2  *,tt,167.0115,-77.7078,Cha
246,CU Cha,97048,9414-795-1,454291762,8.45,A0pe+shell,ae,167.0192,-77.6548,Cha
576,Sz 27,,,454328051,16.28,,,167.1681,-77.2677,Cha
577,VY Cha,,,454327917,17.5,M0.5,tt,167.2331,-77.0367,Cha
578,VZ Cha,,,454327430,12.75,K6,tt,167.3539,-76.3888,Cha
579,Sz 32,,,454327580,,,,167.4777,-76.5733,Cha
580,WW Cha,,,454327588,13.27,K5:,tt,167.5056,-76.5823,Cha
581,WX Cha,,,454328225,14.86,"K7,M0",tt,167.4993,-77.6189,Cha
582,GK-1,,,454329303,14.34,M0,,167.5253,-76.5953,Cha
583,WY Cha,,,454329387,13.98,"K7,M0  *",tt,167.5341,-76.4934,Cha
584,HM 27,,,,15.54,K7:,tt,167.7116,-77.2975,Cha
585,WZ Cha,,,454329319,15.26,M1  *,tt,167.7271,-76.5752,Cha
586,XX Cha,,,454363835,15.28,M2,tt,167.9202,-76.3368,Cha
587,Sz 40,,,454364113,,K0,,168.0458,-76.5761,Cha
588,Sz 41,,,454364158,11.6,K0,,168.1071,-76.6181,Cha
247,CV Cha,,9410-60-1,454364285,10.96,G8 V (Li),tt,168.1201,-76.7393,Cha
589,CW Cha,,,454364287,14.45,G:,,168.1341,-76.7396,Cha
590,HM 32,,,,13.5,M0.5,tt,169.4090,-77.0769,Cha
591,T Cha,,9419-1187-1,357019659,10.12,,?,179.3067,-79.3587,Cha
592,,,,419500551,12.68,"K0,2 III",,191.1929,-54.5218,Cen
593,BC Cha,,,361816806,14.49,,,195.4957,-77.8568,Cha
594,BM Cha,,,393971446,,"M0,1",tt,197.0269,-77.9181,Cha
595,S2,,,,15.18,K2:,*,209.4905,-63.8374,Cen
596,vBH 65b,,,,12.75,Beq,ae,225.8467,-63.3805,Cir
597,Sz 65,,,8159414,12.74,"K7,M0 (Li)",tt,234.8655,-34.7768,Lup
248,Sz 68,,7336-1114-1,99039842,10.31,K2 V(Li),tt,236.3033,-34.2916,Lup
598,Sz 69,,,99046173,17.2,M1:,tt,236.3226,-34.3077,Lup
249,GW Lup,,,99211574,13.83,M1.5,tt,236.6862,-34.5098,Lup
599,HM Lup,,,442549473,14.84,M4,tt,236.9612,-35.4765,Lup
600,Sz 73,,,442549837,16.2,"K7,M0",tt,236.9874,-35.2431,Lup
601,HN Lup,,,442584059,14.18,M1.5,tt,237.0217,-35.2646,Lup
602,M20-04,,,,16.5,M3,tt,237.0332,-25.1230,Sco
250,GQ Lup,,,442623945,11.4,K7 V(Li),tt,237.3005,-35.6515,Lup
603,Sz 77,,,442689368,12.5,M0 (Li),tt,237.9456,-35.9458,Lup
604,Sz 81,,,58488208,15.61,M5.5,tt,238.9593,-38.0259,Lup
605,Sz 82,,,364203272,11.89,M0 (Li),tt,239.0385,-37.9350,Lup
251,RU Lup,142560,7838-546-1,58646587,10.52,K,tt,239.1763,-37.8208,Lup
606,Sz 126,,,255263381,14.1,"K,M",,239.3500,-42.6682,Nor
607,Sz 128,,,58753883,14.63,M1,,239.5310,-41.8633,Lup
608,He 3-1126,,,,10.5,G5,,239.6538,-22.9550,Sco
609,Sz 129,,,279883855,13.02,"K7,M0",tt,239.8181,-41.9524,Lup
252,RY Lup,,7842-532-1,279819212,10.41,"K0,1 V(Li)",tt,239.8649,-40.3683,Lup
610,Sz 130,,,59183599,14.52,M1.5,tt,240.1296,-41.7277,Lup
253,EX Lup,325367,,69094113,13.13,M0: V(Li),tt,240.7730,-40.3069,Lup
611,St 122,,,,13.5,mid-K,,241.3395,-18.3615,Sco
612,HO Lup,,,374457616,12.93,M1,tt,241.7525,-39.0389,Lup
613,Sz 90,,,374458112,14.84,K7,tt,241.7920,-39.1842,Lup
614,Sz 91,,,374457709,15.7,M0,tt,241.7982,-39.0631,Lup
615,Sz 96,,,374813341,14.06,M1.5,tt,242.0526,-39.1426,Lup
616,HK Lup,,,374813201,12.88,"K7,M0 (Li)",tt,242.0930,-39.0777,Lup
617,Sz 102,,,374813137,16.3,K? *,*,242.1237,-39.0531,Sco
618,Sz 103,,,374813252,16.1,M4,tt,242.1262,-39.1031,Sco
619,V856 Sco,144668,7851-1818-1,374813257,6.79,"A7e III,IV",ae,242.1428,-39.1049,Sco
620,Sz 108,,,457994195,13.14,M0.5,,242.1780,-39.1051,Sco
621,Sz 110,,,457994124,14.89,M1:,tt,242.2148,-39.0549,Sco
622,Sz 111,,,457995946,14.5,M0.5,tt,242.2281,-39.6288,Sco
623,V908 Sco,,,457994172,14.61,M2,,242.2572,-39.0859,Sco
624,Sz 134,,,382720578,13.88,M4,tt,242.3009,-41.6735,Sco
625,Sz 116,,,382702803,13.8,M1,,242.4275,-39.3282,Sco
626,Sz 117,,,382702295,14.9,M2,tt,242.4347,-39.2251,Sco
627,Sz 119,,,382799264,15.4,M5,,242.4878,-38.9966,Sco
628,Sz 122,,,382799009,14.37,M3,tt,242.5685,-39.1348,Sco
629,Sz 123,,,462044648,15.08,M2,tt,242.7145,-38.8873,Sco
630,Wa Oph/1,,,,11.65,K2 IV(Li),tt,242.7872,-19.0795,Sco
631,Sz 124,,,462145564,13.83,M0,,242.9723,-39.0378,Sco
632,V866 Sco B,,,,14.3,K5,tt,242.8808,-18.6403,Sco
254,V866 Sco A,,,,12.39,K5 V(Li),tt,242.8808,-18.6403,Sco
633,Wa Oph/2,,,,11.65,K1 IV(Li),tt,242.9970,-19.1147,Sco
634,Wa Oph/3,,,,10.78,K0 IV(Li),tt,243.1689,-18.9909,Sco
256,Haro 1-1,,,322929476,13.34,"K5,7",,245.3948,-26.2076,Sco
257,Haro 1-4,,,203817730,13.41,"K6,7",tt,246.2942,-23.3209,Oph
258,V852 Oph,,,98688310,14.54,M0,tt,246.3515,-24.4957,Oph
635,ROX 2,,,98688774,,M,,246.3533,-23.9250,Oph
636,ROX 3,,,98687982,,M0,,246.4541,-24.8493,Oph
259,SR 4,,,,12.89,"K6,7",tt,246.4842,-24.3465,Oph
637,DoAr 21,,,98689033,13.95,"G,K",?,246.5129,-24.3933,Oph
638,DoAr 24,,,399155584,14.33,late K,tt,246.5713,-24.3390,Oph
260,DoAr 22,,,204000357,,F5 ?,,246.5801,-23.7220,Oph
639,DoAr 24E,,,399155582,14.82,,,246.5976,-24.3496,Oph
261,Haro 1-8,,,204000421,13.84,K5,tt,246.6981,-23.2486,Oph
262,SR 24 s,,,,15.9,K2:,tt,246.7438,-24.7601,Oph
262,SR 24 n,,,,16.0,M0.5,tt,246.7438,-24.7601,Oph
640,ROX 20-1 nw,,,,,M,,246.8099,-24.8591,Oph
641,ROX 20-2 se,,,,,M,,246.8129,-24.8608,Oph
263,SR 12,,,,13.27,"M1,2",,246.8315,-24.6945,Oph
264,SR 9,,,,11.38,"K5,7",tt,246.9181,-24.3673,Oph
642,ROX 31,,,175743615,,"K7,M0",,246.9675,-24.6801,Oph
265,SR 10,,,,14.01,M1.5,tt,246.9818,-24.4379,Oph
643,SR 20,,,,14.15,<K7,tt,247.1365,-24.3786,Oph
266,V853 Oph,,,175860953,13.52,M1.5,tt,247.1889,-24.4714,Oph
644,Haro 1-14/c,,,,12.29,K3,,247.7715,-24.0770,Oph
267,Haro 1-14,,,204799760,14.0,M0,tt,247.7716,-24.0770,Oph
268,Haro 1-16,,,318449121,12.59,"K2,3",tt,247.8897,-24.4593,Oph
645,Reipurth 13,,,,,,,248.1134,-44.9267,Nor
646,V346 Nor,,,227586420,16.3,F8eqIII(Li),fu,248.1338,-44.9246,Nor
647,DoAr 51,,,204828938,13.59,M0:,,248.0495,-24.6714,Oph
648,Haro 1-17,,,204865731,,M1:?,,248.0916,-24.7029,Oph
649,RNO 90,,,414219316,13.28,G5:,tt,248.5366,-15.8046,Oph
650,RNO 91,,,,15.39,,,248.6219,-15.7837,Oph
651,He 3-1254,,,,11.0,"K7,M0 V",tt,251.6848,-15.2437,Oph
652,Wa Oph/4,,,,13.52,"K4,5 (Li)",tt,252.0753,-14.1875,Oph
653,Wa Oph/6,,,,13.2,late K (Li),tt,252.1904,-14.2763,Oph
654,Wa Oph/5,,,,15.2,"M2,3 (Li)",tt,252.2536,-14.2861,Oph
270,V1121 Oph,,5641-480-1,398865485,11.48,K5 (Li),tt,252.3135,-14.3686,Oph
271,AK Sco,152404,7371-870-1,339989392,8.82,F5e V(Li),tt,253.6869,-36.8881,Sco
655,V921 Sco,,7876-1893-1,121137860,11.43,Bep?,ae,254.7787,-42.7021,Sco
656,AS 216,,,,,K2 V(Li),tt,255.1471,-27.6354,Oph
657,AS 218,,,,13.1,K7 V(Li),tt,257.2259,-27.2085,Oph
272,IX Oph,,6820-188-1,24033181,10.86,G,?,257.4506,-27.2838,Oph
273,KK Oph,,6820-46-1,24378780,10.32,"B,Ae",a?,257.5335,-27.2554,Oph
274,LkH@ 345,,,,13.04,K7,tt,257.7001,-27.6806,Oph
275,LkH@ 346 nw,,,,14.3,K7,tt,257.7660,-27.3817,Oph
275,LkH@ 346 se,,,,15.0,M5,tt,257.7660,-27.3817,Oph
276,LkH@ 347,,,,14.1,M0,tt,258.0006,-27.3380,Oph
658,RNO 92,,,,,M0,,258.9821,-20.9342,Oph
659,B62-H@2,,,,,M2,tt,259.0490,-20.9649,Oph
660,B62-H@4,,,,,M3,tt,259.0549,-20.9080,Oph
661,V1725 Oph,,,78722782,,M0.5,tt,259.0577,-20.9627,Oph
277,LkH@ 122,,,,14.2,G4,tt,270.5032,-22.8840,Sgr
279,LkH@ 102,,,,14.5,K5,tt,270.7183,-24.3119,Sgr
278,V1752 Sgr,,,406063252,14.8,K5:,tt,270.7263,-24.3489,Sgr
280,SV Sgr,,,406747906,13.63,"G,Keq *",tt,270.9906,-24.4258,Sgr
281,LkH@ 118,,,,11.13,B5pe V   *,,271.4570,-24.2555,Sgr
662,V4046 Sgr,319139,7396-644-1,60068392,10.4,"K5,6n V(Li)",,273.5436,-32.7922,Sgr
663,-10# 4662 B,,,,,K7p V(Li),tt,275.0949,-10.1867,Ser
664,-10# 4662 A,,,,10.6,K5p V(Li),tt,275.0949,-10.1867,Ser
665,CoKu Ser/G2,,,,15.1,K1,tt,277.0564,-0.0470,Ser
666,>,,,,19.6,?,,277.0633,-0.0449,Ser
667,CoKu Ser/G1,,,,17.3,K7,tt,277.0633,-0.0449,Ser
282,VV Ser,,,415518457,11.87,"B,Ae",ae,277.1998,+0.1444,Ser
668,CoKu Ser/G6,,,,16.8,K3,tt,277.2551,+0.4945,Ser
669,CoKu Ser/G5,,,,17.5,M1,tt,277.2559,+0.5072,Ser
670,CoKu Ser/G4,,,,19.7,?,,277.2570,+0.4962,Ser
671,CoKu Ser/G3,,,,18.4,K7,tt,277.2577,+0.4985,Ser
672,CoKu Ser/G7,,,,17.6,M0:,,277.4857,+1.2470,Ser
284,AS 310,,,,12.49,B:e,?,278.3386,-4.9685,Sct
285,LkH@ 348,,,,14.2,cont,,278.5527,-0.4394,Ser
673,Kn H@ 10,,,,14.77,*,,284.7163,-37.3235,CrA
674,Kn H@ 6,,,,13.94,early M,tt,285.0067,-36.6185,Sgr
675,Kn anon 2,,,,13.95,*,,285.2790,-36.9664,CrA
286,S CrA,,7421-213-1,254051138,11.12,K6: *,tt,285.2856,-36.9555,CrA
676,Wa CrA/1,,,,11.24,"K0,2 IV(Li)",tt,285.3955,-37.0150,CrA
287,TY CrA,,7421-1126-1,254045303,8.95,B9  *,?,285.4202,-36.8761,CrA
677,MaRy/H@ 2,,,,15.87,K8:,,285.4237,-36.9982,CrA
288,R CrA,,7421-1244-1,254045301,10.74,A5:e+shell,ae,285.4750,-36.9527,CrA
289,DG CrA,,,254063046,13.43,late type,tt,285.4799,-37.3932,CrA
290,T CrA,,,254063073,13.37,F0:e,ae,285.4955,-36.9637,CrA
678,Wa CrA/2,,,,10.45,G8 IV:(Li),tt,285.5070,-37.1225,CrA
679,Wa CrA/3,,,,13.72,"K4,5 (Li)",tt,285.5846,-36.9222,CrA
680,Kn H@ 14,,,,13.92,early M,,285.6312,-36.9683,CrA
681,FG Aql,,,307006702,13.7,K2 (Li) *,tt,285.5923,-5.6056,Aql
682,FG Aql/G2,,,307006712,13.6,M0,,285.5952,-5.6042,Aql
683,FH Aql,,,307006665,15.5,K1,tt,285.5965,-5.6103,Aql
291,VV CrA,,,254080107,13.02,cont,tt,285.7778,-37.2138,CrA
684,WL 22,,,175597755,15.5,,,286.7911,+5.2198,Aql
292,V1352 Aql,,,,12.46,cont  *,tt,290.1291,+11.0319,Aql
685,AS 353B,,,,14.6,M0 (Li),tt,290.1293,+11.0303,Aql
686,WW Vul,344361,1612-503-1,385894679,10.62,"A0,3e V",ae,291.4945,+21.2086,Vul
293,LH@ 483-41,,,,11.67,F0:e,,291.6678,+23.8975,Vul
687,Par 21,,,,14.16,A5:e@,ae,292.2534,+9.6441,Aql
294,V536 Aql,,,68712774,14.9,K7,tt,294.7392,+10.5045,Aql
688,1548C27,,,,15.0,eq,?,295.7323,+23.4055,Vul
689,V1685 Cyg,,3160-391-1,13002932,10.52,"B2,3e+shell",ae,305.1182,+41.3642,Cyg
690,V1686 Cyg,,,13002955,12.9,"B,Ae",ae,305.1221,+41.3577,Cyg
691,V1318 Cyg,,,13002959,15.2,?,,305.1270,+41.3576,Cyg
692,V1515 Cyg,,,193573348,12.56,"G2,5 Ib,II",fu,305.9497,+42.2070,Cyg
693,+41# 3731,,,,9.88,"B2,3e",?,306.0681,+42.2964,Cyg
694,Par 22,,,,,A5e V,,306.1229,+42.2344,Cyg
295,LkH@ 228,,,,13.2,"K1,2",tt,306.1290,+42.2681,Cyg
695,RNO 124,,,422370023,18.3,,,309.0820,+67.9422,Dra
696,PV Cep,,,387448542,17.8,Ae + shell,ae,311.4754,+67.9602,Cep
697,AS 442/c,,,,15.4,"G5,K0",,311.9063,+43.7904,Cyg
698,LkH@ 137,,,,14.5,cont,,312.6542,+44.3069,Cyg
699,LkH@ 138,,,,16.5,K7,tt,312.6539,+44.3478,Cyg
700,LkH@ 138/c,,,,16.2,M0,tt,312.6560,+44.3484,Cyg
701,,,,,19.7,?,,312.7082,+44.3622,Cyg
702,LkH@ 141,,,,15.7,K4,tt,312.7191,+44.2790,Cyg
703,>,,,,16.1,M0,tt,312.7242,+44.3552,Cyg
704,LkH@ 146,,,,15.4,K4,,312.7566,+44.2617,Cyg
705,LkH@ 147,,,,14.5,Be?,,312.7613,+43.8256,Cyg
296,V1491 Cyg,,,356605648,15.1,"G8,K0",tt,312.7693,+44.3973,Cyg
706,LkH@ 150,,,,17.2,K3,tt,312.8131,+44.3049,Cyg
707,LkH@ 151,,,,16.0,K6,tt,312.8152,+44.2488,Cyg
708,LkH@ 151/c,,,,18.8,K7,tt,312.8177,+44.2504,Cyg
709,V1702 Cyg,,,276013594,16.1,K2,tt,312.8189,+44.3829,Cyg
710,V1703 Cyg,,,276013896,15.8,"K7,M0",tt,312.8375,+44.4388,Cyg
711,LkH@ 154,,,,16.6,K4,tt,312.8445,+44.3508,Cyg
712,LkH@ 157,,,,17.6,K4,tt,312.8864,+44.3969,Cyg
713,LkH@ 158,,,,15.7,K2,tt,312.8891,+44.4437,Cyg
714,LkH@ 161,,,,16.6,K3,tt,312.9246,+44.2690,Cyg
715,V1707 Cyg,,,356774448,16.5,K5,,313.0157,+44.6248,Cyg
716,V1493 Cyg,,,356774444,15.2,A2e@,?,313.0193,+44.6252,Cyg
717,LkH@ 168,,,,13.4,F2:e ?,,313.0252,+44.2878,Cyg
297,V751 Cyg,,,356777168,14.03,A5:e,?,313.0532,+44.3240,Cyg
298,LkH@ 172,,,,14.5,K4,tt,313.1115,+44.2852,Cyg
718,LkH@ 174,,,,18.1,K4,tt,313.1287,+44.3366,Cyg
719,LkH@ 175,,,,18.5,"K7,M0",tt,313.1432,+44.2944,Cyg
720,V1539 Cyg,,,329335108,16.3,K6,tt,314.4994,+43.8907,Cyg
721,>,,,,19.1,?,,314.5432,+43.8789,Cyg
722,LkH@ 188/G4,,,,18.9,"K7,M0",tt,314.5710,+43.8954,Cyg
723,LkH@ 186,,,,18.1,K3:,tt,314.5817,+43.8986,Cyg
724,LkH@ 187,,,,18.0,K5,tt,314.5898,+43.8960,Cyg
299,V521 Cyg,,,329335120,13.6,G8:eq,tt,314.5992,+43.8866,Cyg
725,LkH@ 189,,,,17.0,K6,tt,314.6000,+43.8986,Cyg
300,V1057 Cyg,,,329612015,,A-Ge,fu,314.7240,+44.2580,Cyg
301,LkH@ 191,,,,12.8,"K0,3 V(Li)",tt,314.7742,+43.9509,Cyg
302,V1331 Cyg,,,289434958,11.87,cont,tt,315.2885,+50.3625,Cyg
303,LkH@ 321,,,,12.2,G:eq,tt,315.4796,+49.8602,Cyg
726,HD 200775,200775,4460-3015-1,387813185,7.39,B3eq*,ae,315.4036,+68.1634,Cep
304,FU Cep,,,387813212,,,,315.4451,+68.1462,Cep
306,FV Cep,,,387833324,14.3,K7,tt,315.5847,+68.4234,Cep
305,LkH@ 324,,,,11.48,"A,Fe?",?,315.9761,+50.2528,Cyg
727,LkH@ 324-SE,,,,14.8,G,tt,315.9920,+50.2447,Cyg
307,EH Cep,,,387878615,13.0,K2,tt,315.8515,+67.9852,Cep
728,V1082 Cyg,,,240591203,13.5,cont,tt,324.2645,+43.3555,Cyg
729,LkH@ 349/c,,,,14.9,K7,tt,324.2109,+57.5530,Cep
308,LkH@ 349,,,,13.32,"F6,8eq",tt,324.2112,+57.5197,Cep
730,+65# 1637,,,,10.15,"B2,3nne",ae,325.7086,+66.1098,Cep
731,,,,322312966,,K7,tt,325.7482,+66.0763,Cep
732,V350 Cep,,,322312556,,M2 var,tt,325.7495,+66.1912,Cep
309,LkH@ 234,,,,11.9,"B5,7e",ae,325.7779,+66.1151,Cep
733,V1735 Cyg,,,345609692,18.5,"F,Geq",fu,326.8361,+47.5346,Cyg
310,+46# 3471,,,,10.1,A4:e+shell,ae,328.1421,+47.2290,Cyg
311,LkH@ 245,,,,15.27,K4,tt,328.3765,+47.2208,Cyg
312,LkH@ 257,,,,13.17,"B5,A2e",ae,328.5787,+47.2031,Cyg
734,BH Cep,,4467-2136-1,372070676,11.0,F5e@,?,330.4284,+69.7435,Cep
735,BO Cep,,4467-527-1,367420555,11.46,F2e@,?,334.2249,+70.0626,Cep
736,SV Cep,,4475-568-1,467356861,10.42,A0e@ III,?,335.3881,+73.6742,Cep
737,LkH@ 230,,,,16.7,cont(K3),tt,338.6026,+40.7021,Lac
738,LkH@ 231,,,,16.8,K4,tt,338.6185,+40.7003,Lac
739,LkH@ 232,,,,15.9,K3,tt,338.6411,+40.7040,Lac
313,LkH@ 233,,,,13.58,A7e@,ae,338.6708,+40.6677,Lac
314,LkH@ 350,,,,13.5,"B2,5e",*,342.2802,+62.1859,Cep
315,DI Cep,,3997-1587-1,367760801,11.31,G8 V:(Li),tt,344.0478,+58.6671,Cep
316,AS 501,,,,,M3-5e@,?,344.4206,+58.8201,Cas
740,MWC 1080/c,,,,15.5,K2,,349.3586,+60.8453,Cas
317,MWC 1080,,,,11.67,B0?eq,*,349.3586,+60.8453,Cas
741,AS 507,,,,,"G5,8 V(Li)",tt,350.2166,+74.2355,Cep
318,BM And,,,26369773,12.1,K5 V(Li) *,tt,354.4104,+48.4035,And
742,MacC H1,,,368372248,14.97,B8:e@,,358.1376,+68.4321,Cep
319,MacC H3,,,368381246,14.5,K2,tt,358.6112,+66.9052,Cep
320,MacC H19,,,326637109,14.62,K3,tt,359.3942,+64.7803,Cas
321,MacC H4,,,265464119,14.67,A9e@,ae,359.6730,+66.4370,Cas
322,MacC H5,,,265464193,15.8,K5,tt,359.8329,+66.3868,Cas
323,MacC H18 n,,,,14.21,K7,tt,0.5553,+64.9070,Cas
