name,hd,tyc,tic,magmax,period,sptype,ra_deg,dec_deg,constellation
T And,1795,1734-1431-1,437756809,7.7,281.0,M4e-M7.5e,5.5965,+26.9961,And
U And,7482,,186401829,9.0,347.7,M6e,18.8737,+40.7190,And
V And,4779,,53677871,9.0,256.4,M2e-M3e,12.5262,+35.6528,And
W And,14028,2842-951-1,292938814,6.7,397.3,"S6,1e-S9,2e",34.3873,+44.3049,And
X And,1167,,440066566,8.5,343.4,"S2,9e-S5,5e",4.0397,+47.0126,And
Y And,10112,2814-255-1,189626411,8.2,220.5,M3e-M4.5e,24.9038,+39.3430,And
RR And,4895,,53700749,8.4,330.6,"S6.5,2e",12.8472,+34.3769,And
RW And,4489,2280-81-1,267942318,7.9,430.0,"M5e-M10e(S6,2e)",11.8288,+32.6858,And
SV And,225192,2785-1315-1,194204295,7.7,313.0,M5e-M7e,1.0836,+40.1099,And
SX And,,3278-1233-1,327010620,8.7,332.8,M6.5e,23.3997,+46.5204,And
SZ And,,,154929395,9.5,344.0,M2e,344.8937,+42.8420,And
TU And,2890,1734-310-1,440674692,7.5,316.8,M5e,8.0947,+26.0294,And
UW And,,,437746125,9.4,237.0,M5,3.5454,+29.0224,And
UZ And,7540,,186447725,9.1,316.0,M7e,19.0465,+41.7495,And
YZ And,,,44453319,9.7,207.0,M5e,6.8093,+30.8969,And
AH And,,,184589724,9.3,480.2,M4-M5e,31.4775,+40.7241,And
AX And,,3295-1321-1,203088591,9.3,378.0,,38.1921,+46.4891,And
BG And,,3243-267-1,240632364,8.5,289.5,"S6.5,5e",352.7476,+43.2654,And
BU And,,3234-546-1,346478828,9.4,378.0,M7e,350.9162,+39.7269,And
KU And,,,439961782,6.5,660.0,M10,1.7199,+43.0835,And
LP And,,,176673337,1.8,614.0,"C8,3.5e",353.6147,+43.5503,And
V0588 And,,,,9.44,265.5,M4,345.6381,+46.8301,And
V Ant,,7192-604-1,71487819,8.2,303.0,M7IIIe,155.2880,-34.7886,Ant
X Ant,,7170-2042-1,70713568,8.8,164.1,M2-M6e,151.6760,-30.0772,Ant
T Aps,,9430-1386-1,395746133,8.4,259.63,M3e,208.9633,-77.8023,Aps
SV Aps,,9265-1665-1,402085911,9.0,303.5,,219.6831,-72.5276,Aps
VZ Aps,,9285-1236-1,426489650,8.1,370.4,M5e,244.0606,-74.0404,Aps
WW Aps,,9286-1278-1,309546745,8.6,267.9,M4(Ib)e,247.8798,-74.9956,Aps
DS Aps,,,301850419,8.7,273.0,Me,259.6659,-71.2771,Aps
MS Aps,,,311391522,9.53,348.1,,258.6051,-76.5568,Aps
MW Aps,,,403448615,9.6,392.1,Me,230.4657,-74.5639,Aps
MZ Aps,,,311170403,9.7,391.7,,257.5387,-72.4608,Aps
S Aqr,216907,6400-60-1,137805888,7.6,279.3,M4e-M6e,344.2770,-20.3432,Aqr
T Aqr,198373,5186-231-1,248315067,7.0,201.1,M2e-M5.5e,312.4850,-5.1467,Aqr
W Aqr,,,248266114,8.3,376.1,M6-M8e,311.6042,-4.0834,Aqr
X Aqr,211610,6384-1506-1,206600436,7.2,311.4,"S6,3e:(M4e-M6.5e)",334.6638,-20.9011,Aqr
Y Aqr,,,248233984,8.1,382.34,M6.5e-M9,311.1045,-4.8335,Aqr
RR Aqr,202306,,248555523,9.1,182.45,M2e-M4e,318.7553,-2.8959,Aqr
RS Aqr,,5201-216-1,248488297,9.3,221.3,M2e,317.7422,-4.0278,Aqr
RT Aqr,212243,6384-795-1,188636876,8.8,252.2,M5e-M6e,335.8036,-22.0566,Aqr
RV Aqr,,,248917931,9.0,453.0,"C6,3e",316.4655,-0.2117,Aqr
RW Aqr,,529-353-1,269923337,8.5,140.0,M2e-M4e,320.7742,+0.8378,Aqr
SS Aqr,,5810-1063-1,188500948,9.2,202.2,M2e,334.9767,-14.4019,Aqr
XX Aqr,,5756-1255-1,205736860,9.1,323.4,M4,310.5787,-8.2583,Aqr
R Aql,177940,1040-241-1,196029451,5.3,269.84,M5e-M9IIIe,286.5927,+8.2300,Aql
W Aql,,5142-2895-1,125146283,7.0,479.0,"S3,9e-S6,9e",288.8474,-7.0473,Aql
X Aql,187757,,110839280,8.1,347.67,M6e,297.8742,+4.4644,Aql
Z Aql,,5174-2320-1,71467710,8.8,128.4,M3e,303.7960,-6.1511,Aql
RR Aql,188915,5151-1109-1,251939977,8.2,396.1,M6e-M9,299.4002,-1.8865,Aql
RS Aql,189191,,70212220,9.2,417.9,M5e-M8,299.7773,-7.8838,Aql
RT Aql,185293,1064-3145-1,327098435,7.5,326.4,M6e-M9p(S),294.5067,+11.7217,Aql
RU Aql,192081,,87554441,8.4,275.35,M5e,303.1867,+12.9948,Aql
RV Aql,185821,,261844323,8.1,217.9,M2e-M7:e,295.1794,+9.9310,Aql
RY Aql,,,69783353,9.6,354.7,M3IIIe-M5e,297.0960,+11.5248,Aql
RZ Aql,,,321615879,9.4,332.0,M5e,298.4743,+9.6601,Aql
SY Aql,190970,,86287755,8.3,359.65,M5e-M7e,301.7725,+12.9517,Aql
TU Aql,,,392216200,8.2,268.3,M2e-M9,291.9015,+2.0530,Aql
TV Aql,192082,,273247461,9.0,245.11,M4e,303.2067,+6.3001,Aql
VX Aql,,5128-947-1,,9.9,649.0,"SC5,8",285.0398,-1.5825,Aql
VY Aql,,,39690618,9.19,333.9,M5:e,285.8409,-7.1565,Aql
WZ Aql,192407,503-2259-1,346085754,9.3,310.04,M4-M6ep,303.6627,+4.7846,Aql
BT Aql,,5723-621-1,100781525,9.9,293.52,,293.0974,-8.1080,Aql
CU Aql,,5713-254-1,2814651,9.5,200.07,M1IIIe,289.6190,-10.6933,Aql
CY Aql,,,108781661,9.5,349.5,M8e,289.8542,+0.5160,Aql
ER Aql,,468-3509-1,182811801,9.57,336.05,S,289.7790,+3.4014,Aql
FP Aql,,,160952798,9.5,335.8,M3e-M9,289.3318,-0.1478,Aql
GY Aql,,5725-2467-1,237517703,8.0,465.0,M6III:e-M8,297.5264,-7.6146,Aql
OU Aql,,1062-6-1,70057145,9.6,287.37,M3IIIe,297.4652,+9.3958,Aql
V0424 Aql,,,,9.7,194.77,,297.5928,+3.8140,Aql
V0438 Aql,,,,9.7,283.0,M3IIIe,301.2562,+7.6869,Aql
V0474 Aql,,,,9.7,307.1,M6.5,281.8070,+10.5555,Aql
V0865 Aql,,,,9.6,367.5,"M6-M7(S7,5e:)",305.9777,+0.9458,Aql
V1300 Aql,,,178297564,3.17,675.0,M,302.6161,-6.2704,Aql
V1361 Aql,,,226093962,8.5,970.0,,281.7910,-2.5933,Aql
V1362 Aql,,,,5.3,1730.0,,282.1749,-2.8413,Aql
V1363 Aql,,,,5.8,1490.0,,282.8595,-1.0644,Aql
V1364 Aql,,,53764372,6.5,510.0,,283.0060,-1.4462,Aql
V1365 Aql,,,53627889,3.9,1750.0,,283.0929,-0.2365,Aql
V1366 Aql,,,222334936,7.5,1340.0,,284.6254,+6.7161,Aql
V1367 Aql,,,223523341,9.0,770.0,,286.0406,+6.2212,Aql
V1368 Aql,,,,6.8,1650.0,,287.2811,+8.2729,Aql
V1369 Aql,,,208994785,6.7,720.0,,288.5817,+11.1765,Aql
V1407 Aql,,,10639513,8.9,368.6,M6S,299.3205,-11.2378,Aql
V1414 Aql,,,101120164,9.0,352.3,,293.6662,-7.5721,Aql
V1416 Aql,,,366130971,1.1,450.0,M9,301.9292,+6.0536,Aql
V1418 Aql,,,223292070,6.66,562.0,C,285.8268,+7.5126,Aql
V1421 Aql,,,133685036,6.66,489.0,"C7,3",291.8115,+7.0702,Aql
V1433 Aql,,,74133453,3.6,558.0,,295.2302,+15.3377,Aql
V1577 Aql,,,178306098,9.5,472.7,,286.3270,+1.6600,Aql
V1904 Aql,,,181323436,7.3,251.0,,287.8096,+1.0296,Aql
U Ara,162398,8356-1740-1,409640093,7.7,224.6,M3IIep,268.4067,-51.6873,Ara
X Ara,149234,8716-1614-1,221780329,8.4,177.7,M5e-M7eII-III,249.1028,-55.4148,Ara
Y Ara,149554,8724-1693-1,222004208,8.6,240.2,M2e-M4e,249.7729,-59.8064,Ara
Z Ara,152064,8734-2242-1,170684541,9.2,293.3,M3e-M5e,253.5555,-56.2650,Ara
RU Ara,,9053-4049-1,305419021,8.6,256.8,M5e,262.2759,-60.8990,Ara
RV Ara,,9061-4417-1,305767040,9.4,290.95,Me,263.2476,-64.2817,Ara
RZ Ara,161416,,363719816,9.4,295.7,M1e-M3e,267.0962,-52.6509,Ara
TT Ara,164523,8361-1720-1,63414226,9.4,178.6,M6e,270.9822,-47.2332,Ara
UX Ara,,,347214597,9.9,250.0,,253.8438,-51.9265,Ara
CH Ara,,,172885003,9.7,247.5,Me,256.7004,-59.0560,Ara
V0630 Ara,,,,9.5,339.5,M6e,252.0876,-49.6978,Ara
V0833 Ara,,,,6.69,524.0,,265.0328,-45.6523,Ara
R Ari,13913,1769-458-1,118299026,7.1,185.67,M3e-M6e,34.0296,+25.0566,Ari
S Ari,12701,,97304587,9.3,291.0,M4e-M5e,31.1569,+12.5271,Ari
T Ari,17446,1226-1246-1,218232212,7.3,340.0,M6e-M8e,42.0822,+17.5094,Ari
U Ari,19737,654-516-1,381370719,7.2,371.1,M4e-M7.5e,47.7627,+14.8001,Ari
YZ Ari,,,387585347,5.05,447.0,M8,44.3645,+11.3016,Ari
R Aur,34019,3735-681-1,105135975,6.7,450.0,M6.5e-M9.5e,79.3237,+53.5861,Aur
U Aur,37724,2409-81-1,116597731,7.4,400.0,M7e-M9e,85.5377,+32.0398,Aur
V Aur,44388,3380-1119-1,189959328,8.5,349.0,"C6,2e(N3e)",96.0097,+47.7066,Aur
W Aur,281118,,409187448,8.0,271.3,M3e-M8e,81.7274,+36.9031,Aur
X Aur,42212,3383-515-2,241209012,7.8,165.5,M3e-M7e,93.0557,+50.2279,Aur
RR Aur,42311,,440624733,9.0,309.8,M3e-M7e,93.0341,+43.1643,Aur
RU Aur,,2911-1796-1,269382116,8.0,463.0,M7e-M9e,85.0331,+37.6363,Aur
ST Aur,,,307514691,9.6,295.6,,93.7460,+46.7965,Aur
SZ Aur,37645,,426220224,8.2,455.6,M8e,85.4858,+38.9322,Aur
UV Aur,34842A,2394-373-1,2688613,7.4,392.8,"C6,2-C8,2Jep(Ne)",80.4538,+32.5112,Aur
VX Aur,,2961-1146-1,18692866,8.0,325.8,M5e,112.1270,+40.9704,Aur
VY Aur,,,440587746,9.3,405.8,M8e,92.4670,+46.5745,Aur
AA Aur,47523,2953-1341-1,274267551,8.8,267.9,M3e,100.3039,+44.1665,Aur
AC Aur,,3367-600-1,309871480,8.5,312.4,M5e,81.7678,+50.1245,Aur
AL Aur,,,172219733,9.0,388.0,M7e,98.3223,+31.5918,Aur
AY Aur,,,312684578,9.8,384.3,M6.5,89.0150,+32.1549,Aur
AZ Aur,,2929-1597-1,174760798,8.2,411.9,"C7,1e-C8,2-3(N0e)",90.2802,+39.6707,Aur
ET Aur,,2450-2016-1,156783945,9.6,205.3,M2e,106.7637,+37.0297,Aur
GO Aur,,,470949054,9.2,292.45,,96.5084,+50.4914,Aur
HT Aur,,,17765913,8.9,300.85,M,109.2009,+39.6502,Aur
NV Aur,,,328003589,3.6,635.0,M10,77.8307,+52.8760,Aur
V0373 Aur,,,,1.0,590.0,M9,89.8539,+38.4273,Aur
V0485 Aur,,,,9.6,372.0,,79.1713,+50.2257,Aur
V0524 Aur,,,,9.8,,,70.1167,+30.2807,Aur
V0525 Aur,,,,9.5,386.0,,70.8722,+34.5386,Aur
V0528 Aur,,,,8.1,433.0,,78.2183,+46.7175,Aur
V0530 Aur,,,,9.4,449.0,,86.3748,+29.1183,Aur
R Boo,128609,2018-161-1,157981215,6.0,223.11,M3e-M8e,219.2982,+26.7366,Boo
S Boo,126289,3859-964-1,441706783,7.4,269.88,M3e-M6e,215.7205,+53.8104,Boo
Z Boo,123304,907-572-1,73541060,8.2,282.2,M5e-M6e,211.6242,+13.4834,Boo
RR Boo,,3043-107-1,68146100,8.2,194.0,M2e-M6e,221.7741,+39.3171,Boo
RT Boo,,2569-241-1,138256324,8.2,275.5,M6.5e-M8e,229.3113,+36.3593,Boo
R Cae,29844,7586-662-1,77264481,6.7,388.37,M6e-M9e,70.1254,-38.2353,Cae
R Cam,127226,4634-2021-1,158001237,6.97,270.22,"S2,8e-S8,7e",214.4626,+83.8316,Cam
S Cam,36972,4344-928-1,328668612,7.7,329.9,"C7,3e(R8e)",85.2604,+68.7986,Cam
T Cam,29147,4090-1730-1,281274850,7.2,369.3,"S4,7e-S8.5,8e",70.0370,+66.1468,Cam
V Cam,39741,4357-683-1,138074750,7.3,516.3,M7e,90.6345,+74.5076,Cam
W Cam,,4525-1721-1,400094914,9.5,282.3,M7,96.4844,+75.4511,Cam
X Cam,29384,4511-193-1,140639569,7.1,143.56,K8-M8e,71.4258,+75.1010,Cam
RT Cam,45968,4105-1240-1,55487092,9.0,367.6,M6e,98.8307,+64.0928,Cam
SU Cam,,,328798303,8.9,286.25,M5,99.5527,+73.9162,Cam
SW Cam,,,441623524,9.8,255.6,M5e,120.9992,+73.4085,Cam
TX Cam,,,252363515,7.8,558.7,M8-M10,75.2134,+56.1818,Cam
WY Cam,,4518-2350-1,371710208,9.6,410.5,S2e,69.9733,+79.1308,Cam
BW Cam,,,82891072,1.69,,M9,79.9670,+63.2656,Cam
LL Cam,,,86667528,9.3,617.0,,57.7677,+58.7070,Cam
LM Cam,,,72285686,9.5,588.0,,59.1493,+57.3409,Cam
LQ Cam,,,356210983,7.3,483.5,,63.0942,+53.9183,Cam
MR Cam,,,356222354,9.8,350.0,,63.0755,+58.6680,Cam
R Cnc,69243,802-1503-1,458581443,6.07,361.6,M6e-M9e,124.1410,+11.7263,Cnc
U Cnc,72863,,195188294,9.0,305.0,M2e,128.9429,+18.8957,Cnc
V Cnc,70276,1382-592-1,6890829,7.6,269.7,"S0e-S7,9e",125.4286,+17.2852,Cnc
W Cnc,78585,1954-1300-1,285004409,6.5,394.8,M6.5e-M9e,137.4692,+25.2483,Cnc
RR Cnc,,1927-1971-1,82461809,8.5,296.04,M3e,122.7631,+23.1485,Cnc
SZ Cnc,,,6860178,9.4,319.6,M2,125.3476,+14.0041,Cnc
TV Cnc,,794-1625-1,443951056,9.5,262.8,M7,123.5782,+8.5735,Cnc
R CVn,120499,3027-252-1,23676007,6.5,330.0,M6e-M9e,207.2377,+39.5426,CVn
U CVn,111223,,389871890,8.9,342.9,M7e,191.8319,+38.3753,CVn
RT CVn,,,165794645,9.4,253.9,M5e,207.1861,+33.7263,CVn
V CMa,,7087-114-1,52547027,9.6,241.0,Me,100.9196,-31.7824,CMa
ST CMa,,6507-341-1,47854319,9.3,288.0,,98.0934,-22.7461,CMa
SU CMa,,,80192014,9.4,266.8,M6.5,105.3469,-19.0462,CMa
SY CMa,,,98885854,8.7,214.6,M4-6,107.6378,-19.8363,CMa
UV CMa,,6535-1350-1,64134481,9.6,332.25,M5-8e,106.2792,-28.3081,CMa
BQ CMa,,,65975713,9.7,340.9,M8,108.7886,-25.7830,CMa
DL CMa,,,78664635,9.9,422.5,M7e,102.9524,-19.0383,CMa
EH CMa,,7072-1321-1,124775234,9.0,289.9,M8e,94.3020,-31.0297,CMa
HS CMa,,,47982102,9.9,141.32,,98.4219,-18.1274,CMa
HX CMa,,,99249411,6.94,725.0,C,108.0167,-20.2898,CMa
OY CMa,,,24751383,9.7,500.0,S-*2e,97.2327,-11.8501,CMa
V0425 CMa,,,,4.22,560.0,C,111.0303,-23.5127,CMa
R CMi,54300,753-93-1,262440494,7.0,340.0,C0ev,107.1775,+10.0240,CMi
S CMi,59950,765-1020-1,234396464,6.5,331.9,M6e-M8e,113.1795,+8.3181,CMi
T CMi,,,234412393,9.4,325.38,M4Se-M8,113.5020,+11.7353,CMi
U CMi,61789,778-813-1,264829254,7.8,412.1,M4e,115.3335,+8.3803,CMi
V CMi,53847,749-19-1,262291056,6.9,366.33,M4e-M10,106.7452,+8.8769,CMi
R Cap,,5752-2494-1,14191952,9.4,340.45,C(Ne),302.8265,-14.2674,Cap
T Cap,203349,6360-265-1,288330593,8.7,271.92,M2e-M6e,320.5034,-15.1592,Cap
V Cap,201015,6924-706-1,289794212,8.1,275.77,M5e-M6e,316.9027,-23.9204,Cap
Z Cap,358906,6346-638-1,214604846,8.6,182.08,M1e-M4e,317.6563,-16.1737,Cap
RR Cap,200128,6931-1145-1,29717838,7.8,279.18,M5e-M6e,315.5866,-27.0875,Cap
RU Cap,,,271635821,9.2,346.91,M9e,308.1418,-21.6904,Cap
TX Cap,,6335-1852-1,409101453,9.6,199.28,M4e,310.1336,-17.0577,Cap
R Car,82901,8945-1871-1,360777242,3.9,305.6,M4e-M8e,143.0608,-62.7889,Car
S Car,88366,8943-2313-1,375879953,4.5,150.28,K5e-M6e,152.3412,-61.5490,Car
Z Car,88946,,463238334,9.8,383.6,M6e,153.4776,-58.8524,Car
RW Car,81055,,303774684,8.5,318.8,M4e-M7e,139.9004,-68.7578,Car
RZ Car,92090,,397675874,9.0,271.9,M4e-M8e,158.9052,-70.7167,Car
SU Car,88918,,376726613,9.8,575.4,M5-M8e,153.3767,-60.8860,Car
SV Car,,,443798882,8.6,297.7,M9e,147.0858,-59.5366,Car
UU Car,,,452551562,8.0,199.0,M3e,141.7438,-73.5435,Car
AF Car,,,463237124,9.3,447.6,M8e,153.4712,-59.0198,Car
CG Car,,8962-1626-1,465976226,9.3,222.42,M7e,164.8500,-62.5657,Car
GY Car,,,374510622,9.2,305.6,M7e,150.4760,-62.8271,Car
IY Car,,,350181808,9.7,284.8,Me,115.7949,-62.7927,Car
IZ Car,,8576-85-1,118075705,9.5,104.46,Me,128.1051,-57.0370,Car
KK Car,,8580-37-1,118417121,9.2,418.1,M5ep,129.0054,-59.9408,Car
KL Car,,,362254097,9.3,348.7,"S2,5e",145.7034,-63.6920,Car
KN Car,,9214-157-1,372311891,8.9,352.1,"S5,6e",150.7020,-70.4577,Car
KO Car,,,376027052,9.8,280.81,,152.3272,-65.1428,Car
KS Car,,,349571296,9.1,282.36,M5e,111.7096,-61.8596,Car
NT Car,,,362415526,9.9,316.99,,145.8700,-62.6200,Car
V0425 Car,,,,8.61,515.0,M9,159.9821,-58.5552,Car
V0671 Car,,,,8.8,226.0,Me,164.5388,-72.2460,Car
V0688 Car,,,,6.52,547.0,C,146.1729,-62.7923,Car
V0693 Car,,,,2.48,539.0,C,148.1247,-75.3744,Car
V0695 Car,,,,6.17,714.0,C,148.7172,-60.5904,Car
V0697 Car,,,,8.35,506.0,C,150.0355,-62.0887,Car
V0702 Car,,,,6.63,585.0,,152.8954,-57.9646,Car
V0710 Car,,,,5.32,675.0,,155.4333,-58.2763,Car
V0711 Car,,,,5.13,585.0,C,155.9549,-59.2317,Car
V0755 Car,,,,5.69,483.0,C,163.2310,-60.8695,Car
V0782 Car,,,,5.83,473.0,C,164.4461,-62.3211,Car
V0791 Car,,,,5.14,416.0,C,164.7728,-60.5303,Car
V0832 Car,,,,3.73,623.0,C,169.1621,-65.8489,Car
R Cas,224490,3651-470-1,346545126,4.4,433.6,M6e-M10e,359.6036,+51.3888,Cas
S Cas,7769,,468717173,7.9,608.2,"S3,4e-S5,8e",19.9249,+72.6113,Cas
T Cas,1845,3657-918-1,406772341,6.9,440.0,M6e-M9e,5.8095,+55.7926,Cas
U Cas,4350,,240775517,7.7,278.85,"S3,5e-S8,6e",11.5890,+48.2441,Cas
V Cas,218997,4010-907-1,388327285,6.4,230.55,M5e-M8.5e,347.9197,+59.6997,Cas
W Cas,5235,3680-1824-1,312763933,8.2,407.9,"C7,1e(SC5/9e)",13.7244,+58.5637,Cas
X Cas,,3696-2198-1,371074584,9.2,415.0,"C5,4e(N1e)",29.1587,+59.2594,Cas
Y Cas,225082,,347007121,8.7,417.0,M6e-M8e,0.8394,+55.6811,Cas
Z Cas,222914,,345596737,8.2,492.3,M7e,356.1314,+56.5812,Cas
RV Cas,5016,3266-768-1,238645524,7.2,332.4,M5.5e-M6.5Se,13.1783,+47.4157,Cas
SS Cas,499,3258-803-1,201804313,8.7,140.57,M3e-M7e,2.4022,+51.5669,Cas
VZ Cas,,3677-2259-1,332051739,9.5,168.88,M0e-M3e,19.1184,+56.3953,Cas
WY Cas,,4009-1430-1,416807278,7.5,481.5,"S6,5pe+G",359.5056,+56.4871,Cas
IW Cas,,3250-161-1,201498837,8.0,388.0,"S4.5,9e",0.6843,+48.7142,Cas
V0656 Cas,,,,2.1,534.0,M8,38.9361,+65.1496,Cas
V0657 Cas,,,,3.0,419.0,M9,358.0205,+61.8034,Cas
V0666 Cas,,,,9.7,424.0,,30.3672,+58.3039,Cas
V0667 Cas,,,,8.9,347.6,,50.2340,+70.7775,Cas
V0668 Cas,,,,4.0,650.0,,6.9216,+69.6476,Cas
V0676 Cas,,,,7.4,552.0,,37.7625,+62.7547,Cas
V0701 Cas,,,,1.3,567.0,C,50.9052,+70.4514,Cas
V0861 Cas,,,,7.5,212.0,,9.1529,+68.0222,Cas
V0865 Cas,,,,9.7,180.0,,12.2786,+68.0965,Cas
V0867 Cas,,,,8.8,410.0,,14.1221,+60.7860,Cas
V0888 Cas,,,,9.4,,,16.3643,+65.9833,Cas
V0947 Cas,,,,9.0,460.0,,41.8617,+63.9731,Cas
R Cen,124601,8690-166-1,411164518,5.2,501.8,M4e-M9.5,214.1430,-59.9137,Cen
U Cen,109231,8650-1846-1,272908109,7.2,220.03,M3II:e-M6.5e,188.3781,-54.6594,Cen
W Cen,103513,8643-763-1,375734412,7.6,200.36,M3e-M8(III)e,178.7555,-59.2537,Cen
X Cen,102681,7749-1617-1,345180718,7.0,312.0,M5e-M8e,177.2991,-41.7576,Cen
RS Cen,98678,8963-1364-1,468095478,7.6,164.1,M2e-M6.5e,170.1162,-61.8769,Cen
RT Cen,,7291-588-1,166417584,8.1,255.0,M6e-M9e,207.0873,-36.8626,Cen
RV Cen,118322,8671-1707-1,90144286,7.0,447.0,C(N3e),204.4002,-56.4764,Cen
RX Cen,,,166576516,8.5,329.2,M5e-M8e,207.8560,-36.9438,Cen
RY Cen,130471,,129773023,8.6,322.9,M5e,222.4685,-42.5136,Cen
TT Cen,,,449370977,9.0,460.2,SC5:/8-Ce,199.8960,-60.7795,Cen
TU Cen,127773,,392852810,9.3,291.5,M3-7e,218.5051,-31.6946,Cen
TW Cen,121714,7280-1563-1,112098802,6.7,271.0,M4e-M8II:,209.4299,-31.0697,Cen
VV Cen,309078,8977-9173-1,323788878,9.3,199.4,M2:e-M4e,176.6210,-61.8907,Cen
XZ Cen,107913,7245-939-1,170659914,7.8,264.4,M5(III)e-M9,186.0500,-35.6338,Cen
AO Cen,,7829-911-1,334426769,9.0,189.4,M2e,225.2153,-42.4936,Cen
AP Cen,,,75537310,9.9,355.1,M5e,225.2921,-34.4752,Cen
AQ Cen,,7288-481-1,271230060,8.6,384.9,Me,211.2497,-35.4973,Cen
BC Cen,,,209571842,9.8,295.3,M8e,210.5981,-58.5708,Cen
BE Cen,,,75611776,9.1,200.25,Me,225.4426,-30.2447,Cen
CD Cen,,8663-2933-1,241334697,9.9,177.7,,204.3387,-53.8153,Cen
NZ Cen,,,449860983,9.7,376.1,S/6-e,201.5107,-63.3078,Cen
OS Cen,,8674-3159-1,289151058,9.4,435.3,M6e,201.9191,-59.3400,Cen
V0372 Cen,,,,9.5,316.4,Me,185.0764,-44.5282,Cen
V0433 Cen,,,,9.7,179.9,Me,167.5379,-35.9862,Cen
V0435 Cen,,,,9.7,210.7,Me,168.1000,-39.3676,Cen
V0437 Cen,,,,9.1,356.4,Me,169.4223,-39.9294,Cen
V0491 Cen,,,,9.8,200.17,M6e,173.7460,-57.5041,Cen
V0497 Cen,,,,9.1,336.6,Me,199.4919,-41.6739,Cen
V0520 Cen,,,,9.5,275.7,Me,217.1760,-39.3321,Cen
V0583 Cen,,,,9.8,309.0,Me,180.3565,-37.4147,Cen
V0597 Cen,,,,9.5,238.6,,181.3221,-55.1873,Cen
V0599 Cen,,,,9.7,286.4,,187.7873,-39.3054,Cen
V0603 Cen,,,,9.7,252.1,,196.2100,-35.5909,Cen
V0616 Cen,,,,8.3,260.9,Me,207.2772,-35.2627,Cen
V0618 Cen,,,,8.9,342.2,Me,207.6508,-45.7681,Cen
V0769 Cen,,,,9.4,322.5,,167.8368,-47.8140,Cen
V0773 Cen,,,,9.4,362.3,Me,207.4624,-37.5169,Cen
V0835 Cen,,,,6.8,450.0,Me,213.5392,-63.4297,Cen
V0875 Cen,,,,3.9,599.0,,178.4776,-58.9733,Cen
V0879 Cen,,,,6.8,560.0,,199.7717,-64.6251,Cen
V0884 Cen,,,,2.67,543.0,,218.3775,-60.3921,Cen
V1042 Cen,,,166242224,9.8,298.0,,192.5044,-52.0239,Cen
V1132 Cen,,,73334429,6.72,551.0,Ce,190.5400,-43.9175,Cen
V1223 Cen,,,318255525,5.57,395.0,C,173.0782,-61.3428,Cen
V1240 Cen,,,324516663,4.6,615.0,C,177.2014,-63.6243,Cen
V1241 Cen,,,324844917,4.57,652.0,C,177.3385,-60.1180,Cen
V1245 Cen,,,304950245,5.3,535.0,C,178.3778,-61.0591,Cen
V1287 Cen,,,90214833,4.37,556.0,C,204.4212,-58.3862,Cen
V1292 Cen,,,382106100,4.36,678.0,C,208.6437,-64.0565,Cen
V1328 Cen,,,328347214,4.63,495.0,C,211.0200,-61.0306,Cen
V1330 Cen,,,209835854,4.57,538.0,C,211.1370,-59.6893,Cen
S Cep,206362,4603-770-1,264405368,6.6,484.4,"C7,4e(N8e)",323.8035,+78.6245,Cep
T Cep,202012,4460-2400-1,388000857,5.2,384.92,M5-M9IIIe,317.3824,+68.4909,Cep
X Cep,201305,,387272356,8.1,536.34,M4e-M7e,314.0422,+83.0570,Cep
Y Cep,3344,,428747868,8.3,333.77,M5e-M6e,9.5950,+80.3572,Cep
RR Cep,,,401499990,9.0,383.62,M6e-M8e,40.8145,+81.1360,Cep
RT Cep,,,408890876,8.9,627.0,M6,326.7195,+64.6027,Cep
RV Cep,,4306-1584-1,373388620,9.1,271.0,M2e-M7,3.2940,+73.8632,Cep
RY Cep,,4610-1733-1,428988626,9.2,150.91,M0e,350.3105,+78.9588,Cep
SZ Cep,193028,4589-2230-1,237300803,8.7,328.12,"S3.5,8e-S4,8:e",302.4900,+77.1859,Cep
UY Cep,,,344100135,9.7,272.1,M7e,317.0802,+58.7653,Cep
UZ Cep,,,264989042,9.6,306.0,M4-M5,347.0579,+70.6076,Cep
AE Cep,,,420658382,9.3,175.1,,20.7011,+80.0324,Cep
AG Cep,,,331816955,9.2,446.9,M9e,35.0610,+78.7601,Cep
AX Cep,,,321686857,9.0,397.6,C(N),321.7248,+70.2210,Cep
BF Cep,,,467258387,9.3,434.1,M7,307.8604,+62.9472,Cep
GH Cep,,,265307896,9.7,382.1,M3,320.0184,+77.8455,Cep
OR Cep,,4298-213-1,470924423,8.3,355.32,C,1.5596,+70.0674,Cep
PQ Cep,,4474-1605-1,354046338,8.0,441.9,"C6,3e(N)",326.1202,+73.6348,Cep
PR Cep,,,469707409,7.2,523.0,M8,329.5053,+56.7471,Cep
V0345 Cep,,,,9.8,422.0,C,321.1679,+57.3126,Cep
V0704 Cep,,,,9.0,421.0,,320.7885,+55.8209,Cep
V0708 Cep,,,,9.8,382.0,,342.0585,+69.9746,Cep
R Cet,15105,4691-1116-1,251060851,7.2,166.24,M4e-M9,36.5096,-0.1783,Cet
S Cet,1987,5262-823-1,,7.6,320.45,M3e-M6.5e:,6.0148,-9.3280,Cet
U Cet,15971,5291-1040-1,66626275,6.8,234.76,M2e-M6e,38.4320,-13.1484,Cet
V Cet,224442,,9788469,8.6,257.82,M3e,359.4752,-8.9585,Cet
W Cet,224960,5266-514-1,,7.1,351.31,"S6,3e-S9,2e",0.5308,-14.6759,Cet
X Cet,20646,4708-469-1,279070339,8.4,177.14,M2e(S)-M6e,49.8586,-1.0656,Cet
Z Cet,6592,4681-1271-1,248344767,8.4,184.81,M1e-M6.5e,16.6880,-1.4814,Cet
omi Cet,14386,4693-1144-1,332890609,2.0,331.96,M5e-M9e,34.8366,-2.9776,Cet
R Cha,71793,9394-1962-1,287589962,7.5,336.13,M4e-M8e,125.4436,-76.3551,Cha
V Cha,,,278411339,9.75,397.81,M5e,116.6459,-78.0195,Cha
Y Cha,,,454531099,9.44,217.26,Me,171.4022,-77.0097,Cha
Z Cir,,,448033014,9.28,387.2,Me,207.7602,-70.4729,Cir
UZ Cir,,9244-581-1,448972483,9.48,534.85,M7e,215.2172,-67.5156,Cir
DN Cir,,,299686199,5.82,690.0,C,207.8717,-65.7821,Cir
DO Cir,,,448086509,3.03,500.0,C,208.0149,-67.5157,Cir
DY Cir,,,188226187,8.58,488.0,C,220.8075,-57.1460,Cir
DZ Cir,,,291657870,7.2,643.0,C,221.1094,-63.5578,Cir
EH Cir,,,192861132,7.87,723.0,C,222.0173,-57.3436,Cir
EX Cir,,,41263508,6.17,948.0,,228.0607,-57.2244,Cir
R Col,39324,,32930267,7.8,327.62,M3e-M7,87.6374,-29.1986,Col
S Col,,7057-116-1,100608437,8.9,325.85,M6e-M8,86.7346,-31.6912,Col
T Col,34897,7051-654-1,77993620,6.6,225.84,M3e-M6e,79.8222,-33.7081,Col
W Col,,,119331389,9.3,327.0,M6e,96.9663,-40.0995,Col
UV Col,,,160180149,4.07,,,79.1600,-40.8832,Col
BB Col,,,100511001,4.15,483.0,,85.9294,-32.3913,Col
R Com,,1444-2286-1,157015739,7.1,362.82,M5e-M8ep,181.0633,+18.7824,Com
U CrA,172301,7915-983-1,316339410,9.9,147.5,M2Ibe,280.2792,-37.8364,CrA
RR CrA,165065,,328949984,9.8,280.1,M2e-M7II-IIIe,271.4878,-38.2533,CrA
RZ CrA,177951,,61208174,9.9,460.0,M6e,287.1555,-42.3591,CrA
V0695 CrA,,,,9.35,,,269.7638,-38.7943,CrA
V0697 CrA,,,,7.45,,,270.1134,-37.8095,CrA
V0698 CrA,,,,8.24,,,270.6034,-38.4536,CrA
V0699 CrA,,,,7.54,,,270.7365,-37.1992,CrA
V0700 CrA,,,,8.33,,,270.8540,-37.7721,CrA
S CrB,136753,2563-1338-1,284290309,5.8,360.26,M6e-M8e,230.3498,+31.3674,CrB
V CrB,141826,3054-258-1,29266563,6.9,357.63,"C6,2e(N2e)",237.3805,+39.5716,CrB
W CrB,146560,3062-1463-1,39825354,7.8,238.4,M2e-M5e,243.8523,+37.7956,CrB
X CrB,141678,2578-615-1,29265550,8.5,241.17,M5e-M7e,237.2230,+36.2479,CrB
Z CrB,142927,,258144682,8.8,250.68,M4e-M5e,239.0348,+29.2383,CrB
R Crv,107199,6105-999-1,415809496,6.7,317.03,M4.5e-M9:e,184.9078,-19.2561,Crv
U Crt,,4928-1511-1,143068286,9.5,169.0,M0e,168.1887,-7.2985,Crt
AM Crt,,,185195880,3.54,443.0,C,173.3524,-10.6163,Crt
BH Cru,,8641-1546-1,405237290,7.2,421.0,SC4.5/8-e-SC7/8-e,184.0700,-56.2860,Cru
CL Cru,,,380353118,6.18,,,181.7494,-64.5757,Cru
CM Cru,,,179918646,8.03,,,188.4813,-62.8313,Cru
EU Cru,,,306796290,5.27,414.0,C,179.5325,-64.2455,Cru
EY Cru,,,311052503,4.2,627.0,C,185.5425,-60.4041,Cru
FF Cru,,,272694828,3.67,580.0,C,188.1703,-58.1915,Cru
FK Cru,,,434562470,7.35,806.0,,191.2785,-62.5607,Cru
R Cyg,185456,3564-982-1,27082559,6.1,426.45,"S2.5,9e-S6,9e(Tc)",294.2058,+50.1999,Cyg
S Cyg,,,233374690,9.3,322.93,"S2.5,1e(M3.5-M7e)",301.3744,+57.9859,Cyg
U Cyg,193680,3576-1359-1,193083950,5.9,463.24,"C7,2e-C9,2(Npe)",304.9025,+47.8942,Cyg
V Cyg,,3578-2382-1,286094845,7.7,421.27,"C5,3e-C7,4e(Npe)",310.3261,+48.1413,Cyg
Z Cyg,190163,3566-1341-1,351295966,7.1,263.69,M5e-M9e,300.3644,+50.0424,Cyg
RT Cyg,186686,3565-1208-1,27647239,6.0,190.28,M2e-M8.8eIb,295.9074,+48.7781,Cyg
ST Cyg,196070,3954-1105-1,276393991,9.4,337.29,M5.5e-M8.0e,308.1395,+54.9501,Cyg
SX Cyg,192788,,379045000,8.2,411.02,M7e,303.8897,+31.0723,Cyg
TU Cyg,187159,,351190817,8.7,219.44,M3e-M6e,296.5445,+49.0735,Cyg
TW Cyg,,,126758504,8.9,340.86,M6.5-M10ep,316.4987,+29.4059,Cyg
TY Cyg,184524,,379940523,9.0,349.0,M6e-M8e,293.4662,+28.3288,Cyg
UX Cyg,199252,,236206672,9.0,565.0,M4e-M6.5e,313.7730,+30.4145,Cyg
WX Cyg,193368,2684-689-1,12501586,8.8,410.45,"C8,2JLi(N3e)",304.6386,+37.4497,Cyg
WY Cyg,,,345913256,9.5,304.54,M5e-M6e,327.1757,+44.2498,Cyg
AU Cyg,193345,,203047125,9.5,435.31,M6e-M7e,304.6365,+34.3892,Cyg
BG Cyg,,2150-4887-1,214923764,9.0,288.0,M7e-M8e,294.7406,+28.5129,Cyg
CM Cyg,,,303180445,9.3,254.83,SC2-S4e,299.6424,+52.0963,Cyg
CN Cyg,,3949-1187-1,233889359,7.3,198.53,M2-M7e(S),304.4735,+59.7927,Cyg
CU Cyg,,3939-1984-1,364969812,9.5,213.6,M6e,298.1090,+55.3283,Cyg
DR Cyg,,,65926746,9.3,313.88,M5e,310.9209,+38.1655,Cyg
DU Cyg,,2714-1092-1,166783816,9.8,108.21,M4,318.1789,+36.7383,Cyg
FF Cyg,,,64809620,8.2,323.82,"S6,8e(M4e)",309.7156,+37.8897,Cyg
V0369 Cyg,,,,9.8,104.76,M4e,295.4780,+54.6764,Cyg
V1650 Cyg,,,12374478,9.3,395.0,,304.6582,+39.2990,Cyg
V1906 Cyg,,,274620618,2.4,,,321.8679,+36.6988,Cyg
V1965 Cyg,,,337938598,3.7,,,293.5421,+28.0688,Cyg
V1968 Cyg,,,355747174,1.2,,,300.2877,+40.9275,Cyg
V1969 Cyg,,,378484838,0.7,,,302.3094,+31.4291,Cyg
V2250 Cyg,,,358528903,8.9,,,317.5561,+52.8506,Cyg
khi Cyg,,,,3.3,408.05,"S6,2e-S10,4e(MSe)",297.6413,+32.9141,Cyg
R Del,192502,1073-538-1,273609698,7.6,285.07,M5e-M6e,303.7297,+9.0892,Del
S Del,197420,1638-307-1,75548440,8.3,277.75,M5e-M8,310.7703,+17.0881,Del
T Del,197772,,341237419,8.5,332.02,M3e-M6e,311.3377,+16.3989,Del
V Del,198136,,210431429,8.1,533.51,M4e-M6e,311.9419,+19.3351,Del
X Del,199170,,345186331,8.2,281.04,M4e-M6e,313.7252,+17.6412,Del
Y Del,,,282468726,8.8,468.4,M8e,310.4125,+11.8774,Del
Z Del,195763,,372823330,8.3,304.48,"S5,2.5e-S7,2e:",308.1631,+17.4509,Del
RU Del,,1077-139-1,344514038,9.9,260.58,M3,304.3635,+10.1688,Del
RX Del,,,372751709,9.7,185.63,M2e,307.5010,+12.7681,Del
U Dor,271044,8886-57-1,55384162,8.1,394.4,M8IIIe,77.5368,-64.3179,Dor
SU Dor,,8513-1769-1,220420438,8.5,235.86,,71.8751,-55.6849,Dor
R Dra,149880,4196-37-1,230092799,6.7,245.6,M5e-M9eIII,248.1676,+66.7550,Dra
T Dra,,3914-546-1,232628114,7.2,421.62,"C6,2e-C8,3e(N0e)",269.0971,+58.2184,Dra
U Dra,180050,,258829760,9.1,316.13,M6e-M8,287.5027,+67.2768,Dra
V Dra,,,237113635,9.5,278.33,M4e,269.5605,+54.8717,Dra
W Dra,166407,,219111368,8.9,278.6,M3e-M4e,271.3944,+65.9561,Dra
X Dra,,4213-448-1,219111486,8.9,257.33,M5e:,271.7176,+66.1553,Dra
Y Dra,83114,4544-330-1,372527185,6.24,325.79,M5e,145.5941,+77.8518,Dra
RT Dra,,4437-293-1,229611333,9.6,279.41,M5,274.8576,+72.6804,Dra
RU Dra,,3916-253-1,357049858,9.4,297.1,M5e,274.8362,+59.5396,Dra
RV Dra,,,147685113,8.4,208.14,M1e-M3e,189.4418,+65.5563,Dra
SV Dra,,,47580856,9.1,256.24,M7e,278.4101,+49.3722,Dra
YZ Dra,,,259039878,8.3,347.6,M8e,290.9381,+71.6871,Dra
CZ Dra,,,21188610,9.1,371.0,M7e,276.5040,+50.9303,Dra
R Equ,202051,,230175050,8.7,260.76,M3e-M4e,318.2979,+12.8017,Equ
T Eri,24754,6455-273-1,89256368,7.2,252.29,M3e-M5e,58.8079,-24.0324,Eri
U Eri,24220,6448-1263-1,89187567,8.5,274.91,M4e,57.6215,-24.9564,Eri
W Eri,26601,6459-1271-1,44820945,7.5,376.63,M7e-M9,62.8792,-25.1340,Eri
RS Eri,,5893-1323-1,139552896,9.2,296.0,M7e,64.4807,-18.5071,Eri
RT Eri,22228,5874-298-1,93106368,8.5,370.8,M7e,53.5520,-16.1641,Eri
SS Eri,,5297-1072-1,441506956,9.4,314.4,M5:,47.9715,-11.8757,Eri
SW Eri,,,,9.8,400.69,,58.2301,-9.1687,Eri
SX Eri,,,9456747,9.3,282.8,,73.8494,-6.9306,Eri
EY Eri,,,9379488,6.35,,,73.2386,-10.0330,Eri
R For,,6433-295-1,120917196,7.5,388.73,"C4,3e(Ne)",37.3138,-26.0988,For
U For,,,89181974,9.8,318.5,,56.1279,-25.2280,For
UU For,,,65345091,9.8,,,39.3458,-26.9785,For
R Gem,53791,1896-1929-1,437025062,6.0,369.91,"S2,9e-S8,9e(Tc)",106.8386,+22.7035,Gem
S Gem,62045,1912-478-1,62704060,8.0,293.23,M4e-M8e,115.7607,+23.4495,Gem
T Gem,63334,,62977117,8.0,287.79,"S1.5,5e-S9,5e",117.3255,+23.7344,Gem
V Gem,57770,771-3-1,14445782,7.8,274.8,M4(S)e-M8,110.7890,+13.1013,Gem
X Gem,48912,2436-910-1,240161571,7.5,264.16,M5e-M8e(Tc:),101.7794,+30.2762,Gem
WZ Gem,,1913-849-1,155753016,9.0,330.8,M3e,109.1421,+25.9954,Gem
BP Gem,,,54234805,9.5,246.5,M8e,119.8101,+20.6408,Gem
OZ Gem,,,239183046,0.5,,,113.4906,+30.5105,Gem
R Gru,207192,,147407408,7.4,331.96,M5e-M7II-IIIe,327.1323,-46.9140,Gru
S Gru,212539,8442-1238-1,144002280,6.0,401.51,M5e-M8IIIe,336.5228,-48.4386,Gru
T Gru,212537,7996-175-1,278828827,7.8,136.49,M1Iae-M2Ibe,336.4205,-37.5692,Gru
CK Gru,,,382455735,2.83,,,351.0284,-45.0829,Gru
DS Gru,,,214568617,9.6,259.7,Me,340.7981,-41.5329,Gru
FH Gru,,,,8.87,288.0,,322.5055,-36.9753,Gru
R Her,144622,1507-250-1,284383203,8.2,318.14,M6e,241.5488,+18.3704,Her
S Her,152276,987-257-1,143062717,6.4,307.28,"M4,Se-M7.5,Se",252.9747,+14.9419,Her
T Her,166382,2622-1634-1,180717508,6.8,164.98,M2.5e-M8e,272.2759,+31.0212,Her
U Her,148206,1514-1159-1,310627323,6.4,406.1,M6.5e-M9.5e,246.4478,+18.8925,Her
W Her,149749,2587-609-1,392387898,7.6,280.03,M3e-M5e,248.8013,+37.3453,Her
RS Her,157330,2074-1904-1,345875229,7.0,219.7,M4e-M8:,260.4265,+22.9211,Her
RT Her,155481,2069-1291-1,257402951,8.5,298.08,M4e,257.7001,+27.0664,Her
RU Her,145459,2038-754-1,236338688,6.8,484.83,M6e-M9,242.5605,+25.0707,Her
RV Her,,,230227339,9.0,205.23,M2e,255.1385,+31.2234,Her
RY Her,164307,,311527278,8.3,221.47,M4e-M6e,269.9366,+19.4816,Her
RZ Her,172008,2111-687-1,322704534,9.0,329.05,M5e-M6e,279.1959,+26.0493,Her
SS Her,,394-943-1,291163046,8.5,107.36,M0e-M5e,248.2314,+6.8582,Her
SV Her,,,235728780,9.1,238.99,M5e,276.5962,+25.0259,Her
SY Her,,1534-765-1,150580907,8.4,116.91,M1e-M6e,255.3719,+22.4774,Her
TV Her,,,180894299,9.0,304.28,M4e,273.6690,+31.8193,Her
UV Her,151204,970-1513-1,279830874,9.5,341.95,M6e-M6.5e,251.3921,+12.1366,Her
UZ Her,,,400113039,9.6,263.74,M5e,262.5956,+17.9140,Her
AS Her,,973-831-1,341354016,9.9,269.14,M2e,249.7160,+14.0662,Her
BG Her,,,150598108,9.6,347.74,M3e,257.3693,+18.6806,Her
CF Her,,1564-1464-1,363824794,9.0,306.2,M0,266.2242,+21.4963,Her
V0697 Her,,,,2.45,475.0,M9,246.9640,+34.8031,Her
V0821 Her,,,,9.2,,,280.4773,+17.6855,Her
V0833 Her,,,,2.6,,,262.9806,+17.7560,Her
V0837 Her,,,,0.2,,,280.9019,+13.9564,Her
V1076 Her,,,342433191,4.99,,,276.5243,+23.4796,Her
R Hor,18242,8054-1103-1,231285383,4.7,407.6,M5e-M8eII-III,43.4699,-49.8896,Hor
T Hor,18949,8064-1371-1,231297391,7.2,217.6,M5IIe,45.2172,-50.6422,Hor
U Hor,24607,8067-1833-1,101125725,7.8,348.4,M6IIIe,58.1960,-45.8301,Hor
RS Hor,,8861-165-1,370005700,9.8,202.85,M3e,38.9676,-62.5835,Hor
R Hya,117287,6713-24-1,423658228,3.5,388.87,M6e-M9eS(Tc),202.4282,-23.2813,Hya
S Hya,76011,217-605-1,265304533,7.2,256.63,M4e-M8.0e,133.3915,+3.0685,Hya
T Hya,76400,5443-454-2,13816382,6.7,298.7,M3e-M9:e,133.9160,-9.1415,Hya
X Hya,83048,5473-794-1,386462816,7.2,301.1,M7e-M8.5e,143.8761,-14.6913,Hya
RR Hya,84474,6602-107-1,11520619,8.6,343.49,M3.0e-M8e,146.2457,-24.0210,Hya
RS Hya,94103,,188241000,9.2,338.6,M6e,162.8294,-28.6281,Hya
RU Hya,,6742-806-1,7440160,7.2,331.5,M6e-M8.8e,212.8933,-28.8854,Hya
RZ Hya,,,95961583,9.2,332.54,M4e-M5,141.2094,-6.7929,Hya
ST Hya,,,413298118,8.8,304.75,Me,144.4658,-20.6538,Hya
SW Hya,113344,6710-1064-1,229184037,9.8,218.8,M2e,195.8348,-29.1030,Hya
UZ Hya,,,170885527,8.8,260.95,M4e,139.1924,-4.5869,Hya
WX Hya,,,307803308,9.5,235.78,M3e,138.3618,-14.3861,Hya
CZ Hya,,6623-145-1,193093744,9.7,442.0,Ce(Ne),156.8252,-25.5490,Hya
IQ Hya,,6587-1109-1,229859322,5.0,,"C3,2(Ne)",138.3827,-23.3921,Hya
KN Hya,113652,6702-560-1,229255376,8.5,,M5e,196.3888,-26.0207,Hya
LP Hya,,,189229759,7.9,,,141.4633,-24.0105,Hya
V0403 Hya,,,,8.8,348.0,,133.5447,-13.0143,Hya
V0428 Hya,,,,9.1,490.0,M9,130.4423,+2.1890,Hya
R Ind,213797,9124-121-1,325095218,8.2,216.26,M2e-M4(II)e,339.0016,-67.2878,Ind
S Ind,199003,8792-1227-1,370204006,7.9,399.95,M6e-M8eII-Ib:,314.0970,-54.3241,Ind
X Ind,204438,8806-1428-1,139700395,9.0,225.85,M4e-M5IIe,322.6183,-53.9552,Ind
Y Ind,206458,8807-304-1,139875485,9.8,304.18,M6(II))e-M7e,325.9807,-52.7282,Ind
RW Ind,,,469882866,9.6,150.0,M0Ibe-M4(II:)e,329.6217,-69.2101,Ind
RZ Ind,,8429-945-1,79111948,8.4,255.0,Me,315.9650,-49.4960,Ind
SS Ind,,9123-503-1,318517212,9.1,190.0,,332.0292,-67.1394,Ind
R Lac,215254,3222-674-1,153831834,8.5,299.86,M5e-M8.5e,340.8152,+42.3698,Lac
S Lac,213191,3204-1151-1,120524565,7.6,241.5,M4e-M8.2e,337.2538,+40.3155,Lac
V0389 Lac,,,,9.7,,,340.8377,+41.2889,Lac
R Leo,84748,831-521-1,418173060,4.4,309.95,M6e-M8IIIe-M9.5e,146.8895,+11.4288,Leo
S Leo,,,301585439,9.0,190.16,M3e-M6e:,167.7115,+5.4597,Leo
V Leo,86608,1418-712-1,26971901,8.4,273.35,M5e,150.0080,+21.2623,Leo
W Leo,94362,853-910-1,63904218,8.9,391.75,M5.5e-M7e,163.4060,+13.7151,Leo
R LMi,84346,2504-540-1,4837686,6.3,372.19,M6.5e-M9.0e(Tc:),146.3928,+34.5119,LMi
S LMi,85597,2505-208-1,4919045,7.5,233.83,M2.0e-M8.2e,148.4299,+34.9265,LMi
R Lep,31996,5329-366-1,316971749,5.5,427.07,"C7,6e(N6e)",74.9015,-14.8063,Lep
T Lep,32803,5913-93-1,146471505,7.4,368.13,M6e-M9e,76.2118,-21.9046,Lep
R Lib,,,294991900,9.8,241.85,M5e,238.4001,-16.2365,Lib
S Lib,136458,6179-1305-1,428817119,7.5,192.9,M1.0e-M6.0e,230.3499,-20.3884,Lib
U Lib,,,287293438,9.0,226.59,M3e-M8.0e,235.5130,-21.1807,Lib
V Lib,,,392585241,9.0,255.3,M5e-M8.0e,220.0925,-17.6576,Lib
Y Lib,134739,5013-562-1,79189100,7.6,275.7,M5e-M8.2e,227.9221,-6.0115,Lib
RR Lib,142641,6191-619-1,220759719,7.8,277.01,M4e-M8e,239.0987,-18.3041,Lib
RS Lib,136986,6763-115-1,428917148,7.0,217.65,M7e-M8.5e,231.0825,-22.9111,Lib
RT Lib,133710,6173-1132-1,220308247,8.2,251.16,M2.5pe-M8.2e,226.6093,-18.7323,Lib
RU Lib,138547,6184-1162-1,297373865,7.2,316.56,M5e-M6e,233.3187,-15.3264,Lib
RW Lib,136734,,226024281,8.84,203.31,K5e:-M5.6e:,230.7759,-24.0696,Lib
YY Lib,,6181-39-1,12173413,9.0,229.53,Me,227.0445,-21.1670,Lib
NU Lib,,,440949008,9.9,281.0,,225.6570,-27.8423,Lib
R Lup,,,58245681,9.4,235.62,M5e,238.3705,-36.2978,Lup
S Lup,131169,,455387899,7.8,339.73,Se,223.3598,-46.6159,Lup
Y Lup,132125,,35344460,8.2,396.82,M7e,224.9034,-54.9658,Lup
RW Lup,126387,7817-2244-1,127023649,9.9,197.0,MB,216.5886,-44.1531,Lup
II Lup,,,138196088,4.37,,,230.7712,-51.4329,Lup
V0341 Lup,,,,9.5,142.0,Me,226.0183,-41.1353,Lup
V0358 Lup,,,,3.61,632.0,C,227.9227,-48.3331,Lup
V0359 Lup,,,,9.3,243.0,Me,228.0628,-31.1797,Lup
R Lyn,51610,3771-416-1,14339761,7.2,378.75,"S2.5,5e-S6,8e:",105.3250,+55.3305,Lyn
S Lyn,47929,3774-1234-1,11734134,8.5,296.34,M6e-M8.2e,101.1421,+57.9111,Lyn
T Lyn,,2474-66-1,172823929,8.8,406.0,"C5,2e-C7,1e(NOe)",125.6785,+33.5193,Lyn
U Lyn,,3778-635-1,444911921,8.8,433.6,M7e-M9.5:e,100.1936,+59.8672,Lyn
W Lyn,,2977-1953-1,10053881,7.5,295.2,M6,124.1953,+40.1314,Lyn
X Lyn,,2489-574-1,172829413,9.5,320.8,M5e,126.3806,+35.4038,Lyn
S Lyr,,,403295219,9.8,438.4,SCe,288.2992,+26.0079,Lyr
U Lyr,,3134-1708-1,122223400,8.3,451.72,"C4,5e(N0e)",290.0381,+37.8767,Lyr
V Lyr,178876,,416399587,8.2,373.53,M7e,287.2689,+29.6582,Lyr
W Lyr,167740,2634-439-1,76197064,7.3,197.88,M2e-M8e,273.7328,+36.6703,Lyr
Z Lyr,,,20822804,9.2,291.7,M4e-M5.5:e,284.9033,+34.9545,Lyr
RS Lyr,,,29815885,9.2,301.41,M5e,288.2555,+33.4136,Lyr
RT Lyr,,3120-678-1,399792574,9.1,253.7,M5e,285.3120,+37.5222,Lyr
RU Lyr,,,121463886,9.5,371.84,M6e:-M8e,288.0885,+41.3037,Lyr
RW Lyr,173798,,123313769,9.8,503.75,M7e,281.2921,+43.6354,Lyr
RY Lyr,,,68669898,9.0,325.79,M5e-M6e,281.2171,+34.6759,Lyr
SS Lyr,180162,3546-227-1,158663846,8.4,346.33,M5IIIe,288.3147,+46.9822,Lyr
TW Lyr,,,288752627,9.5,376.71,M6,275.9850,+39.5851,Lyr
TY Lyr,337648,,407078996,9.0,333.71,M8e,287.4486,+28.0721,Lyr
V0895 Lyr,,,,9.8,450.0,M8III,291.2461,+36.0284,Lyr
R Mic,196717,6933-1209-1,212344517,8.3,138.62,M4e,310.0125,-28.7920,Mic
S Mic,204045,6950-315-1,301193807,7.8,209.68,M3e-M5.5,321.6837,-29.8513,Mic
U Mic,194814,7953-426-1,290663195,7.0,334.29,M5e-M7e,307.3157,-40.4170,Mic
V Mic,203495,7983-693-1,207080641,9.4,381.15,M3e-M6e,320.9533,-40.7014,Mic
X Mic,200460,,92653030,9.8,239.64,M4e-M5e,316.1535,-33.2799,Mic
RX Mic,,,29393705,9.5,239.75,,313.6100,-27.7378,Mic
RY Mic,,,355096413,9.6,198.2,,314.5966,-40.2320,Mic
BP Mic,,,114949787,3.79,,,315.0872,-36.9195,Mic
BQ Mic,,,115190815,3.45,,,317.5312,-38.5179,Mic
V Mon,44639,4789-1256-1,251261382,6.0,340.5,M5e-M8e,95.6816,-2.1954,Mon
Y Mon,51189,752-2693-1,235484512,8.6,227.9,M4e-M8.2e,104.2172,+11.2423,Mon
RR Mon,56567,,320737433,8.4,394.7,"S7,2e-S8,2e/M6-10",109.3812,+1.0950,Mon
RS Mon,,,292453951,9.82,263.79,M3e-M6e:,106.8702,+4.9862,Mon
RX Mon,59334,4825-1462-1,64919971,9.6,345.7,M6e-M9,112.3388,-4.2788,Mon
SY Mon,292010,,52907076,9.6,422.17,M6e-M9,99.3805,-1.3953,Mon
TT Mon,,4829-262-1,64511372,8.0,323.17,M5e-M8,111.4193,-5.8504,Mon
V0654 Mon,,,,6.1,,,95.4646,-3.8448,Mon
V0713 Mon,,,,7.75,,,96.3636,-9.5350,Mon
V0870 Mon,,,,8.4,293.0,,117.0034,-2.5946,Mon
V0923 Mon,,,,4.92,584.0,,104.7736,+3.6323,Mon
V0932 Mon,,,,5.31,594.0,C,107.6456,-1.1904,Mon
CR Mus,,,361676837,9.5,206.0,Me,194.6588,-74.2864,Mus
QZ Mus,,9237-2206-1,454637544,9.6,535.0,Ce,173.4912,-73.2220,Mus
V0339 Mus,,,,2.76,586.0,C,194.3157,-69.0309,Mus
R Nor,138743,8304-824-1,188956616,6.5,507.5,M3e-M6II,233.9890,-49.5080,Nor
T Nor,140041,8700-1519-1,67074885,6.2,240.7,M3e-M6e,236.0160,-54.9868,Nor
SS Nor,,,207604787,9.9,461.0,Me,243.3411,-59.7826,Nor
PT Nor,,,207444748,8.0,,M9,243.2575,-54.4636,Nor
V0353 Nor,,,,7.38,,,243.6323,-51.7888,Nor
V0402 Nor,,,,4.85,716.0,C,232.5080,-57.2127,Nor
V0458 Nor,,,,5.84,710.0,C,242.8913,-48.3308,Nor
V0480 Nor,,,,4.25,560.0,C,245.2101,-48.1148,Nor
V0566 Nor,,,,6.6,551.0,,242.7585,-55.3204,Nor
R Oct,40857,9500-47-1,410417579,6.4,405.39,M5.5e,81.5258,-86.3883,Oct
S Oct,158413,9531-1046-1,451568818,7.2,259.0,M4(II)e-M5e,272.1855,-86.7988,Oct
T Oct,200286,9473-160-1,401704307,8.8,218.5,M2e-M4(II:)e,318.5063,-82.1094,Oct
U Oct,115486,9508-2809-1,383481163,7.0,308.44,M4e-M6(II-III)e,201.1359,-84.2253,Oct
CM Oct,,,318044783,6.36,,,305.9912,-78.6604,Oct
R Oph,154721,6232-1335-1,399538525,7.0,306.5,M4e-M6e,256.9409,-16.0928,Oph
S Oph,,6220-435-1,414217679,8.9,233.51,M5e,248.5634,-17.1609,Oph
T Oph,,,414163872,8.8,366.82,M6.5e,248.4315,-16.1318,Oph
V Oph,148182,5634-769-1,413757508,7.3,297.21,"C5,2-C7,4e(N3e)",246.6821,-12.4266,Oph
W Oph,,,135934576,9.3,332.68,M8e,245.3519,-7.6999,Oph
X Oph,172171,1025-1976-1,379682650,5.9,328.85,M5e-M9e,279.5880,+8.8341,Oph
Z Oph,156801,400-791-1,327112898,7.6,348.7,K3ep-M7.5e,259.8838,+1.5151,Oph
RR Oph,151592,,197944322,8.0,292.03,M3e-M7,252.2602,-19.4645,Oph
RT Oph,,,302484163,8.6,426.34,M7e(C),269.1335,+11.1695,Oph
RU Oph,,996-351-1,302786496,8.6,202.29,M3e-M5e,263.2193,+9.4236,Oph
RW Oph,,,302254082,9.7,246.71,M3IIIe,268.8354,+7.8302,Oph
RX Oph,,,326923123,9.8,322.93,M5,253.2004,+5.4074,Oph
RY Oph,167766,436-617-1,19672276,7.4,150.41,M3e-M6e,274.1539,+3.6931,Oph
SS Oph,153167,5055-152-1,189860736,7.8,180.64,M5e,254.4625,-2.7618,Oph
SV Oph,,421-854-1,266295502,9.4,215.93,M2e,269.1032,+3.3773,Oph
UX Oph,,5651-656-1,414559475,9.4,116.71,M4e,256.2374,-12.2015,Oph
V2207 Oph,,,181873874,8.4,,,255.0551,-10.6167,Oph
V2211 Oph,,,6753855,8.9,,,267.7915,-8.0226,Oph
V2254 Oph,,,20738311,8.94,,,255.9419,-29.8422,Oph
V2255 Oph,,,21807282,8.23,,,256.5444,-28.0894,Oph
V2256 Oph,,,22667827,9.36,,,256.8537,-28.6299,Oph
V2257 Oph,,,22681476,8.88,,,256.9407,-27.0884,Oph
V2258 Oph,,,22673240,9.35,,,256.9507,-28.0360,Oph
V2259 Oph,,,23031076,8.63,,,256.9665,-27.1894,Oph
V2260 Oph,,,23776842,7.44,,,257.3514,-28.0392,Oph
V2261 Oph,,,80097230,7.67,,,259.1152,-25.3339,Oph
V2262 Oph,,,80102623,8.5,,,259.1485,-25.9114,Oph
V2263 Oph,,,81378079,8.93,,,259.6952,-23.9823,Oph
V2265 Oph,,,82918533,7.26,,,260.0816,-24.6453,Oph
V2266 Oph,,,77079349,6.52,,,260.8088,-22.7946,Oph
V2267 Oph,,,102789044,9.66,,,261.4925,-21.0306,Oph
V2268 Oph,,,102794360,7.94,,,261.5147,-21.6268,Oph
V2269 Oph,,,103437488,7.45,,,261.6797,-21.6861,Oph
V2270 Oph,,,103674717,9.15,,,261.7868,-22.0896,Oph
V2271 Oph,,,103783391,8.24,,,261.8595,-21.5601,Oph
V2272 Oph,,,163470986,8.18,,,261.9756,-21.7103,Oph
V2273 Oph,,,,8.32,,,262.2754,-21.0711,Oph
V2275 Oph,,,166901376,9.8,,,262.4426,-21.4187,Oph
V2276 Oph,,,167989863,9.53,,,262.6377,-19.5904,Oph
V2277 Oph,,,,9.77,,,262.6645,-20.5292,Oph
V2278 Oph,,,230312976,8.14,,,262.9207,-19.9688,Oph
V2280 Oph,,,230759869,9.48,,,263.0632,-19.5526,Oph
V2281 Oph,,,231543506,8.44,,,263.3422,-19.5979,Oph
V2283 Oph,,,232812194,8.09,,,263.8194,-18.5931,Oph
V2284 Oph,,,416654490,9.76,,,264.6649,-17.1038,Oph
V2285 Oph,,,416901865,8.68,,,264.8552,-16.7106,Oph
V2286 Oph,,,417001476,8.9,,,264.9102,-16.9708,Oph
V2287 Oph,,,417635791,7.76,,,265.2855,-17.1001,Oph
V2289 Oph,,,418158586,8.14,,,265.7500,-16.1156,Oph
V2294 Oph,,,171167407,3.99,,,259.9727,-8.7832,Oph
V2296 Oph,,,347970916,3.0,,,262.0347,+5.0384,Oph
V2297 Oph,,,302837326,6.7,,,263.3080,+8.3442,Oph
V2302 Oph,,,24906279,4.07,,,272.3273,+9.2043,Oph
V2308 Oph,,,20268129,8.11,,,255.8614,-28.5753,Oph
V2309 Oph,,6837-13-1,85948230,9.2,,,261.0033,-29.3251,Oph
V2311 Oph,,,189493056,9.0,,,262.5164,-26.4675,Oph
V2347 Oph,,,319704034,5.8,,,276.9623,+7.8724,Oph
V2496 Oph,,,202975267,8.8,,,265.9365,-29.2623,Oph
V2497 Oph,,,202975310,8.5,,,265.9446,-29.2603,Oph
V2548 Oph,,,22924417,4.57,,,256.9921,-24.7420,Oph
V2585 Oph,,,198113538,9.8,300.0,,254.5472,-23.5188,Oph
V2599 Oph,,,24038461,5.94,545.0,,257.4009,-26.6716,Oph
V2714 Oph,,,23145769,4.61,531.0,C,256.9822,-28.8682,Oph
V2727 Oph,,,102268162,3.74,603.0,C,261.3257,-23.5129,Oph
R Ori,31798,685-938-1,450022383,9.05,377.1,"C8,2e(Ne)",74.7523,+8.1305,Ori
S Ori,36090,4761-1622-1,50621545,7.2,414.3,M6.5e-M9.5e,82.2537,-4.6924,Ori
U Ori,39816,1320-526-1,119041739,4.8,368.3,M6e-M9.5e,88.9549,+20.1752,Ori
V Ori,,106-1266-1,455030244,8.9,263.7,M3e-M8.0e,76.5143,+4.1024,Ori
RR Ori,250795,1313-1722-1,97962154,9.1,251.78,M6.5e-M8,90.7610,+16.3778,Ori
BK Ori,,701-864-1,200520939,9.2,354.2,M7e,82.9825,+7.6136,Ori
V0345 Ori,,,,9.5,331.5,M3,94.0068,-1.0559,Ori
V1259 Ori,,,156636300,6.04,,,90.9985,+7.4307,Ori
V1404 Ori,,,127302361,6.52,,,85.1540,+13.8061,Ori
V2786 Ori,,,45805360,3.82,493.0,Ce,92.9492,+19.1389,Ori
R Pav,165961,9059-3396-1,365368118,7.5,229.46,M3e-M5(II)e,273.2207,-63.6159,Pav
T Pav,186484,9314-1888-1,396093961,7.0,243.62,M4e,297.6812,-71.7715,Pav
U Pav,198735,9105-463-1,341182193,8.6,289.7,M4e,313.8795,-62.7042,Pav
W Pav,161567,9058-3818-1,307234152,8.1,283.35,M4e-M7e,267.6122,-62.4092,Pav
RZ Pav,,8754-2302-1,75463292,9.6,288.5,Me,267.2230,-58.7454,Pav
SU Pav,,9087-510-1,466266828,8.6,245.3,M4(II)e-M6II-IIIe,304.4125,-60.0719,Pav
BR Pav,,8784-541-1,367024309,9.8,246.13,,302.3201,-57.3318,Pav
V0350 Pav,,,,3.81,,,304.7499,-71.7244,Pav
V0351 Pav,,,,4.02,,,313.3902,-71.8574,Pav
R Peg,218292,1163-1500-1,344220905,6.9,378.1,M6e-M9e,346.6632,+10.5434,Peg
S Peg,220033,1162-250-1,354209282,6.9,319.22,M5e-M8.5e,350.1359,+8.9189,Peg
T Peg,210251,,456780957,8.4,379.4,M6e-M8e,332.2263,+12.5401,Peg
V Peg,209127,,257043051,7.0,302.35,M3e-M7e,330.2607,+6.1197,Peg
W Peg,219946,2245-115-1,91104738,7.6,345.5,M6e-M8e,349.9604,+26.2788,Peg
X Peg,,1118-1180-1,60495335,8.8,201.2,M2e-M5e,320.2494,+14.4501,Peg
Y Peg,210662,,456825666,8.9,206.93,M3e-M5e,332.9062,+14.3657,Peg
Z Peg,224709,1732-2730-1,,7.3,334.8,M6e-M8.5e(Tc),0.0273,+25.8865,Peg
RR Peg,206890,,452704283,8.5,264.05,M4e-M8e,326.1275,+25.0073,Peg
RS Peg,210749,1148-786-1,404362594,8.2,415.4,M6e-M9e,333.0674,+14.5534,Peg
RT Peg,209641,,162173841,9.4,215.0,M3e-M6e,331.0422,+35.1218,Peg
RV Peg,212678,,164278695,9.0,396.8,M6e,336.4034,+30.4726,Peg
RW Peg,217949,1711-2067-2,217777445,8.8,208.43,K3e-M6.5e,346.0479,+15.3033,Peg
RZ Peg,209890,2724-1872-1,162290171,7.6,438.7,"C9,1e(Ne)(Tc)/CSe",331.4707,+33.5069,Peg
SS Peg,213837,2223-606-1,150694605,8.0,424.8,M6e-M7e,338.4930,+24.5650,Peg
SU Peg,,,326446632,8.1,198.4,M3e,354.2485,+32.7003,Peg
SW Peg,,,283035034,8.0,396.33,M4e,320.6207,+21.9984,Peg
SX Peg,,1702-595-1,88726445,9.7,303.6,"S3,9e-S4.5,9e",342.6035,+17.8935,Peg
TU Peg,,1129-1677-1,301931358,8.2,321.6,M7e-M8e,326.2692,+12.6986,Peg
TV Peg,,,268216021,9.0,247.1,M0e,321.6936,+16.5816,Peg
AN Peg,,,126018606,9.6,280.07,M5,317.8377,+13.3532,Peg
DL Peg,,,302035000,9.7,180.4,M0,357.1126,+15.6418,Peg
FF Peg,,,397185561,9.7,252.4,M5,354.0430,+9.8161,Peg
IU Peg,,,468261377,9.9,,,331.8177,+11.8877,Peg
IW Peg,,,344105936,2.4,,,345.5320,+10.5907,Peg
IZ Peg,,,354355065,1.7,,,352.0713,+10.9104,Peg
KZ Peg,,,257312855,3.61,,,343.5475,+8.9022,Peg
LL Peg,,,435189436,9.64,,,349.8000,+17.1917,Peg
LV Peg,,,257074831,6.18,,,330.3563,+8.6070,Peg
MP Peg,,,427679314,6.15,,,340.6966,+11.0148,Peg
MR Peg,,,435847597,5.71,,,343.5504,+22.6596,Peg
MV Peg,,,245368046,6.08,,,346.9013,+23.7824,Peg
R Per,21567,2354-1581-1,349381896,8.1,209.89,M2e-M5e,52.5130,+35.6713,Per
U Per,12025,3688-1392-1,445491843,7.4,320.26,M5e-M7e,29.8963,+54.8222,Per
Y Per,21280,2873-1287-1,456163027,8.1,248.6,"C4,3e(R4e)",51.9266,+44.1768,Per
RR Per,15186,,410622915,8.1,389.62,M6e-M7e,37.1226,+51.2714,Per
RX Per,279135,,26647675,9.0,422.08,M3e,57.8177,+33.0352,Per
RZ Per,,3277-1001-1,308215509,8.7,355.25,"S4,9e",22.4257,+50.8567,Per
V0409 Per,,,,9.6,355.0,N,47.4410,+45.9654,Per
V0596 Per,,,,9.03,,,38.2514,+58.0351,Per
V0671 Per,,,,9.9,,,42.6888,+55.8169,Per
V0672 Per,,,,9.6,,,44.0752,+45.8870,Per
R Phe,224269,8460-377-1,201231444,7.5,269.26,M2(II)e-M4(III)e,359.1148,-49.7868,Phe
T Phe,2725,8024-1000-1,80262314,8.7,281.79,M5e,7.6092,-46.4093,Phe
V Phe,221433,,382463667,8.5,257.0,M4e,353.1135,-45.9886,Phe
W Phe,8166,8477-1046-1,206563830,8.1,333.95,M5e-M6e,19.9691,-55.9178,Phe
RR Phe,,,,9.4,426.55,,359.6838,-39.4500,Phe
S Pic,33894,8081-1540-1,219395372,6.5,428.0,M6.5e-M8III-IIe,77.7385,-48.5071,Pic
T Pic,34448,8089-1058-1,220026168,7.9,200.58,M6IIIe,78.7745,-46.9180,Pic
UX Pic,,,220603325,3.9,,,83.9977,-44.0776,Pic
R Psc,9203,31-66-1,344283003,7.0,344.5,M3e-M6e,22.6600,+2.8816,Psc
S Psc,7773,613-881-1,376939024,8.2,404.62,M5e-M7e,19.3939,+8.9313,Psc
X Psc,7160,,243242458,9.8,349.6,M5e-M6e,18.0322,+22.2235,Psc
RX Psc,,1204-1347-1,411636272,8.8,280.54,M1e,21.4133,+21.3961,Psc
WX Psc,,,384885674,0.9,660.0,M8,16.6082,+12.5980,Psc
R PsA,211493,,441190040,8.3,297.6,M3(II)e-M5IIe,334.5010,-29.6038,PsA
S PsA,209400,6960-1450-1,270301812,8.0,271.7,M3e-M5IIe,330.9410,-28.0512,PsA
RY PsA,,7493-1549-1,197593258,8.8,224.39,Me,326.8702,-36.1966,PsA
ST PsA,,,206667547,9.5,179.0,Me,343.5780,-34.3906,PsA
U Pup,65940,5420-2630-1,332078422,8.5,318.44,M5e-M8e,120.2104,-12.8414,Pup
W Pup,63218,7653-2058-1,,7.15,119.7,M1e-M6e,116.4890,-42.1956,Pup
Z Pup,60218,5991-1178-1,456798073,7.2,508.6,M4e-M9e,113.1586,-20.6581,Pup
RV Pup,48675,7635-1980-1,157042258,9.3,187.96,M1e-M9,100.6184,-42.3713,Pup
RW Pup,,,219196709,8.8,340.88,M3e-M6e,92.2917,-50.2077,Pup
SU Pup,,7658-4647-1,143912816,9.3,339.8,"M(S4,2)e",119.0503,-44.1426,Pup
SV Pup,,5438-2152-1,307461509,9.0,166.52,M5e,124.3194,-13.8085,Pup
TU Pup,,7130-1226-1,146775893,9.3,238.95,M8,124.2712,-34.5901,Pup
AS Pup,,7659-1145-1,134524880,9.0,324.65,M7e-M9,122.4159,-38.1746,Pup
CH Pup,,7100-2243-1,148229351,7.9,505.5,Me,101.3087,-36.5370,Pup
QX Pup,,,,8.31,,,115.5702,-14.7144,Pup
V0681 Pup,,,,5.8,519.0,C,119.8511,-41.0544,Pup
V0682 Pup,,,,4.46,541.0,,120.1062,-19.7031,Pup
V0684 Pup,,,,7.07,431.0,C,120.7795,-26.5753,Pup
V0686 Pup,,,,4.33,555.0,C,121.7760,-28.7945,Pup
V0688 Pup,,,,8.06,832.0,C,122.3344,-36.4074,Pup
V0704 Pup,,,,4.68,470.0,C,126.2898,-41.3340,Pup
S Pyx,78000,,37869989,8.0,206.1,M3e-M5e,136.2692,-25.0888,Pyx
WY Pyx,,7148-3970-1,180574987,9.0,,,129.2041,-36.4601,Pyx
WZ Pyx,,,2092253,9.35,,,133.4735,-24.7931,Pyx
CQ Pyx,,,38501454,4.71,,,138.4748,-24.8570,Pyx
DO Pyx,,,11748248,4.84,590.0,C,129.0117,-34.1261,Pyx
R Ret,29383,8872-420-1,38828619,6.5,278.46,M4e-M7.5e,68.3868,-63.0292,Ret
W Sge,181332,1603-1607-1,300130763,8.8,278.26,M4e-M6.5,289.8848,+17.2053,Sge
HX Sge,,,384615840,9.1,355.0,M8,286.8176,+18.2970,Sge
HY Sge,,,384613304,9.2,295.0,M5,286.8616,+17.9416,Sge
IN Sge,,,9079843,9.7,340.0,M6,287.2762,+18.6331,Sge
IV Sge,,,10127817,7.2,412.0,M10,287.6932,+19.9525,Sge
KK Sge,,,396191563,6.3,438.0,M7,287.8200,+17.8642,Sge
KN Sge,,,10440636,9.9,215.0,M4,287.9112,+20.2227,Sge
LL Sge,,,353011096,9.2,360.0,M8,288.6101,+19.3359,Sge
LX Sge,,,353523598,9.8,260.0,M5,288.9060,+19.3015,Sge
MN Sge,,,354189306,7.8,415.0,M8,289.1413,+18.3813,Sge
NO Sge,,,354860303,5.3,345.0,M5,289.4981,+20.0237,Sge
OO Sge,,,278977793,9.1,350.0,M8,290.0195,+19.8895,Sge
PV Sge,,,359461342,7.3,435.0,M6,291.5710,+18.2043,Sge
PY Sge,,,368557043,9.8,370.0,M10,291.7750,+19.3262,Sge
V0337 Sge,,,,7.3,,,297.0437,+17.4017,Sge
R Sgr,180275,6304-2023-1,11270390,6.7,269.84,M4e-M6e,289.1742,-19.3077,Sgr
S Sgr,181005,,11890682,9.5,230.64,M3e-M4.5e,289.8580,-19.0235,Sgr
T Sgr,180196,6300-2353-1,130287244,7.1,394.66,"S4.5,8e-S5.5,8e",289.0602,-16.9714,Sgr
Z Sgr,181060,,11884930,8.4,450.41,M4e-M9(Se),289.9301,-20.9263,Sgr
RR Sgr,188378,6903-2336-1,209185263,5.4,336.33,M4e-M9e,298.9851,-29.1900,Sgr
RT Sgr,192702,7948-2107-1,382180510,6.0,306.46,M5e-M7e,304.4319,-39.1128,Sgr
RU Sgr,188813,7942-935-1,300662518,6.0,240.49,M3e-M6e,299.6786,-41.8494,Sgr
RV Sgr,169831,7398-2676-1,27476021,7.2,315.85,M4e-M9,276.9837,-33.3248,Sgr
RX Sgr,179769,,10721471,9.0,335.23,M5e,288.6360,-18.8119,Sgr
ST Sgr,176592,5715-1103-1,414242154,7.2,395.12,"C4,3e-S9,5e",285.3717,-12.7594,Sgr
SW Sgr,180958,,32185576,9.4,289.9,M5e-M8,289.9686,-31.7150,Sgr
TW Sgr,179451,,10454449,9.1,220.63,M2e-M3e,288.3625,-21.5610,Sgr
TY Sgr,180491,6875-3266-1,2613558,9.1,325.41,M3e,289.4284,-23.9402,Sgr
AN Sgr,182794,,120205607,9.9,337.56,M5e-M8,291.7606,-18.5140,Sgr
V0969 Sgr,,,,9.6,262.0,Me,285.6293,-31.5211,Sgr
V1946 Sgr,,,110171538,9.0,440.0,,270.5007,-23.5582,Sgr
V1950 Sgr,,,111189206,7.0,400.0,M,270.6636,-23.3675,Sgr
V1951 Sgr,,,103599718,8.3,510.0,,270.8755,-22.9975,Sgr
V1977 Sgr,,,118637057,9.5,467.0,,275.6127,-16.2892,Sgr
V3876 Sgr,,,187167653,9.4,352.0,M8e,278.3030,-20.0973,Sgr
V3880 Sgr,,,187899634,1.7,510.0,M8:,287.2288,-22.2385,Sgr
V3908 Sgr,,,109476619,8.4,279.0,,273.3947,-16.2304,Sgr
V3966 Sgr,,,136228128,7.0,390.0,,269.5618,-28.9124,Sgr
V3968 Sgr,,,136896480,7.0,300.0,,269.5944,-28.9096,Sgr
V3970 Sgr,,,136901566,6.0,350.0,,269.6247,-29.2175,Sgr
V3972 Sgr,,,136899989,6.68,265.0,,269.6823,-29.1204,Sgr
V3977 Sgr,,,137018099,7.34,315.0,,269.8064,-28.9815,Sgr
V3980 Sgr,,,137667612,7.13,320.0,,269.8712,-28.8413,Sgr
V3982 Sgr,,,137717337,6.49,330.0,,269.9300,-29.2369,Sgr
V3986 Sgr,,,137668103,7.91,280.0,,269.9556,-28.8717,Sgr
V3987 Sgr,,,195228350,6.12,350.0,,269.9839,-28.8910,Sgr
V3990 Sgr,,,195227883,7.36,308.0,,270.0710,-28.9234,Sgr
V3992 Sgr,,,195225166,6.8,325.0,,270.0885,-29.1124,Sgr
V3995 Sgr,,,195793419,6.69,360.0,,270.1906,-29.1848,Sgr
V3996 Sgr,,,195793241,7.41,355.0,M8.5,270.2030,-29.1720,Sgr
V3999 Sgr,,,266098581,5.67,470.0,,270.5800,-29.9879,Sgr
V4000 Sgr,,,266096826,6.44,465.0,M9,270.6286,-30.1114,Sgr
V4001 Sgr,,,266101826,5.77,465.0,M9+,270.6731,-30.0886,Sgr
V4005 Sgr,,,194026340,7.03,305.0,M8,270.9783,-30.0144,Sgr
V4010 Sgr,,,404904941,6.15,410.0,M9,273.8656,-27.9714,Sgr
V4035 Sgr,,,266098275,7.1,330.0,,270.5760,-30.0123,Sgr
V4036 Sgr,,,266097103,6.95,420.0,,270.6090,-30.0916,Sgr
V4037 Sgr,,,266100609,5.74,400.0,,270.6449,-29.9997,Sgr
V4038 Sgr,,,194023101,6.94,335.0,M7,270.7855,-30.0907,Sgr
V4039 Sgr,,,194021590,7.01,430.0,M8,270.8382,-30.2014,Sgr
V4040 Sgr,,,194028864,7.75,375.0,M8-M8.5,271.0007,-30.2043,Sgr
V4042 Sgr,,,407177957,6.71,420.0,,271.0592,-29.8095,Sgr
V4044 Sgr,,,407182816,6.66,335.0,,271.1791,-29.8787,Sgr
V4071 Sgr,,,136895012,6.47,,,269.5896,-28.8235,Sgr
V4120 Sgr,,,104109148,0.6,,,270.9856,-20.3168,Sgr
V4154 Sgr,,,328788855,8.93,,,271.3181,-36.0851,Sgr
V4156 Sgr,,,57245627,6.72,,,272.3420,-34.8481,Sgr
V4158 Sgr,,,58122359,7.92,,,272.8031,-35.1774,Sgr
V4162 Sgr,,,61806195,8.87,,,274.2504,-33.0426,Sgr
V4163 Sgr,,,62797406,7.68,,,274.5582,-31.6756,Sgr
V4164 Sgr,,,63486177,7.41,,,274.9007,-31.0779,Sgr
V4165 Sgr,,,64002081,7.5,,,275.0355,-30.5611,Sgr
V4166 Sgr,,,64006835,9.16,,,275.0414,-30.0809,Sgr
V4167 Sgr,,,64124151,8.99,,,275.1263,-31.1003,Sgr
V4168 Sgr,,,64749389,8.06,,,275.3051,-30.5323,Sgr
V4170 Sgr,,,66109122,8.87,,,275.8979,-30.4314,Sgr
V4172 Sgr,,,51700635,8.35,,,276.2302,-29.0797,Sgr
V4173 Sgr,,,51704821,8.14,,,276.2967,-29.3129,Sgr
V4174 Sgr,,,51850317,8.03,,,276.3890,-27.9101,Sgr
V4176 Sgr,,,324215405,8.17,,,277.2930,-26.2844,Sgr
V4179 Sgr,,,324697552,9.4,,,277.4685,-27.2161,Sgr
V4180 Sgr,,,325037653,6.84,,,277.6181,-26.5056,Sgr
V4181 Sgr,,,325194996,8.0,,,277.6514,-26.9204,Sgr
V4182 Sgr,,,226466216,9.5,,,277.8280,-25.5680,Sgr
V4183 Sgr,,,226804126,9.38,,,277.9600,-26.1470,Sgr
V4184 Sgr,,,226907499,3.21,,,278.0320,-24.9559,Sgr
V4185 Sgr,,,226800606,8.68,,,278.0548,-26.6657,Sgr
V4186 Sgr,,,227562676,8.28,,,278.4105,-24.7603,Sgr
V4187 Sgr,,,228002635,7.46,,,278.4731,-26.0338,Sgr
V4188 Sgr,,,228002826,7.81,,,278.5545,-25.7276,Sgr
V4189 Sgr,,,148373682,8.15,,,278.7666,-24.6701,Sgr
V4192 Sgr,,,725167,8.41,,,279.4515,-23.8117,Sgr
V4193 Sgr,,,1285518,8.27,,,279.5572,-23.3718,Sgr
V4194 Sgr,,,1282522,6.65,,,279.5560,-23.0232,Sgr
V4195 Sgr,,,1429418,7.96,,,279.6975,-22.1005,Sgr
V4196 Sgr,,,4904433,7.88,,,281.0959,-19.9411,Sgr
V4328 Sgr,,,62657983,9.32,,,274.4723,-31.1473,Sgr
V4331 Sgr,,,226265169,9.61,,,277.7655,-27.0947,Sgr
V4335 Sgr,,,136900524,8.01,,,269.5730,-29.1535,Sgr
V4336 Sgr,,,137059478,9.28,,,269.7758,-28.8185,Sgr
V4337 Sgr,,,137013827,8.67,,,269.8217,-29.2726,Sgr
V4341 Sgr,,,195882999,7.27,,,270.2602,-29.2348,Sgr
V4445 Sgr,,,203593182,8.2,,,265.9877,-29.0079,Oph
V4446 Sgr,,,203531817,9.9,,,265.9872,-28.8419,Oph
V4447 Sgr,,,203600268,9.3,,,266.0195,-29.3316,Sgr
V4449 Sgr,,,203530227,7.7,,,266.0623,-28.7517,Sgr
V4450 Sgr,,,203530008,8.8,,,266.0801,-28.7394,Sgr
V4451 Sgr,,,,9.0,,,266.1182,-28.8499,Sgr
V4452 Sgr,,,203664342,5.93,,,266.1226,-29.0829,Sgr
V4453 Sgr,,,203665737,8.75,,,266.1255,-29.0206,Sgr
V4458 Sgr,,,203664505,3.6,,,266.1457,-29.0766,Sgr
V4461 Sgr,,,203657923,9.9,,,266.1605,-29.3895,Sgr
V4463 Sgr,,,203664062,9.6,,,266.1851,-29.0939,Sgr
V4465 Sgr,,,203663815,9.9,,,266.1915,-29.1038,Sgr
V4467 Sgr,,,203662634,8.95,,,266.2137,-29.1559,Sgr
V4468 Sgr,,,203661039,8.25,,,266.2257,-29.2291,Sgr
V4470 Sgr,,,203661165,4.74,,,266.2368,-29.2237,Sgr
V4473 Sgr,,,204254898,9.2,,,266.2633,-29.1202,Sgr
V4475 Sgr,,,204259169,7.0,,,266.2720,-29.2871,Sgr
V4476 Sgr,,,204259107,9.5,,,266.2765,-29.2848,Sgr
V4477 Sgr,,,,8.4,,,266.2791,-29.0597,Sgr
V4479 Sgr,,,204215458,9.6,,,266.2868,-28.9880,Sgr
V4482 Sgr,,,204257290,8.9,,,266.3038,-29.2152,Sgr
V4483 Sgr,,,204255911,8.9,,,266.3045,-29.1601,Sgr
V4484 Sgr,,,204209532,8.0,,,266.3019,-28.6790,Sgr
V4487 Sgr,,,204254962,9.8,,,266.3095,-29.1224,Sgr
V4489 Sgr,,,204211950,5.18,,,266.3080,-28.7953,Sgr
V4490 Sgr,,,204258490,7.9,,,266.3185,-29.2604,Sgr
V4492 Sgr,,,204254384,5.34,,,266.3243,-29.0981,Sgr
V4493 Sgr,,,204215232,8.4,,,266.3263,-28.9776,Sgr
V4494 Sgr,,,204257832,8.4,,,266.3306,-29.2349,Sgr
V4496 Sgr,,,204255272,5.45,,,266.3598,-29.1344,Sgr
V4497 Sgr,,,,6.32,,,266.3731,-29.1548,Sgr
V4498 Sgr,,,204260589,9.7,,,266.3769,-29.3500,Sgr
V4501 Sgr,,,204211515,5.91,,,266.3810,-28.7728,Sgr
V4504 Sgr,,,,9.8,,,266.3885,-29.0581,Sgr
V4505 Sgr,,,,6.35,,,266.3895,-29.0379,Sgr
V4507 Sgr,,,321995866,8.4,,,266.3950,-29.1008,Sgr
V4512 Sgr,,,,9.6,,,266.4196,-29.0067,Sgr
V4515 Sgr,,,321993152,9.2,,,266.4265,-28.9883,Sgr
V4516 Sgr,,,321993061,8.0,,,266.4287,-28.9840,Sgr
V4518 Sgr,,,321885248,8.5,,,266.4440,-28.5443,Sgr
V4519 Sgr,,,,8.8,,,266.4520,-29.1792,Sgr
V4520 Sgr,,,321992972,8.9,,,266.4559,-28.9804,Sgr
V4522 Sgr,,,321891484,4.75,,,266.4639,-28.8019,Sgr
V4523 Sgr,,,321999508,9.8,,,266.4692,-29.2418,Sgr
V4529 Sgr,,,321884855,8.7,,,266.4757,-28.5294,Sgr
V4530 Sgr,,,321991675,5.57,,,266.4837,-28.9311,Sgr
V4531 Sgr,,,321890349,5.81,,,266.4826,-28.7553,Sgr
V4532 Sgr,,,321887901,9.7,,,266.4837,-28.6576,Sgr
V4534 Sgr,,,321992869,9.7,,,266.4954,-28.9764,Sgr
V4542 Sgr,,,,9.5,,,266.5200,-28.7334,Sgr
V4549 Sgr,,,,8.4,,,266.5623,-28.7381,Sgr
V4550 Sgr,,,,6.42,,,266.5636,-28.9284,Sgr
V4551 Sgr,,,322750554,9.3,,,266.5921,-28.7729,Sgr
V4553 Sgr,,,,8.3,,,266.6077,-28.8334,Sgr
V4555 Sgr,,,322753597,8.1,,,266.6196,-28.8887,Sgr
V4556 Sgr,,,,9.2,,,266.6281,-28.5262,Sgr
V4557 Sgr,,,322748059,8.4,,,266.6307,-28.6634,Sgr
V4562 Sgr,,,,7.36,,,266.6472,-28.9825,Sgr
V4564 Sgr,,,323671271,9.0,,,266.6568,-29.3245,Sgr
V4565 Sgr,,,323671280,9.4,,,266.6588,-29.3252,Sgr
V4566 Sgr,,,323509235,9.5,,,266.6555,-28.5404,Sgr
V4570 Sgr,,,323516886,9.2,,,266.7590,-28.7655,Sgr
V4572 Sgr,,,126057837,9.4,,,266.8389,-29.3401,Sgr
V4574 Sgr,,,126154392,8.15,,,266.8501,-28.5453,Sgr
V4577 Sgr,,,195787640,6.53,,,270.1226,-28.8087,Sgr
V4644 Sgr,,,322752135,8.2,,,266.5600,-28.8341,Sgr
V4645 Sgr,,,322751549,9.6,,,266.5621,-28.8118,Sgr
V4646 Sgr,,,322751898,8.0,,,266.5631,-28.8246,Sgr
V4648 Sgr,,,322752301,9.6,,,266.5648,-28.8399,Sgr
V4649 Sgr,,,322752222,7.9,,,266.5725,-28.8372,Sgr
V4746 Sgr,,,203705626,8.5,,,266.1944,-28.8522,Sgr
V4749 Sgr,,,203665522,8.7,,,266.2035,-29.0299,Sgr
V4751 Sgr,,,203665007,9.0,,,266.2061,-29.0544,Sgr
V4752 Sgr,,,203663384,9.3,,,266.2070,-29.1229,Sgr
V4753 Sgr,,,203704409,9.9,,,266.2084,-28.9524,Sgr
V4758 Sgr,,,203664358,8.5,,,266.2265,-29.0823,Sgr
V4759 Sgr,,,203704125,7.8,,,266.2289,-28.9704,Sgr
V4762 Sgr,,,203665633,9.0,,,266.2323,-29.0253,Sgr
V4768 Sgr,,,203703511,8.9,,,266.2402,-29.0033,Sgr
V4771 Sgr,,,203662713,8.0,,,266.2454,-29.1530,Sgr
V4773 Sgr,,,203663972,7.9,,,266.2467,-29.0971,Sgr
V4774 Sgr,,,203662613,7.9,,,266.2480,-29.1571,Sgr
V4777 Sgr,,,204216219,9.0,,,266.2541,-29.0208,Sgr
V4779 Sgr,,,204216847,7.8,,,266.2571,-29.0472,Sgr
V4783 Sgr,,,204254763,5.4,,,266.2616,-29.1146,Sgr
V4784 Sgr,,,204255434,7.6,,,266.2622,-29.1410,Sgr
V4786 Sgr,,,204254406,8.7,,,266.2625,-29.0992,Sgr
V4788 Sgr,,,204215560,6.8,,,266.2682,-28.9921,Sgr
V4790 Sgr,,,204216290,8.0,,,266.2696,-29.0236,Sgr
V4791 Sgr,,,204254356,8.0,,,266.2699,-29.0968,Sgr
V4794 Sgr,,,204216350,7.6,,,266.2718,-29.0266,Sgr
V4795 Sgr,,,204214555,9.3,,,266.2742,-28.9459,Sgr
V4797 Sgr,,,,8.6,,,266.2773,-29.0168,Sgr
V4798 Sgr,,,204212733,8.0,,,266.2798,-28.8408,Sgr
V4800 Sgr,,,,9.5,,,266.2817,-29.1730,Sgr
V4805 Sgr,,,204254495,7.3,,,266.2884,-29.1029,Sgr
V4809 Sgr,,,204255789,8.5,,,266.2957,-29.1551,Sgr
V4810 Sgr,,,204256761,7.9,,,266.2974,-29.1951,Sgr
V4812 Sgr,,,204216553,7.3,,,266.2995,-29.0356,Sgr
V4813 Sgr,,,204253789,7.9,,,266.3004,-29.0736,Sgr
V4814 Sgr,,,204215360,9.0,,,266.3006,-28.9838,Sgr
V4815 Sgr,,,204256537,9.6,,,266.3009,-29.1864,Sgr
V4816 Sgr,,,204215964,8.2,,,266.3023,-29.0100,Sgr
V4817 Sgr,,,204253941,9.0,,,266.3035,-29.0796,Sgr
V4818 Sgr,,,204215561,9.4,,,266.3055,-28.9921,Sgr
V4823 Sgr,,,204256382,9.5,,,266.3092,-29.1792,Sgr
V4826 Sgr,,,204213152,9.5,,,266.3137,-28.8639,Sgr
V4827 Sgr,,,204255799,8.5,,,266.3173,-29.1556,Sgr
V4828 Sgr,,,204256569,9.1,,,266.3183,-29.1877,Sgr
V4830 Sgr,,,204253665,7.5,,,266.3214,-29.0691,Sgr
V4831 Sgr,,,204253787,7.8,,,266.3224,-29.0735,Sgr
V4833 Sgr,,,204215959,9.0,,,266.3274,-29.0099,Sgr
V4842 Sgr,,,204254657,9.8,,,266.3393,-29.1100,Sgr
V4844 Sgr,,,204256180,8.5,,,266.3448,-29.1714,Sgr
V4845 Sgr,,,204215569,8.0,,,266.3450,-28.9924,Sgr
V4846 Sgr,,,204253473,9.6,,,266.3452,-29.0617,Sgr
V4847 Sgr,,,204214514,9.2,,,266.3462,-28.9434,Sgr
V4849 Sgr,,,204214195,9.3,,,266.3495,-28.9274,Sgr
V4854 Sgr,,,204254443,9.0,,,266.3590,-29.1011,Sgr
V4856 Sgr,,,204255834,9.0,,,266.3596,-29.1567,Sgr
V4863 Sgr,,,204216729,8.9,,,266.3660,-29.0429,Sgr
V4864 Sgr,,,204215067,7.7,,,266.3660,-28.9701,Sgr
V4866 Sgr,,,204215837,9.3,,,266.3667,-29.0044,Sgr
V4869 Sgr,,,204213754,9.3,,,266.3684,-28.9038,Sgr
V4870 Sgr,,,204253610,8.6,,,266.3685,-29.0666,Sgr
V4875 Sgr,,,204254848,9.5,,,266.3718,-29.1179,Sgr
V4876 Sgr,,,204214371,9.5,,,266.3737,-28.9365,Sgr
V4878 Sgr,,,204215818,9.5,,,266.3766,-29.0039,Sgr
V4879 Sgr,,,204214941,7.8,,,266.3766,-28.9639,Sgr
V4880 Sgr,,,204215602,9.0,,,266.3773,-28.9942,Sgr
V4881 Sgr,,,204214572,9.8,,,266.3779,-28.9468,Sgr
V4883 Sgr,,,204216377,9.5,,,266.3785,-29.0279,Sgr
V4884 Sgr,,,204254144,8.4,,,266.3788,-29.0890,Sgr
V4887 Sgr,,,204214924,8.4,,,266.3831,-28.9632,Sgr
V4890 Sgr,,,,9.7,,,266.3844,-29.0348,Sgr
V4891 Sgr,,,321994267,9.2,,,266.3853,-29.0332,Sgr
V4896 Sgr,,,321991695,8.8,,,266.3883,-28.9319,Sgr
V4897 Sgr,,,,9.1,,,266.3889,-28.8161,Sgr
V4905 Sgr,,,321996955,9.2,,,266.3969,-29.1421,Sgr
V4908 Sgr,,,321995489,8.6,,,266.4005,-29.0832,Sgr
V4909 Sgr,,,321892246,9.4,,,266.4016,-28.8334,Sgr
V4910 Sgr,,,,9.9,,,266.4050,-29.0127,Sgr
V4911 Sgr,,,321993874,9.2,,,266.4084,-29.0173,Sgr
V4912 Sgr,,,321991903,7.4,,,266.4085,-28.9395,Sgr
V4913 Sgr,,,321992200,8.4,,,266.4094,-28.9505,Sgr
V4915 Sgr,,,321891608,9.2,,,266.4104,-28.8067,Sgr
V4925 Sgr,,,321893283,8.7,,,266.4237,-28.8766,Sgr
V4929 Sgr,,,,9.3,,,266.4292,-28.8649,Sgr
V4930 Sgr,,,,8.2,,,266.4292,-29.0033,Sgr
V4931 Sgr,,,321991049,8.3,,,266.4298,-28.9061,Sgr
V4932 Sgr,,,321891583,8.9,,,266.4302,-28.8060,Sgr
V4934 Sgr,,,,7.8,,,266.4364,-28.9707,Sgr
V4935 Sgr,,,321893269,9.7,,,266.4376,-28.8761,Sgr
V4936 Sgr,,,321992473,8.1,,,266.4380,-28.9613,Sgr
V4937 Sgr,,,321893772,8.6,,,266.4389,-28.8961,Sgr
V4942 Sgr,,,321991928,9.1,,,266.4490,-28.9402,Sgr
V4943 Sgr,,,,8.4,,,266.4496,-28.8844,Sgr
V4945 Sgr,,,321994725,8.6,,,266.4501,-29.0506,Sgr
V4946 Sgr,,,321892789,6.5,,,266.4507,-28.8568,Sgr
V4948 Sgr,,,,7.6,,,266.4576,-28.9476,Sgr
V4953 Sgr,,,321995264,9.2,,,266.4615,-29.0724,Sgr
V4954 Sgr,,,321994200,9.3,,,266.4624,-29.0301,Sgr
V4956 Sgr,,,321892837,8.5,,,266.4677,-28.8586,Sgr
V4957 Sgr,,,321994298,9.5,,,266.4682,-29.0339,Sgr
V4958 Sgr,,,321995310,9.7,,,266.4714,-29.0744,Sgr
V4959 Sgr,,,321892175,8.3,,,266.4730,-28.8306,Sgr
V4960 Sgr,,,321992008,9.1,,,266.4740,-28.9430,Sgr
V4961 Sgr,,,321997604,8.4,,,266.4804,-29.1685,Sgr
V4962 Sgr,,,321892317,8.2,,,266.4810,-28.8364,Sgr
V4963 Sgr,,,321996029,9.6,,,266.4813,-29.1078,Sgr
V4965 Sgr,,,321994812,9.0,,,266.4827,-29.0535,Sgr
V4966 Sgr,,,321892165,9.7,,,266.4842,-28.8300,Sgr
V4968 Sgr,,,321892019,8.8,,,266.4852,-28.8242,Sgr
V4969 Sgr,,,321996057,8.2,,,266.4865,-29.1086,Sgr
V4970 Sgr,,,321991718,7.5,,,266.4878,-28.9329,Sgr
V4974 Sgr,,,321996772,8.1,,,266.4945,-29.1352,Sgr
V4975 Sgr,,,321998417,8.3,,,266.4969,-29.1999,Sgr
V4976 Sgr,,,321991193,8.8,,,266.4980,-28.9121,Sgr
V4977 Sgr,,,321893960,8.4,,,266.4982,-28.9032,Sgr
V4981 Sgr,,,321995859,8.4,,,266.5039,-29.1003,Sgr
V4983 Sgr,,,321996227,8.7,,,266.5071,-29.1152,Sgr
V4984 Sgr,,,321994148,9.5,,,266.5077,-29.0282,Sgr
V4986 Sgr,,,321992828,9.2,,,266.5142,-28.9746,Sgr
V4987 Sgr,,,,9.5,,,266.5148,-28.8598,Sgr
V4988 Sgr,,,321992480,9.2,,,266.5150,-28.9616,Sgr
V4995 Sgr,,,,9.8,,,266.5193,-29.0964,Sgr
V4997 Sgr,,,322757923,8.2,,,266.5210,-29.0652,Sgr
V5000 Sgr,,,322752113,8.9,,,266.5259,-28.8333,Sgr
V5002 Sgr,,,322756003,8.9,,,266.5265,-28.9852,Sgr
V5004 Sgr,,,322880172,8.5,,,266.5315,-29.1786,Sgr
V5005 Sgr,,,322758358,8.6,,,266.5317,-29.0815,Sgr
V5008 Sgr,,,322758140,9.7,,,266.5330,-29.0731,Sgr
V5010 Sgr,,,322880001,8.6,,,266.5357,-29.1713,Sgr
V5011 Sgr,,,,9.0,,,266.5409,-28.8552,Sgr
V5013 Sgr,,,322753949,9.2,,,266.5417,-28.9028,Sgr
V5014 Sgr,,,322757163,9.3,,,266.5454,-29.0354,Sgr
V5016 Sgr,,,322755332,9.5,,,266.5456,-28.9563,Sgr
V5019 Sgr,,,322757085,9.1,,,266.5483,-29.0326,Sgr
V5020 Sgr,,,322756162,8.7,,,266.5487,-28.9923,Sgr
V5021 Sgr,,,322753399,7.5,,,266.5496,-28.8822,Sgr
V5022 Sgr,,,322754445,9.1,,,266.5518,-28.9221,Sgr
V5023 Sgr,,,322751590,8.4,,,266.5521,-28.8136,Sgr
V5026 Sgr,,,322879964,8.0,,,266.5530,-29.1699,Sgr
V5030 Sgr,,,322753209,9.0,,,266.5565,-28.8752,Sgr
V5032 Sgr,,,322758831,9.0,,,266.5575,-29.0996,Sgr
V5033 Sgr,,,322758539,8.8,,,266.5593,-29.0882,Sgr
V5034 Sgr,,,322753943,9.2,,,266.5596,-28.9024,Sgr
V5036 Sgr,,,322755213,9.8,,,266.5620,-28.9526,Sgr
V5038 Sgr,,,322753744,8.1,,,266.5633,-28.8949,Sgr
V5039 Sgr,,,322754965,8.9,,,266.5656,-28.9423,Sgr
V5044 Sgr,,,322758177,8.4,,,266.5687,-29.0745,Sgr
V5046 Sgr,,,322754825,8.9,,,266.5698,-28.9371,Sgr
V5048 Sgr,,,322756375,9.0,,,266.5710,-29.0016,Sgr
V5049 Sgr,,,322757279,8.7,,,266.5725,-29.0397,Sgr
V5051 Sgr,,,322751332,7.5,,,266.5730,-28.8034,Sgr
V5052 Sgr,,,322754484,9.0,,,266.5730,-28.9233,Sgr
V5054 Sgr,,,322755281,9.8,,,266.5748,-28.9544,Sgr
V5055 Sgr,,,322757777,8.4,,,266.5772,-29.0602,Sgr
V5056 Sgr,,,322879892,9.0,,,266.5782,-29.1670,Sgr
V5057 Sgr,,,322754451,8.5,,,266.5794,-28.9222,Sgr
V5060 Sgr,,,322757035,8.9,,,266.5811,-29.0304,Sgr
V5065 Sgr,,,322879357,9.3,,,266.5877,-29.1462,Sgr
V5070 Sgr,,,322758859,9.2,,,266.5957,-29.1004,Sgr
V5071 Sgr,,,322752425,7.8,,,266.5967,-28.8452,Sgr
V5074 Sgr,,,322756576,8.6,,,266.6016,-29.0111,Sgr
V5075 Sgr,,,322758919,8.6,,,266.6063,-29.1032,Sgr
V5077 Sgr,,,322753844,9.7,,,266.6115,-28.8991,Sgr
V5079 Sgr,,,322752293,7.8,,,266.6164,-28.8397,Sgr
V5080 Sgr,,,322758937,8.7,,,266.6173,-29.1035,Sgr
V5081 Sgr,,,322878756,8.4,,,266.6183,-29.1245,Sgr
V5084 Sgr,,,322753901,9.7,,,266.6220,-28.9014,Sgr
V5085 Sgr,,,322755142,7.8,,,266.6275,-28.9500,Sgr
V5088 Sgr,,,322753137,9.2,,,266.6334,-28.8721,Sgr
V5089 Sgr,,,322755530,8.4,,,266.6352,-28.9647,Sgr
V5091 Sgr,,,322878805,8.6,,,266.6407,-29.1264,Sgr
V5092 Sgr,,,322753907,8.6,,,266.6411,-28.9012,Sgr
V5104 Sgr,,,465843441,2.99,,,275.6445,-27.1082,Sgr
V5357 Sgr,,,195531354,7.7,550.0,,270.1366,-24.2719,Sgr
V5624 Sgr,,,358476711,3.49,628.0,C,270.2770,-17.7397,Sgr
V5632 Sgr,,,184699225,4.17,664.0,C,271.6751,-23.7395,Sgr
V5638 Sgr,,,243703941,4.7,611.0,,273.7560,-22.7329,Sgr
V5792 Sgr,,,56340896,9.8,246.2,,272.1342,-32.0314,Sgr
V6622 Sgr,,,,6.45,377.0,,266.9763,-24.8318,Sgr
V6623 Sgr,,,,7.2,217.0,,266.9977,-24.7882,Sgr
V6625 Sgr,,,,6.3,464.0,,267.0140,-24.7785,Sgr
V6630 Sgr,,,,7.0,261.0,,267.0299,-24.7741,Sgr
V6632 Sgr,,,,7.1,269.0,,267.0386,-24.7851,Sgr
V6633 Sgr,,,,7.95,464.0,,267.0494,-24.8379,Sgr
V6875 Sgr,,,,6.95,267.0,,272.3286,-25.9099,Sgr
V7125 Sgr,,,,7.4,198.0,Me,277.8477,-32.3471,Sgr
R Sco,,6793-1422-1,49744658,9.8,224.61,M(3)e,244.4128,-22.9446,Sco
S Sco,,6793-77-1,49744591,9.5,177.92,M(3)e,244.4175,-22.8933,Sco
Z Sco,144311,6212-1715-1,48762720,8.7,343.03,M5.5e:-M7e,241.5029,-21.7332,Sco
RR Sco,152783,7359-722-1,35510373,5.0,281.45,M6II-IIIe-M9,254.1577,-30.5801,Sco
RS Sco,152476,8327-497-1,247459453,6.2,319.91,M5e-M9,253.9075,-45.1030,Sco
RT Sco,153858,,346770392,7.0,449.04,"S7,2(M6e-M7e)",255.8857,-36.9205,Sco
RU Sco,160496,7897-1357-1,31323426,7.8,370.75,M4/6e-M7II-IIIe,265.6050,-43.7504,Sco
RW Sco,155734,,151045538,8.8,388.45,M5e,258.7153,-33.4318,Sco
RZ Sco,144018,6780-1590-1,67278022,8.0,156.6,M3e-M4e,241.1505,-24.1002,Sco
SV Sco,161652,,113521452,8.7,262.0,M3e,267.0833,-35.7013,Sco
V0984 Sco,,,,7.66,,,248.2865,-36.1534,Sco
V0985 Sco,,,,8.45,,,250.1860,-35.6248,Sco
V0987 Sco,,,,9.09,,,252.2020,-33.0169,Sco
V0988 Sco,,,,9.46,,,253.5191,-31.4287,Sco
V0989 Sco,,,,7.89,,,254.2377,-31.2780,Sco
V0990 Sco,,,,8.03,,,254.5444,-30.9732,Sco
V0993 Sco,,,,7.94,,,264.2914,-45.3557,Sco
V0995 Sco,,,,6.47,,,267.1220,-42.7228,Sco
V0996 Sco,,,,9.04,,,268.5690,-40.1879,Sco
V0997 Sco,,,,7.95,,,268.6036,-39.9521,Sco
V0998 Sco,,,,8.54,,,268.9861,-40.1177,Sco
V0999 Sco,,,,8.9,,,269.2167,-39.1862,Sco
V1004 Sco,,,235626653,8.25,,,251.2873,-45.0602,Sco
V1005 Sco,,,246383662,7.92,,,252.7591,-44.3914,Sco
V1008 Sco,,,,3.0,,,255.9832,-41.4002,Sco
V1010 Sco,,,381886169,9.11,,,257.7236,-42.4833,Sco
V1011 Sco,,,224944534,7.53,,,257.7185,-39.9806,Sco
V1038 Sco,,,21877755,8.06,,,268.0281,-42.2351,Sco
V1163 Sco,,,465113319,9.9,,,263.4045,-36.2597,Sco
V1185 Sco,,,109896070,3.41,,,266.1000,-31.9265,Sco
V1366 Sco,,,121031229,1.79,534.0,C,254.5262,-42.3233,Sco
V1469 Sco,,,188676201,4.21,568.0,,258.4995,-37.8371,Sco
V1493 Sco,,,463464652,3.49,628.0,C,259.1364,-39.1794,Sco
V1503 Sco,,,463766894,5.51,630.0,C,261.3045,-39.3227,Sco
V1515 Sco,,,469241137,3.1,545.0,C,267.0507,-40.8266,Sco
V1516 Sco,,,470289060,6.79,399.0,,267.4582,-40.1327,Sco
S Scl,1115,6990-1060-1,149018345,5.5,362.57,M3e-M9e(Tc),3.8428,-32.0453,Scl
T Scl,2585,7525-288-3,115942898,8.47,202.42,M3-M6e,7.3005,-37.9085,Scl
U Scl,,,67599311,8.3,333.73,M5e,17.9016,-30.1079,Scl
V Scl,409,7523-750-1,120504920,8.7,296.1,M4e-M6e,2.1556,-39.2181,Scl
V0434 Sct,,,,6.3,,,277.0579,-11.2693,Sct
V0435 Sct,,,,4.7,,,277.3696,-12.6313,Sct
V0436 Sct,,,,6.7,,,277.5290,-7.6143,Sct
V0437 Sct,,,,6.9,,,279.3855,-5.3998,Sct
V0438 Sct,,,,8.3,,,280.3093,-6.2500,Sct
V0439 Sct,,,,7.2,,,281.4518,-4.0129,Sct
V0440 Sct,,,,9.4,,,281.6117,-6.6761,Sct
V0441 Sct,,,,5.2,,,277.1317,-9.9696,Sct
V0472 Sct,,,,8.5,,,281.5918,-5.0427,Sct
V0499 Sct,,,,3.85,635.0,C,276.6645,-6.9010,Sct
V0501 Sct,,,,5.16,659.0,C,276.8926,-8.6232,Sct
R Ser,141850,1496-1863-1,329072394,5.16,356.41,M5IIIe-M9e,237.6739,+15.1336,Ser
S Ser,136695,939-6-1,98537460,7.0,371.84,M5e-M6e,230.4147,+14.3148,Ser
T Ser,,445-1286-1,320153865,9.1,338.12,M7e,277.2031,+6.2981,Ser
U Ser,144782,949-131-1,266059505,7.8,237.5,M3e-M6e,241.8236,+9.9312,Ser
MW Ser,,,371267926,2.7,,,232.1820,+3.8286,Ser
NR Ser,,,419830399,7.57,,,266.7181,-14.0899,Ser
NS Ser,,,419981067,7.7,,,266.8683,-14.2785,Ser
NT Ser,,,420712313,7.79,,,267.1440,-13.8012,Ser
NU Ser,,,420717422,7.59,,,267.1463,-13.0412,Ser
NV Ser,,,421590049,7.6,,,267.6758,-12.4644,Ser
NX Ser,,,106766931,2.8,,,278.9450,+5.5974,Ser
S Sex,91637,4912-598-1,124527488,8.2,264.9,M2e-M5e,158.7335,-0.3426,Sex
R Tau,28309,673-735-1,284675179,7.6,320.9,M5e-M9e,67.0750,+10.1624,Tau
S Tau,,,284676996,9.2,374.5,M6.5e-M9e,67.2990,+9.9454,Tau
V Tau,30868,1284-1240-1,436664403,8.5,168.7,M0e-M4.5e,73.0096,+17.5380,Tau
Z Tau,,,247922816,9.2,466.2,"S7.5,1e(M7e)",88.1037,+15.7956,Tau
RU Tau,,,247923183,9.7,544.6,M3.5e-M6.5,88.1533,+15.9707,Tau
RX Tau,29411,682-309-1,345536378,9.1,331.8,M6e-M7e,69.5607,+8.3359,Tau
VX Tau,,,60876028,9.8,298.9,M8e,66.3634,+16.5564,Tau
V1083 Tau,,,445916098,5.99,,,55.9328,+6.9251,Tau
V1215 Tau,,,62248764,9.9,,,79.4315,+25.4165,Tau
V1217 Tau,,,432908411,9.8,,,82.5757,+20.3674,Tau
V1316 Tau,,,454150586,5.31,226.0,N,65.3636,+1.4871,Tau
R Tel,192016,,129373154,7.6,467.0,M5IIe-M7e,303.6880,-46.9819,Tel
U Tel,177666,,158162541,9.1,449.0,M7e,287.0095,-48.9034,Tel
W Tel,187113,,166343380,9.4,310.0,M5e-M8(III:)e,297.6444,-50.0094,Tel
Z Tel,185111,,143463944,9.2,233.0,M4e,294.8909,-45.5758,Tel
RU Tel,177692,8379-2403-1,158161853,9.5,273.3,M2e-M4e,287.0294,-48.2645,Tel
SS Tel,,,119776355,9.1,416.5,,278.0697,-56.6173,Tel
SV Tel,,8382-2149-1,6524889,8.5,226.0,M4e-M6e,284.0747,-49.4694,Tel
BQ Tel,,8781-1240-1,370109862,9.6,287.7,M5e,305.2603,-56.1839,Tel
R Tri,16210,2332-1426-1,73569673,5.4,266.9,M4IIIe-M8e,39.2597,+34.2643,Tri
S Tri,,2327-655-1,285466098,8.9,241.6,M2e,36.8313,+32.7397,Tri
YY Tri,,,118335153,5.84,,,34.5251,+28.6126,Tri
W TrA,,9275-365-1,364419616,9.4,248.7,Me,253.0027,-67.9872,TrA
Z TrA,151896,9047-768-1,447600091,9.8,150.55,M3e-M5IIe,253.6948,-65.2019,TrA
RU TrA,149221,,363596981,9.8,326.5,M4e,249.6157,-68.5417,TrA
EF TrA,,9274-4088-1,363649136,9.2,219.0,Me,250.1420,-68.2516,TrA
R Tuc,224379,,280793692,8.5,286.06,M5e,359.3598,-65.3847,Tuc
S Tuc,1925,8841-1360-1,231866291,8.2,240.71,M3e-M5II-Ibe,5.7820,-61.6714,Tuc
T Tuc,214575,9118-1617-1,394583946,7.5,250.3,M3IIe-M6IIe,340.1395,-61.5538,Tuc
U Tuc,5774,9141-7417-1,181659657,8.0,264.8,M3e-M7e,14.3047,-75.0001,Tuc
R UMa,92763,4385-1427-1,310965252,6.5,301.62,M3e-M9e,161.1603,+68.7758,UMa
S UMa,110813,4162-785-1,159527362,7.1,225.87,"S0,9e-S5,9e",190.9861,+61.0932,UMa
T UMa,109729,3847-1129-1,316417053,6.6,256.6,M4IIIe-M7e,189.0978,+59.4869,UMa
X UMa,73507,3422-2069-1,142181754,8.1,249.04,M3e-M4e,130.2062,+50.1366,UMa
RR UMa,,4164-585-1,355917056,8.6,230.58,M4e,201.4847,+62.3810,UMa
RS UMa,110064,3847-726-1,99329913,8.3,258.97,M4e-M6e,189.7398,+58.4834,UMa
RU UMa,101605,3014-2241-1,10154492,8.1,252.46,M3e-M5e,175.4177,+38.4748,UMa
S UMi,139492,4563-519-1,159331270,7.5,331.0,M6e-M9e,232.3940,+78.6334,UMi
T UMi,118556,4408-163-1,298160004,7.8,301.0,M4e-M6e,203.6710,+73.4314,UMi
U UMi,125556,4178-277-1,154182243,7.1,330.92,M6e-M8e,214.3329,+66.7942,UMi
W Vel,299011,8604-52-1,463472968,8.3,394.72,M5-M8IIIe,153.8118,-54.4783,Vel
Y Vel,,8179-480-1,297463086,8.0,449.9,M8e-M9.5,142.2559,-52.1817,Vel
Z Vel,298731,8598-1886-1,469163093,7.8,411.4,M9e,148.2262,-54.1800,Vel
RS Vel,81432,8175-154-1,295689389,9.1,409.5,M7e,140.9387,-48.8667,Vel
RW Vel,80837,8174-590-1,373258785,8.9,443.1,M7III(II)e,140.0809,-49.5252,Vel
CH Vel,,,158148087,9.9,327.0,,162.0835,-41.5104,Vel
KM Vel,,,362368622,8.12,,,145.3083,-49.3798,Vel
MQ Vel,,,76412004,3.5,,,140.3270,-45.5158,Vel
MU Vel,,,34304816,8.6,,,146.7334,-47.5116,Vel
V0474 Vel,,,,7.49,703.0,C,133.7564,-51.1221,Vel
V0488 Vel,,,,5.39,431.0,C,139.8217,-52.0078,Vel
V0490 Vel,,,,8.47,265.0,C,141.6895,-49.3737,Vel
V0493 Vel,,,,7.68,413.0,C,143.7374,-50.4084,Vel
V0499 Vel,,,,4.36,630.0,C,148.2779,-53.6482,Vel
V0500 Vel,,,,5.15,688.0,C,148.6697,-55.3377,Vel
V0561 Vel,,,,9.8,342.2,M10,150.2032,-47.1348,Vel
R Vir,109914,295-2-1,399118541,6.1,145.63,M3.5IIIe-M8.5e,189.6247,+6.9886,Vir
S Vir,117833,4972-30-1,617248,6.3,375.1,M6IIIe-M9.5e,203.2505,-7.1947,Vir
T Vir,106430,,176939705,9.0,339.47,M6e,183.6528,-6.0358,Vir
U Vir,111691,297-308-1,380729865,7.4,206.64,M2e-M8e:,192.7739,+5.5532,Vir
V Vir,117045,4962-612-1,115019225,8.1,250.08,M3e-M6e,201.9506,-3.1730,Vir
Y Vir,,,130642986,8.3,218.43,M2e-M5e,188.4708,-4.4221,Vir
Z Vir,,,308261457,9.9,305.71,M5e,212.5892,-13.3041,Vir
RS Vir,126753,321-490-1,402184032,7.0,353.95,M6IIIe-M8e,216.8183,+4.6781,Vir
RU Vir,111166,293-629-1,380674933,9.0,433.2,"C8,1e(R3ep)",191.8267,+4.1448,Vir
SU Vir,104959,,86229163,8.4,208.6,M2e-M5.5e,181.3117,+12.3606,Vir
SV Vir,,5521-878-1,152720909,9.3,295.33,M4e,180.0867,-10.1848,Vir
SY Vir,,,119131209,9.6,236.65,M6:,209.6566,-4.5758,Vir
BZ Vir,,6115-349-1,25994229,9.5,150.92,M5e,195.1719,-17.6466,Vir
IO Vir,,,20036707,4.0,,,212.8234,-7.7472,Vir
PW Vir,,,1694828,9.5,255.2,M7e,195.7943,-16.0557,Vir
R Vol,,9186-461-1,391904434,8.7,453.6,C(N)e,106.4008,-73.0144,Vol
S Vol,,9191-1380-1,271811329,7.7,394.8,M4e,112.4399,-73.3789,Vol
T Vol,52905,8920-1363-1,177165772,9.7,175.0,M5II-IIIe,104.4497,-67.1238,Vol
AI Vol,,,300743063,2.04,511.0,C,116.2600,-71.3294,Vol
R Vul,200687,2173-93-1,283849290,7.0,136.73,M3e-M7e,316.0938,+23.8217,Vul
BD Vul,,2165-417-1,396845364,9.3,430.0,"C6-7,3e(Ne)",309.3243,+26.4870,Vul
OO Vul,,,357420623,7.4,365.0,M9,290.2627,+20.0423,Vul
OW Vul,,,385587634,9.2,375.0,M6,290.6007,+20.0625,Vul
OX Vul,,,357689124,9.6,178.0,M9,290.6338,+19.8836,Vul
OZ Vul,,,358890763,9.8,350.0,M6,291.0864,+20.0071,Vul
V0371 Vul,,,,6.7,,,305.0913,+22.7301,Vul
V0442 Vul,,,,2.97,,,314.7900,+27.4441,Vul
