name,z,vmag,band,ra_deg,dec_deg,constellation
PHL 2525,0.2,15.49,V,0.1017,-12.7633,Cet
PKS 0002-478,0.88,15.88,R,1.1487,-47.6050,Phe
RXS J00066+4342,0.166,14.62,V,1.6525,+43.7081,And
4C 25.01,0.284,15.9,O,4.9158,+26.0478,And
A 0021+25,0.067,15.06,V,6.0392,+25.4189,And
Q 0022-2044,0.17,15.6,V,6.2850,-20.4597,Cet
RXS J00281+3103,0.5,15.22,V,7.0446,+31.0628,And
PG 0026+12,0.145,15.41,V,7.3075,+13.2681,Psc
PKS 0027+056,1.317,15.92,V,7.4412,+5.9111,Psc
NPM1G-13.0021,0.076,14.56,V,7.6675,-13.3581,Cet
SNU J00326-0910,0.092,15.28,V,8.1525,-9.1736,Cet
RXS J00340-3354,0.118,15.04,V,8.5067,-33.9061,Scl
IRAS 00333-8156,0.127,15.2,O,8.6925,-81.6664,Hyi
HE 0035-2521,0.542,15.9,*,9.5350,-25.0869,Scl
PKS 0038-512,0.608,15.8,O,10.1587,-50.9656,Phe
2MASS J00413+2816,0.194,15.9,V,10.3279,+28.2778,And
NPM1G-22.0017,0.063,13.24,V,10.3837,-22.6439,Cet
RXS J00434-1655,0.331,15.6,O,10.8533,-16.9328,Cet
Q 0043-2923,0.9,14.9,O,11.4504,-29.1158,Scl
RXS J00508+3536,0.058,14.6,V,12.7112,+35.6119,And
NPM1G-15.0040,0.091,14.65,V,12.8233,-14.7975,Cet
I Zw   1,0.061,14.03,V,13.3954,+12.6933,Psc
RXS J00537+2232,0.148,15.8,V,13.4425,+22.5394,And
PG 0052+251,0.155,15.43,V,13.7175,+25.4275,Psc
RXS J00561+2548,0.15,14.9,V,14.0325,+25.8006,Psc
RXS J00569-7513,0.074,15.04,V,14.2296,-75.2311,Tuc
TON S180,0.062,14.41,V,14.3342,-22.3822,Cet
Q 0056-363,0.165,15.2,*,14.6558,-36.1014,Scl
PKS 0101-649,0.163,14.92,R,15.8904,-64.6519,Tuc
RXS J01105-1648,0.78,15.6,V,17.6462,-16.8083,Cet
RXS J01149-4224,0.124,15.0,O,18.7408,-42.4133,Phe
RXS J01177+3637,0.106,15.67,V,19.4404,+36.6208,And
RXS J01199-2010,0.81,15.76,V,19.9833,-20.1731,Cet
PG 0117+213,1.5,15.8,O,20.0721,+21.5631,Psc
TON S210,0.117,15.19,V,20.4650,-28.3492,Scl
F   9,0.046,13.83,V,20.9408,-58.8058,Tuc
NPM1G-12.0057,0.068,14.93,V,21.2012,-11.9692,Cet
RXS J01278-2650,0.109,14.92,V,21.9592,-26.8447,Scl
HE 0126-3045,0.475,15.9,O,22.1033,-30.4950,Scl
IRAS 01267-2157,0.093,14.52,*,22.2946,-21.6992,Cet
Q 0128-2150,1.9,15.57,V,22.7729,-21.5794,Cet
NGC  612,0.03,13.2,V,23.4908,-36.4933,Scl
RXS J01353-2923,0.699,15.7,O,23.8342,-29.3992,Scl
MS 01360-5614,0.086,15.5,V,24.4771,-55.9878,Eri
RXS J01483-2758,0.121,15.54,V,27.0925,-27.9731,For
IRAS 01475+3554,0.08,15.3,V,27.6363,+36.1572,And
PHL 3953,0.151,15.11,V,28.6675,-27.1167,For
RXS J01550-0508,0.129,15.1,V,28.7621,-5.1428,Cet
HE 0153-4520,0.451,15.2,O,28.8050,-45.1033,Phe
87GB 01540+4105,0.081,13.8,V,29.2708,+41.3417,And
MARK 1014,0.163,15.87,V,29.9592,+0.3947,Cet
RXS J02006-1649,0.201,15.8,O,30.1554,-16.8189,Cet
KISSR 2166,0.352,15.67,V,30.7742,-3.8403,Cet
RX J02040+4005,0.072,12.13,R,31.0217,+40.0842,And
MARK  586,0.155,15.41,V,31.9575,+2.7153,Cet
HE 0210-2809,0.608,15.7,O,33.1333,-27.9178,For
2MASS J02156-1510,0.211,15.73,O,33.9100,-15.1700,Cet
SWIRE J02169-0324,0.137,15.48,V,34.2408,-3.4164,Cet
PKS 0219-164,0.698,15.0,V,35.5033,-16.2547,Cet
RXS J02282-4057,0.494,14.3,O,37.0633,-40.9544,Eri
Q 0226-1024,2.276,15.16,R,37.1633,-10.1861,Cet
RXS J02345-5203,0.137,14.79,V,38.6429,-52.0653,Hor
AO 0235+164,0.94,15.5,V,39.6621,+16.6167,Ari
RXS J02393-0001,0.261,15.48,V,39.8454,-0.0222,Cet
HE 0238-1904,0.631,15.0,O,40.1358,-18.8642,Cet
4U 0241+61,0.044,12.19,V,41.2400,+62.4683,Cas
NVSS J02454-1107,0.099,15.4,R,41.3537,-11.1211,Eri
HE 0246-4101,0.883,14.7,O,42.0258,-40.8097,Eri
Q J02499-5503,0.23,15.4,V,42.4942,-55.0556,Hor
RXS J02541-4137,0.146,14.76,V,43.5292,-41.6253,Eri
HE 0306-3301,0.247,15.8,O,47.0979,-32.8358,For
ESO 199-IG23,0.078,15.1,V,48.1287,-51.3447,Hor
CT 638,0.266,15.1,*,49.5271,-34.4436,For
XMM J03189-4416,0.14,15.9,V,49.7475,-44.2739,Eri
G 03158+4227 G2,0.134,15.79,V,49.8017,+42.6453,Per
MS 03180-1937,0.104,14.86,V,50.0883,-19.4419,Eri
MS 03215-6657,0.094,15.8,V,50.5587,-66.7850,Ret
HE 0329-2931,0.548,14.9,O,52.8117,-29.3528,For
IGR J03334+3718,0.055,13.5,V,53.3279,+37.3031,Per
IRAS 03335-5625,0.078,14.9,V,53.6992,-56.2536,Ret
NGC 1387,0.056,11.93,V,54.2379,-35.5067,For
RXS J03383-4510,0.119,14.97,V,54.5967,-45.1800,Hor
EUVE J0349-537,0.13,15.7,V,57.3687,-53.7464,Ret
CTS H27.03,1.541,15.7,O,57.7471,-52.6764,Hor
HE 0353-3919,1.001,15.6,O,58.7912,-39.1742,Eri
RXS J03552-5451,0.269,15.7,O,58.8054,-54.8658,Ret
RXS J03559-6104,0.227,15.8,O,58.9992,-61.0750,Ret
IRAS 03575-6132,0.047,14.2,V,59.5779,-61.4019,Ret
NPM1G-16.0168,0.031,10.16,R,60.2779,-16.1108,Eri
RXS J04014-0801,0.147,14.59,V,60.3596,-8.0333,Eri
HE 0406-5341,0.545,15.9,O,61.8162,-53.5519,Dor
PKS 0405-12,0.574,14.86,V,61.9521,-12.1933,Eri
RXS J04127-4712,0.132,15.9,V,63.1729,-47.2131,Hor
1WGA J0413.4+2343,0.309,15.6,V,63.3437,+23.7261,Tau
3C 110,0.773,15.94,V,64.3196,-5.8958,Eri
LB 1727,0.104,13.2,O,66.5033,-57.2003,Dor
RXS J04285-1734,0.205,15.6,O,67.1292,-17.5756,Eri
HE 0436-2614,0.69,15.1,O,69.5425,-26.1436,Eri
HE 0441-2826,0.155,14.4,O,70.8362,-28.3478,Eri
NPM1G-22.0111,0.076,14.94,V,71.0167,-22.4128,Eri
IRAS 04451-2702,0.114,15.7,O,71.7900,-26.9600,Eri
RXS J04479-0322,0.774,15.94,V,71.9783,-3.3786,Ori
IRAS 04505-2958,0.286,13.6,O,73.1254,-29.8931,Cae
SNU J04549+6949,0.14,15.2,R,73.7446,+69.8292,Cam
RXS J04588-1906,0.062,14.52,V,74.7108,-19.1011,Lep
HE 0502-2948,0.552,14.2,O,76.0792,-29.7442,Cae
4C 01.13,0.084,14.8,R,78.4683,+1.9528,Ori
HE 0515-4414,1.713,14.9,O,79.2817,-44.1822,Pic
RXS J05345-6016,0.057,14.46,V,83.6292,-60.2708,Pic
RXS J05363-5144,0.113,14.69,V,84.0887,-51.7356,Pic
RXS J05373-4443,0.099,14.19,V,84.3279,-44.7181,Pic
NVSS J05449-2651,0.134,15.7,R,86.2329,-26.8631,Lep
CTS H34.02,1.59,15.1,O,88.0017,-53.2122,Pic
PKS 0552-640,0.68,15.04,V,88.1025,-64.0364,Dor
SNU J05547+6620,0.186,14.5,R,88.6967,+66.3453,Cam
IRAS 05558-5008,0.355,15.9,O,89.2675,-50.1394,Pic
CTS H34.03,0.097,15.8,V,89.3108,-53.9539,Pic
PKS 0558-504,0.137,14.97,V,89.9475,-50.4475,Pic
IRAS 06115-3240,0.05,14.1,V,93.3367,-32.6983,CMa
IRAS L06229-6434,0.129,14.8,V,95.7821,-64.6053,Dor
SNU J06239+0018,0.094,14.8,R,95.9800,+0.3119,Mon
HS 0624+6907,0.37,14.16,V,97.5108,+69.0842,Cam
PKS 0637-75,0.651,15.75,V,98.9437,-75.2714,Men
SNU J06368-0810,0.233,15.7,R,99.2187,-8.1800,Mon
SNU J06441+3546,0.077,14.3,R,101.0454,+35.7789,Aur
SNU J06489+3522,0.119,15.8,R,102.2350,+35.3683,Aur
NPM1G+41.0135,0.022,9.37,R,103.7917,+41.0028,Aur
MS 07007+6338,0.152,14.51,V,106.3725,+63.5592,Cam
VII Zw 118,0.079,14.61,V,106.8046,+64.5997,Cam
SNU J07102+1315,0.141,15.8,R,107.5604,+13.2597,Gem
SNU J07122+1539,0.166,15.3,R,108.0650,+15.6583,Gem
B2 0709+37,0.487,15.49,V,108.2892,+36.9353,Aur
KUV 07232+3706,0.19,15.8,V,111.6475,+37.0006,Aur
HS 0727+6205,0.325,15.54,V,113.0779,+61.9850,Cam
B2 0742+31,0.462,15.97,V,116.4233,+31.7156,Gem
SDSS J07464+2449,2.979,15.46,V,116.6075,+24.8169,Gem
RXS J07466+6540,0.262,15.8,V,116.6237,+65.6694,Cam
2MASS J07491+5552,0.124,14.7,R,117.3021,+55.8758,Lyn
IRAS 07483+0328,0.099,15.2,V,117.7533,+3.3444,CMi
B3 0754+394,0.096,14.36,V,119.5004,+39.3414,Lyn
IRAS 08045+6301,0.07,14.6,V,122.2192,+62.8772,Cam
PG 0804+761,0.1,14.71,V,122.7437,+76.0453,Cam
RXS J08252+6011,0.12,15.8,V,126.3033,+60.1986,UMa
1WGA J0827.6+0942,0.26,15.5,V,126.9175,+9.7022,Cnc
APM 08279+5255,3.911,15.2,R,127.9233,+52.7550,Lyn
IRAS 08311-2459,0.1,14.7,V,128.3363,-25.1597,Pyx
US 1329,0.254,15.77,V,129.2454,+44.4339,Lyn
PKS 0837-12,0.198,15.76,V,129.9608,-12.2428,Hya
PG 0844+349,0.064,14.5,V,131.9271,+34.7514,Lyn
IRAS F08464+5043,0.2,15.6,V,132.5158,+50.5419,UMa
RXS J08590+4846,0.083,15.31,V,134.7621,+48.7692,UMa
IRAS 09149-6206,0.057,13.55,V,139.0396,-62.3247,Car
NVSS J09253-1019,0.077,14.3,I,141.3496,-10.3317,Hya
PG 0923+201,0.19,15.89,V,141.4779,+19.9011,Leo
PG 0931+437,0.456,15.93,V,143.7608,+43.5197,UMa
IRAS 09415-0137,0.112,14.9,I,146.0412,-1.8542,Sex
PG 0953+415,0.239,15.32,V,149.2179,+41.2564,LMi
3C 232,0.53,15.78,V,149.5871,+32.4006,Leo
SDSS J10018+1441,2.118,15.73,V,150.4554,+14.6897,Leo
PKS 0959-443,0.837,15.1,O,150.5004,-44.6319,Vel
FBS 0959+685,0.773,15.92,V,150.7783,+68.2211,UMa
PG 1004+130,0.24,15.68,V,151.8592,+12.8156,Leo
HE 1007-1405,0.583,15.94,*,152.4262,-14.3417,Hya
HE 1015-1618,0.247,15.78,*,154.5654,-16.5525,Hya
TON   34,1.918,15.69,V,154.9858,+27.7339,Leo
IRAS 10227-8251,0.086,14.9,R,155.3954,-83.1133,Cha
1WGA J1026.4+6746,1.178,15.0,V,156.6417,+67.7700,UMa
RXS J10279-0647,0.116,14.35,V,156.9946,-6.7989,Sex
HE 1029-1401,0.086,13.86,V,157.9767,-14.2811,Hya
CSO   50,0.56,15.64,O,158.0246,+32.6692,LMi
7C 1029+2813,0.085,14.3,V,158.0587,+27.9333,LMi
RXS J10374-1111,0.053,14.42,V,159.3512,-11.1989,Sex
RXS J10384-0806,0.216,15.67,V,159.6167,-8.1036,Sex
HS 1046+8027,0.115,15.03,V,162.6471,+80.1978,Dra
PG 1049-005,0.357,15.78,V,162.9646,-0.8547,Leo
HE 1050-2711,0.208,15.83,*,163.2133,-27.4544,Hya
RX J10528+5729,0.204,15.3,R,163.2200,+57.4833,UMa
HXMM J11034+3812,0.07,14.4,R,165.8579,+38.2028,UMa
3C 249.1,0.313,15.72,V,166.0575,+76.9828,Dra
HXMM J11053+3814,0.028,11.3,R,166.3417,+38.2339,UMa
CSO  314,0.51,15.89,V,166.4158,+34.4264,UMa
MC 1104+167,0.632,15.7,V,166.8129,+16.4675,Leo
HE 1106-2321,0.081,14.82,*,167.2212,-23.6364,Crt
PG 1116+215,0.177,14.72,V,169.7867,+21.3217,Leo
CG  825,0.04,13.19,V,170.2850,+34.9225,UMa
HE 1125-3028,0.673,15.89,*,171.8833,-30.7458,Hya
NVSS J11275-3757,0.057,12.98,V,171.8983,-37.9539,Cen
HE 1127-1924,0.918,15.62,V,172.3767,-19.6836,Crt
TGN172Z242,1.16,15.66,V,173.8958,-3.7339,Leo
RXS J11357-0937,0.102,14.91,V,173.9425,-9.6328,Crt
NVSS J11362-3745,0.032,12.6,V,174.0554,-37.7561,Cen
PG 1148+549,0.978,15.78,V,177.8354,+54.6258,UMa
CGRaBS J1154+1225,0.081,14.69,R,178.5433,+12.4194,Leo
4C 29.45,0.729,14.41,V,179.8829,+29.2458,UMa
SBS 1201+524,0.177,15.89,V,180.9487,+52.1306,UMa
GQ COM,0.165,15.6,V,181.1754,+27.9033,Com
PG 1206+459,1.155,15.7,V,182.2417,+45.6767,UMa
HE 1211-1322,1.125,15.59,*,183.4429,-13.6478,Crv
PG 1211+143,0.082,14.19,V,183.5737,+14.0536,Com
PKS 1216-010,0.554,15.64,V,184.6458,-1.3317,Vir
MARK 1320,0.103,15.0,V,184.7867,-1.8081,Vir
PG 1216+069,0.334,15.65,V,184.8371,+6.6439,Vir
PKS 1217+02,0.24,15.97,V,185.0496,+2.0617,Vir
Q 1224-1116,1.979,15.4,V,186.8537,-11.5597,Vir
B2 1225+31,2.219,15.87,V,187.1033,+31.4772,CVn
3C 273.0,0.158,12.85,V,187.2779,+2.0522,Vir
NVSS J12308-2745,0.132,15.8,R,187.7075,-27.7606,Hya
RX J12308+0115,0.118,14.42,V,187.7083,+1.2558,Vir
FBS 1229+710,0.208,15.66,V,187.9021,+70.7372,Dra
RXS J12403-0349,0.09,15.0,V,190.0800,-3.8222,Vir
HE 1244-1819,1.041,15.8,O,191.7996,-18.5997,Crv
PG 1247+268,2.042,15.92,V,192.5237,+26.5186,Com
KUV 12491+2932,1.16,15.97,V,192.8700,+29.2572,Com
3C 278,0.016,11.6,V,193.6504,-12.5633,Crv
NPM1G+78.0053,0.043,12.9,V,193.7825,+78.6208,Cam
CGRaBS J1256-2155,0.129,15.9,R,194.1062,-21.9222,Crv
PG 1259+593,0.472,15.89,V,195.3037,+59.0353,UMa
NVSS J13037-2414,0.127,15.7,R,195.9275,-24.2447,Hya
PKS 1302-102,0.286,15.23,V,196.3875,-10.5556,Vir
FIRST J13062+3915,0.447,15.71,V,196.5554,+39.2572,CVn
IRAS 13049+3437,0.222,15.0,V,196.8242,+34.3561,CVn
PG 1307+085,0.155,15.89,V,197.4458,+8.3297,Vir
B2 1308+32,0.997,15.24,V,197.6196,+32.3456,CVn
PG 1309+355,0.184,15.64,V,198.0737,+35.2556,CVn
HS 1312+7837,2.0,15.84,V,198.3392,+78.3647,Cam
CTS R13.07,0.43,15.52,*,199.4367,-14.2822,Vir
CSO  873,1.014,15.98,V,199.9837,+27.4694,Com
PG 1322+659,0.168,15.84,V,200.9567,+65.6967,Dra
IRAS 13224-3809,0.065,13.8,O,201.3300,-38.4150,Cen
NVSS J13291-2238,0.125,15.9,R,202.2808,-22.6353,Vir
IRAS 13349+2438,0.107,15.0,V,204.3283,+24.3844,Boo
NVSS J13376-3558,0.123,15.5,R,204.4212,-35.9672,Cen
NVSS J13382-2542,0.113,15.7,R,204.5617,-25.7031,Hya
SBS 1345+592,0.768,15.74,V,206.8308,+59.0425,UMa
CGRaBS J1349-1110,0.141,15.85,R,207.2633,-11.1667,Vir
PG 1351+64,0.087,14.28,V,208.3154,+63.7628,Dra
SDSS J13583+0213,0.957,15.88,V,209.6000,+2.2286,Vir
PKS 1355-41,0.313,15.86,V,209.7508,-41.8814,Cen
CSO  409,0.32,15.76,V,211.1617,+43.4522,CVn
PG 1402+261,0.165,15.34,V,211.3175,+25.9261,Boo
PG 1407+265,0.945,15.74,V,212.3496,+26.3058,Boo
PG 1411+442,0.089,14.01,V,213.4512,+44.0039,Boo
CTS M16.11,0.236,15.71,*,214.2329,-25.4039,Hya
IGR J14175-4641,0.076,14.5,V,214.2650,-46.6947,Cen
RXS J14183-2111,0.108,14.13,V,214.5808,-21.1867,Vir
WENSS 1416+380,0.135,14.5,V,214.6571,+37.7731,Boo
B 1422+231,3.62,15.84,V,216.1587,+22.9336,Boo
MARK  813,0.111,15.27,V,216.8542,+19.8308,Boo
B2 1425+26,0.366,15.68,V,216.8987,+26.5372,Boo
MARK 1383,0.086,14.87,V,217.2771,+1.2844,Vir
NVSS J14334-3637,0.078,13.96,V,218.3679,-36.6219,Cen
HE 1434-1600,0.144,15.55,*,219.2075,-16.2281,Lib
Q 1435-0134,1.31,15.78,V,219.4508,-1.7864,Vir
MARK  478,0.077,14.58,V,220.5312,+35.4397,Boo
PG 1448+273,0.065,15.01,V,222.7867,+27.1575,Boo
WPVS 95,0.028,12.3,O,222.8875,-36.4322,Cen
IRAS 14459-8248,0.114,14.3,O,223.6775,-83.0161,Aps
WPVS 97,0.035,12.0,O,223.9708,-35.8061,Cen
RXS J14574+0834,0.167,15.0,V,224.3708,+8.5728,Boo
CGRaBS J1459-1810,0.235,13.14,R,224.8700,-18.1792,Lib
CTS J17.17,0.114,15.9,V,225.6971,-19.1244,Lib
2MASS J15168+1900,0.19,15.8,V,229.2217,+19.0133,Ser
MCG +11.19.005,0.044,13.9,V,229.8400,+65.5778,UMi
SDSS J15219+5202,2.208,15.7,V,230.4854,+52.0439,Boo
MS 15198-0633,0.083,14.9,*,230.6200,-6.7447,Lib
PG 1538+477,0.772,15.81,V,234.8950,+47.5919,Boo
PKS 1538+082,0.125,15.92,R,235.1225,+8.0850,Ser
TEX 1601+160,0.109,13.97,V,240.9083,+15.9008,Her
HS 1603+3820,2.51,15.99,V,241.2308,+38.2003,CrB
MARK  876,0.129,15.49,V,243.4883,+65.7194,Dra
MARK  877,0.114,15.39,V,245.0467,+17.4078,Her
HS 1626+6433,2.32,15.8,V,246.6900,+64.4486,Dra
PG 1626+554,0.132,15.68,V,246.9842,+55.3756,Dra
NGC 6166,0.03,12.78,V,247.1596,+39.5514,Her
RXS J16316+5838,0.141,15.8,V,247.9171,+58.6322,Dra
RXS J16325+7359,0.208,15.14,V,248.1442,+73.9953,Dra
HS 1630+2355,0.822,15.67,V,248.2612,+23.8244,Her
PG 1634+706,1.337,15.27,O,248.6208,+70.5258,Dra
7C 1636+7134,0.171,15.84,V,248.9675,+71.4817,Dra
PG 1700+518,0.292,15.12,V,255.3542,+51.8222,Dra
RXS J17025+3247,0.164,15.98,V,255.6296,+32.7889,Her
3C 351.0,0.371,15.4,V,256.1729,+60.7411,Dra
RXS J17061+7239,0.123,14.73,V,256.5546,+72.6561,Dra
HS 1710+6753,0.41,15.94,V,257.4737,+67.8311,Dra
PG 1718+481,1.083,14.6,V,259.9096,+48.0703,Her
87GB 17174+0820,1.185,15.8,R,259.9675,+8.2842,Oph
B2 1721+34,0.206,15.46,V,260.8367,+34.2997,Her
RXS J17282+7253,0.229,15.85,V,262.0729,+72.8897,Dra
PDS 456,0.184,14.03,V,262.0829,-14.2656,Ser
RX J17295+5230,0.278,15.96,O,262.3979,+52.5131,Dra
RXS J17366+7205,0.094,14.3,V,264.1554,+72.0922,Dra
SWIFT J17454+2906,0.11,14.2,V,266.4096,+29.1394,Her
IRAS 17490+2659,0.145,15.8,O,267.7729,+26.9839,Her
IRAS 17500+5046,0.3,14.96,V,267.8196,+50.7603,Dra
IPC 17549+6521,0.081,15.5,V,268.7725,+65.3328,Dra
NVSS J17586-0303,0.088,14.5,V,269.6721,-3.0664,Ser
S5 1803+78,0.68,15.9,O,270.1904,+78.4681,Dra
IRAS 17596+4221,0.053,14.5,V,270.2879,+42.3622,Her
KAZ 102,0.136,15.78,V,270.8704,+67.6361,Dra
RX J18040+0042,0.07,13.8,R,271.0371,+0.7061,Oph
PKS 1806-458,0.07,13.11,R,272.4912,-45.8781,Tel
IRAS 18130+5703,0.059,13.6,O,273.4500,+57.0689,Dra
HS 1817+5342,0.08,15.2,O,274.5433,+53.7294,Dra
KUV 18217+6419,0.297,14.24,V,275.4883,+64.3433,Dra
PGC 61965,0.123,15.5,V,277.5971,+73.2194,Dra
NPM1G+27.0587,0.062,14.34,O,283.2662,+27.8411,Lyr
IRAS 18508-7815,0.161,15.7,O,284.6442,-78.1978,Oct
NVSS J19015-3911,0.058,13.3,I,285.3800,-39.1906,CrA
SNU J19353+5314,0.248,15.8,R,293.8383,+53.2367,Cyg
NVSS J19425-0931,0.086,14.07,V,295.6429,-9.5267,Aql
87GB 19483+5033,1.929,15.5,R,297.4312,+50.6922,Cyg
NVSS J20021-3342,0.05,13.96,O,300.5475,-33.7028,Sgr
4C 74.26,0.104,15.13,V,310.6554,+75.1339,Cep
MARK  509,0.035,13.12,V,311.0404,-10.7233,Aqr
PKS 2049+175,0.195,14.41,R,312.8983,+17.7267,Del
ESO 235-IG26,0.051,13.6,V,314.8050,-52.0056,Ind
RXS J20593-3147,0.074,14.2,V,314.8367,-31.7931,Mic
SDSS J21000-0711,0.6,15.33,V,315.0054,-7.1931,Aqr
RXS J21015-4059,0.084,14.35,V,315.4000,-40.9975,Mic
NPM1G-05.0589,0.058,14.56,V,315.9079,-4.9278,Aqr
RXS J21079-3754,0.049,14.26,V,316.9992,-37.9025,Mic
GB6 B2107+3520,0.202,14.7,R,317.3825,+35.5492,Cyg
RXS J21127-3840,0.143,14.97,V,318.1875,-38.6714,Mic
PG 2112+059,0.457,15.77,V,318.7192,+6.1283,Equ
RXS J21158-1041,0.062,14.51,V,318.9637,-10.6894,Aqr
IRAS 21219-1757,0.113,14.5,V,321.1737,-17.7461,Cap
FIRST J21331+0125,0.75,15.51,V,323.2821,+1.4181,Aqr
PKS 2135-14,0.2,15.53,V,324.4383,-14.5486,Cap
FIRST J21398-0804,0.051,13.39,V,324.9625,-8.0817,Aqr
IRAS F21382-2659,0.129,14.6,V,325.2929,-26.7642,PsA
RXS J21435-2504,0.11,15.03,V,325.8946,-25.0686,PsA
OX 169,0.211,15.73,V,325.8979,+17.7303,Peg
IRAS 21431-0432,0.103,15.7,V,326.4408,-4.3011,Aqr
RXS J21470-2143,0.086,14.72,V,326.7508,-21.7233,Cap
CTS C10.20,1.51,15.6,O,327.4583,-44.7350,Gru
1WGA J2153.3-1513,0.078,14.7,V,328.3296,-15.2367,Cap
RXS J21548-4414,0.344,15.8,V,328.7125,-44.2347,Gru
PHL 1811,0.192,13.9,V,328.7558,-9.3733,Cap
HS 2154+2228,1.29,15.3,O,329.1971,+22.7139,Peg
RXS J21592+0952,0.1,15.52,V,329.8017,+9.8783,Peg
MS 21595-5713,0.084,15.5,V,330.7308,-56.9939,Ind
Q 2200-1816,1.16,15.3,O,330.7983,-18.0283,Aqr
B2 2201+31A,0.298,15.58,V,330.8121,+31.7606,Peg
CGRaBS J2204+3632,0.073,12.88,R,331.0879,+36.5436,Peg
RXS J22134-6455,0.071,14.51,V,333.3733,-64.9194,Tuc
XMS J22160-1743,1.849,15.6,R,334.0129,-17.7214,Aqr
XMS J22160-1752,1.319,15.6,R,334.0196,-17.8717,Aqr
RXS J22169-4451,0.136,15.1,O,334.2208,-44.8658,Gru
MARK  304,0.067,14.66,V,334.3008,+14.2392,Peg
NVSS J22233-0856,0.084,14.8,R,335.8387,-8.9414,Aqr
RXS J22418-4405,0.545,15.8,V,340.4804,-44.0828,Gru
IRAS 22419-6049,0.113,15.4,V,341.2975,-60.5653,Tuc
RXS J22453-4652,0.201,14.8,V,341.3350,-46.8700,Gru
RXS J22481-6803,0.096,14.63,V,342.0392,-68.0539,Ind
2RE J2248-510,0.102,15.43,V,342.1717,-51.1650,Gru
KUV 22497+1439,0.135,15.93,V,343.0333,+14.9136,Peg
MR 2251-178,0.064,14.36,V,343.5246,-17.5819,Aqr
PKS 2251+11,0.325,15.82,V,343.5437,+11.6106,Peg
Q 2252-2434,0.147,15.93,*,343.8542,-24.3083,Aqr
RXS J22583-0707,0.215,15.8,V,344.5775,-7.1189,Aqr
RXS J22593-5035,0.096,14.17,V,344.8446,-50.5919,Gru
RXS J23008-5545,0.142,15.05,V,345.2167,-55.7625,Gru
RXS J23018-5508,0.14,15.6,O,345.4667,-55.1419,Gru
PG 2302+029,1.052,15.8,V,346.1875,+3.1961,Psc
2E 2304-2258,0.193,15.3,O,346.9075,-22.7178,Aqr
RXS J23236+0908,0.068,14.8,V,350.9125,+9.1475,Peg
RXS J23259+2153,0.12,15.9,V,351.4771,+21.8878,Peg
HE 2336-5540,1.354,15.67,V,354.8054,-55.3969,Phe
PKS 2344+09,0.673,15.97,V,356.6542,+9.5125,Peg
RXS J23529+0320,0.086,14.3,V,358.2417,+3.3378,Psc
PKS 2354-35,0.049,13.9,V,359.2529,-34.7592,Scl
RXS J23578+1324,0.115,15.8,V,359.4742,+13.4025,Peg
RXS J23599+0833,0.084,15.4,V,359.9971,+8.5650,Psc
