css,names,hd,tyc,tic,vmag,sptype,ra_deg,dec_deg,constellation
3,"310(Ma), -63:1, Henun 1, S 3",310,8840-1709-1,355738164,8.0,"S3,1(Henun)",1.9071,-62.3264,Tuc
12,"4350(Md), +47:194, U Cas, S 11",4350,,240775517,8.0,S5/3e(KB),11.5892,+48.2450,Cas
14,"4489(Md), RW And, Ste(M8h!),S 13",4489,2280-81-1,267942318,7.9,S6/2e(KB),11.8287,+32.6886,And
17,"4895(Md), Vys 8(S5e),RR And,S 15",4895,,53700749,8.4,S6/3e(KB),12.8479,+34.3775,And
20,"5840(Mb), Ste(MS), V365 Cas,S 17",5840,3676-1346-1,312854670,8.0,S6/3(KB),15.2212,+56.6128,Cas
22,Ste,6409,1199-679-1,243170364,7.8,M2wkS(Ste),16.3008,+19.1975,Psc
26,"7351(Ma), +27:196, HR 363, S 20",7351,1753-2053-1,16881755,6.6,S3/2(KB),18.5183,+28.5300,Psc
28,"7769(Pec), +71:66, S Cas, S 21",7769,,468717173,7.9,"S4,6e(K)",19.9254,+72.6114,Cas
36,"RZ Per, Ste(S!rr), S 27",,3277-1001-1,308215509,8.7,S6/8e(KB),22.4275,+50.8567,Per
45,"+21:255, Dol 70b, BidK, S 33",,1212-468-1,91357052,8.6,S3/1(KB),28.5825,+21.8897,Ari
46,"+54:471, MSB, S 34",,3685-131-1,250452470,9.0,S6/1(KB),30.3612,+52.5511,Per
49,"14028(Md), +43:461a, W And, S 36",14028,2842-951-1,292938814,6.7,S7/1e(KB),34.3875,+44.3056,And
52,"+31:392, Vys 9, SU Tri, S 39",,2310-1472-1,402373399,9.0,S4/1(KB),34.5433,+31.7478,Tri
57,"Vys 15(S4), BI And, S 43",,2831-1262-1,129914176,9.7,S8/4 var(KB),36.4762,+38.1231,And
79,"22649(Ma), +62:597,HR 1105, S 60",22649,4066-1732-1,392486056,5.1,S4/2(KB),55.5392,+63.2236,Cam
81,"Ste, Nass54(M2r), S 61",,3717-706-1,428688015,10.0,MSwk,56.7783,+53.0650,Cam
82,"MSB 5, WX Cam, Ste(S!), S 62",,3717-478-1,428807627,10.0,S5/6(KB),57.2662,+53.1842,Cam
87,"+24:620, Vys, Ste(Swk)",283350,1818-1043-1,348869833,9.7,S3/3(KB),61.5187,+24.7125,Tau
89,Ste,26816,1815-198-1,56653225,8.2,,63.8496,+24.0700,Tau
94,"-2:891, Vys, Ste(M1wkS), S 69",,4730-446-1,248615595,9.3,S2/2(KB),66.0908,-2.5325,Eri
102,"+12:611,  D 808(S?), S 74",286892,677-672-1,245871161,10.0,S6/1(KB),68.9208,+12.6567,Tau
103,"29147(Pec),+65:422a, T Cam, S 75",29147,4090-1730-1,281274850,7.3,S6/5e(KB),70.0367,+66.1467,Cam
104,"29704(Mb), Henun 3, S 76",29704,7039-683-1,170803464,8.5,S:(Henun),69.8483,-30.4536,Eri
109,Ste,,,423482022,9.3,,71.2842,-23.8533,Eri
110,"Ste, S 81",,,187202523,9.9,Swk(Ste),72.5367,+37.2444,Aur
114,"30959(Ma), K(M3S), CSV 448, S 84",30959,696-1788-1,436667049,5.2,S3/1 = M3S(KB),73.1312,+14.2514,Ori
118,"+42:1159, Ste(Swk), S 88",277477,2903-1690-1,261144436,9.3,S2/2(KB),76.3029,+42.3122,Aur
131,"Vys 3(S4), RZ Lep, S 96",34738,5914-89-1,408191749,8.3,S4/4(KB),79.6917,-22.2108,Lep
133,"35155(Pec), Ste(S), S 98",35155,5332-1598-1,24603068,7.0,"S4,1(K)",80.5767,-8.6678,Ori
137,"Ste, S 100",,,429129069,10.0,,81.3829,+28.1878,Tau
149,"37536(Ma), +31:1049, Ste, S 110",37536,2408-1775-1,116342134,6.7,M2S(Ste),85.1746,+31.9214,Aur
152,Ste,233158,3372-809-1,311223968,9.3,,85.7396,+52.2181,Aur
156,"+5:1000, BidMac, S 113",246818,123-572-1,199918142,9.6,,85.7800,+5.0975,Ori
168,Z Tau,,,247922816,9.2,"S7.5,1e(K66)",88.1046,+15.7953,Tau
174,"40101(Mb), -28:2562",40101,6503-1173-1,33104115,7.8,S(Catchp),88.8975,-28.9511,Col
175,"Ste, S 123",,,353302279,9.9,S!(Ste),89.8512,+35.1339,Aur
176,"-10:1334, BidMac, Ste, S 124",,5352-921-1,67264105,9.0,Sr(Ste),89.7792,-10.8733,Mon
178,"40706(K0), Henun 7, S 125",40706,7598-1510-1,20145155,9.0,"S2,1(Henun)",89.6946,-38.0761,Col
184,MacCon79,,,11900774,10.0,S5*3(MacCon79),90.9921,-3.9686,Ori
197,42537(Ma),42537,8521-145-1,219194395,8.6,S(Houk),92.0796,-52.5342,Pic
204,"-60:1381, Henun 9, S 142",,8893-1536-1,150145592,10.0,"S3,3(Henun)",93.0546,-60.9617,Pic
207,MacCon82,,136-782-1,265355110,9.6,S4*4(MacCon82),94.3037,+1.9803,Ori
219,"+15:1200, Vys, S 149",,1328-815-1,438308601,9.9,S4/2(KB),96.7692,+15.8936,Gem
224,MacCon82,,5960-2520-1,47773094,10.0,S5*3(MacCon82),98.0296,-20.8264,CMa
233,"+2:1307, MacCon79(S3*2)",288833,150-1861-1,281247200,9.2,S3/2(KB),99.0500,+1.9569,Mon
247,"262427(K7), Perr59(S), S 168",262427,1897-618-1,84365772,9.9,,100.8483,+25.7617,Gem
254,MacCon82,,5949-2636-1,322739963,9.2,S4*2(MacCon82),101.1183,-16.7153,CMa
260,"49368(Ma), MSB, NassSte, S 179",49368,156-1-1,234265351,8.5,S3/2(KB),102.0950,+5.5431,Mon
265,"49683(Mc), Vys 5, Sndlk, S 184",49683,5958-2261-1,299738361,9.1,M4S(K),102.2108,-20.4236,CMa
283,"51610(Pec), R Lyn, S 197",51610,3771-416-1,14339761,7.2,S5/5e(KB),105.3246,+55.3339,Lyn
291,MacCon82,,5971-2419-1,80038109,10.0,S4*2(MacCon82),105.0546,-20.5567,CMa
300,MacCon82,,5971-1203-1,80638439,10.0,S3*3(MacCon82),105.7979,-19.7992,CMa
306,"-3:1731, MacCon79",296266,4822-561-1,177812814,9.6,S4*1(MacCon79),106.5454,-3.8428,Mon
307,"53791(Pec), R Gem, S 206",53791,1896-1929-1,437025062,6.0,S5/5(KB),106.8379,+22.7047,Gem
326,"56567(Md), RR Mon, S 217",56567,,320737433,8.4,M7Se:(K66),109.3833,+1.0944,Mon
332,"-10:1977, MacCon79",,5399-2402-1,318548394,10.0,S3*1(MacCon79),109.7312,-11.2342,CMa
333,MacCon82,,,430423097,9.2,S3*3(MacCon82),109.8908,+4.0442,CMi
335,"57056(Mb), -11:1885, Ste, S 221",57056,5403-453-1,318791268,9.1,MS(Ste),109.8154,-11.4597,CMa
344,"NassSte(S), Ste65(C-S), S 227",,5396-3840-1,187860467,10.0,S4/6(KB),111.2650,-8.2911,Mon
359,"-53:1875, Henun 22, S 239",,8551-1402-1,445260011,10.0,S:(Henun),112.1067,-53.6236,Car
360,"Ste, S 240",,5404-1182-1,6611384,9.9,,112.9042,-11.2714,Pup
365,"-2:2184, MacCon79",,4834-1169-1,178149465,10.0,S4*3(MacCon79),113.6521,-2.3761,Mon
382,"61913(Mb), CSV 1107, S 254",61913,790-1430-1,16276037,5.8,M3S(K),115.5142,+14.2164,Gem
388,"MacCon79, Sndlk(M[S])",,5988-3036-1,140022470,9.9,S3*2(MacCon79),115.5662,-19.8450,Pup
396,"-2:2267, MacCon79",,4835-1838-1,68136621,10.0,S1.5*2(MacCon79),116.2117,-2.7456,Mon
401,"SteTerr(M4e=lpv), Ste(M3,e!)",,4836-1821-1,68421212,9.5,S5*4(MacCon79),117.0025,-2.5947,Mon
403,"63334(Pec), T Gem, Ste, S 261",63334,,62977117,8.0,S4/4e(KB),117.3258,+23.7339,Gem
408,MacCon79,,7118-1025-1,130799950,10.0,S6*1(MacCon79),116.9917,-37.2222,Pup
411,"63733(Rp), Sndlk, S 266",63733,5989-625-1,141599413,8.5,S4/3(KB),117.4408,-19.0058,Pup
416,"-4:2121, Ste(Swk)",64147,4840-242-1,122898856,9.2,S5/2(KB),118.1008,-5.1167,Mon
418,"+18:1769, Ste",64209,1367-2466-1,17814620,9.0,M3[wkS](Ste),118.3692,+17.7808,Gem
422,"64332(Mbp), NQ Pup, S 270",64332,5419-1968-1,36198337,7.6,S5/2(KB),118.2721,-11.6253,Pup
434,"65152(K5), BidMac, S 277",65152,8911-1496-1,382577618,7.3,"S1,1(Henun)",118.4654,-60.5803,Car
439,"-28:5192, MacCon79",,6566-402-1,130090735,10.0,S4*2(MacCon79),119.5708,-28.9756,Pup
447,"-71:435, Henun 35, S 285",,9188-665-1,306573785,10.0,"S1,1(Henun)",119.1108,-71.5383,Vol
448,"-31:5393, Henun 36, S 286",,7120-812-1,418894216,9.0,"S3,1(Henun)",120.3579,-31.7939,Pup
455,"-42:3841, MacCon79",,7667-259-1,79928453,10.0,S3:*4(MacCon79),120.9421,-43.1078,Pup
461,"-65:601, Henun 39, S 290",,8936-741-1,308453049,9.8,"S6,2(Henun)",120.6942,-65.8333,Vol
462,"-82:174, Catchp",,9506-455-1,323512158,9.4,,117.9029,-82.9886,Oct
465,"-50:3157, MacCon82",,8148-280-1,238495592,10.0,S4*3(MacCon82),121.6196,-50.9597,Vel
481,"-11:2295, MacCon82",,5434-1001-1,307390651,10.0,S4*4(MacCon82),124.0425,-11.9567,Pup
482,"-18:2247(?), MacCon82",,6005-304-1,218525572,9.2,S4*3(MacCon82),124.0413,-18.9806,Pup
484,"-18:1247, MacCon79",,6005-304-1,218525572,10.0,S4*2(MacCon79),124.1267,-18.9861,Pup
486,"-29:5858, MacCon79",,7122-61-1,146631039,9.6,S4*2(MacCon79),124.1429,-30.1000,Pup
494,"70276(Md), V Cnc, Ste(S!), S 305",70276,1382-592-1,6890829,7.5,S3/6e(KB),125.4283,+17.2842,Cnc
496,"-28:5875, MacCon79",,6568-922-1,271118411,9.2,S3*3(MacCon79),125.1425,-28.4314,Pup
500,"HR 3296, 70946(Ma), Catchp",70946,7661-3766-1,183611830,6.3,,125.8242,-38.2889,Pup
510,"-11:2366, MacCon82",,5436-2194-1,50893714,10.0,S0*3(MacCon82),127.1258,-11.8672,Hya
535,"-19:2490, MacCon82, Ste(M3S)",73649,6019-853-1,118427513,10.0,S4*2(MacCon82),129.7121,-20.1119,Pyx
540,"Wray 94, Sndlk, Henun 51, S 325",,8163-1081-1,93544365,9.2,"S6,8(Henun)",130.0996,-51.4436,Vel
542,"-38:4762, Wray 98, Sndlk, S 327",,7675-3118-1,181147127,9.6,"S4,6(Henun)",130.5621,-39.0669,Vel
554,"-21:2601, MacCon82",,6025-218-1,176561504,9.2,S3*3(MacCon82),132.3162,-21.8758,Pyx
559,"Henun 57, Wray 114, S 335",,8160-1345-1,145601289,9.0,"S4,2(Henun)",132.6496,-50.6269,Vel
565,MacCon82,,6572-633-1,410129141,10.0,S3*3(MacCon82),133.4654,-23.2011,Pyx
566,"+6:2063, D 2660(S?), S 336",,225-867-1,366659466,8.9,M3S(K),133.9012,+6.2019,Hya
577,"-25:6809, MacCon82",,6593-64-1,37644284,9.6,S4*2(MacCon82),135.4963,-26.2847,Pyx
588,"-33:5772, Henun 63, S 350",,7155-3188-1,18348949,9.7,"S4,1(Henun)",137.0787,-33.5378,Pyx
590,"-39:5211, MacCon79",,,192168048,9.6,S5*2(MacCon79),137.1237,-39.7233,Vel
591,"-28:6970, MSB 56, BidMac, S 352",,6598-437-1,38149398,9.4,S7/5e(KB),137.2942,-29.0025,Pyx
592,"-41:4839, Henun 65, S 353",,7685-1913-1,74283007,10.0,"S4,2(Henun)",137.2150,-41.9556,Vel
593,"-33:5803, Henun 66, S 354",,,18549672,9.8,"S5,2(Henun)",137.5475,-34.4242,Pyx
601,"-41:4947, MacCon79",,7686-3202-1,75631697,9.2,S3*2(MacCon79),139.1371,-42.1931,Vel
603,"-30:7391, MacCon82",,7152-1181-1,19355234,9.2,S5*3(MacCon82),139.3471,-30.6044,Pyx
611,"-81:302, Henun 67, S 360",,9407-134-1,309438158,9.3,"S3,1(Henun)",138.4825,-82.3047,Cha
612,"+69:524, Ste",,4376-1398-1,147563941,9.7,M4S(Ste),143.9000,+69.1564,UMa
616,"-64:338, MacCon79",,8949-534-1,361478673,9.2,S4*1(MacCon79),144.1333,-65.3864,Car
628,"Henun 71, Wray 157(CE), S 368",,8949-879-1,362333042,9.0,"S3,3(Henun)",145.6071,-64.5161,Car
646,"-32:6905, Henun 76, S 377",,7173-557-1,101497858,9.9,"S2,5(Henun)",149.2700,-32.9758,Ant
650,"Henun 77, S 378",,,133438390,10.0,"S4,2(Henun)",149.7954,-49.9622,Vel
652,"Sto IV-51(Se), Henun 78, S 379",,8182-76-1,36815457,9.6,"S5,8(Henun)",150.8750,-46.8219,Vel
658,"MacCon79, CSV 1556",,,,9.0,S0*5e(MacCon79),151.6983,-41.1211,Vel
667,"-30:8296, Henun 88, S 390",,7183-1534-1,71221044,9.1,"S5,2(Henun)",154.0329,-30.9983,Ant
671,"89272(K5), -48:5487, Catchp(S)",89272,8191-1575-1,219716387,8.3,,154.1958,-49.3492,Vel
672,"-54:3378, Henun 90, S 392",,8604-401-1,463634809,9.8,"S5,6(Henun)",154.3354,-54.8500,Vel
674,"Hen60(Swk), Ste73(C-S), S 393",,8956-3849-1,377880490,8.0,SC(CatchF),154.5425,-60.9942,Car
685,MacCon82,,8968-381-1,397259752,10.0,S5*2(MacCon82),157.7075,-67.3878,Car
693,"Henun 95, Wray 210(C), S 406",,8957-1033-1,461028835,9.6,"S4,2(Henun)",159.4604,-60.5736,Car
696,"92681(Mb), Henun 97, S 409",92681,8209-2801-1,300295060,8.8,"S5,2(Henun)",160.2604,-52.0892,Vel
706,"+11:2288, Ste",93902,849-918-1,393567689,9.3,M3S(Ste),162.6254,+10.3264,Leo
709,"-72:648, MacCon79",,9220-500-1,449732627,9.6,S2*2(MacCon79),162.6771,-72.7656,Car
711,MacCon79,,9212-1900-1,399425244,9.6,S2*2(MacCon79),163.6187,-69.2914,Car
712,"-10:3156, Ste",,5503-1014-1,148545117,9.3,M3S(Ste),164.0787,-10.8186,Crt
714,"95013(Mb), Henun 104, S 418",95013,8615-955-1,120863612,10.0,"S5,4(Henun)",164.3258,-53.1014,Vel
720,"95875(Ma), Henun 108, S 422",95875,8623-1635-1,305125581,9.4,"S3,3(Henun)",165.7196,-56.2717,Vel
722,"96360(Ma), +69:600, Ste",96360,4385-980-1,147939771,8.4,M3[Swk](Ste),166.9687,+68.3664,UMa
729,"97393(Ma), -31:8847, HR 4346",97393,7205-168-1,23384899,6.5,Swk(Catchp),168.0546,-32.4269,Hya
741,MacCon82,,8625-908-1,450961786,9.6,S4*3(MacCon82),170.0729,-56.2681,Cen
742,"Wray 232(SE), RY Car, S 430",,,468095433,9.8,"S7,8e(Henun)",170.0479,-61.8714,Car
748,MacCon79,,8959-1903-1,315717147,10.0,S3*2(MacCon79),171.3442,-61.4114,Cen
752,MacCon79,306456,8972-2067-1,316496018,9.6,S2*1(MacCon79),171.7258,-61.3703,Cen
755,"-60:3578, MacCon79",100052,8972-1720-1,317405092,8.7,S3*1(MacCon79),172.5412,-61.1531,Cen
766,"MacCon82,  -57:4131",301899,8639-2773-1,268475407,9.2,S5*3(MacCon82),177.0204,-57.8261,Cen
778,"104361(K5), Ste(MS), S 439",104361,8636-1543-1,398771267,9.2,"S3,3(Henun)",180.2342,-56.0911,Cru
785,MacCon79,,9231-742-1,312314174,10.0,S4*2(MacCon79),182.4287,-70.6750,Mus
786,MacCon79,,,334212079,10.0,S3*3(MacCon79),182.7962,-53.5467,Cen
787,BH Cru,,8641-1546-1,405237290,7.8,SC6/8e(KB),184.0421,-56.3092,Cru
790,"-49:7009, MacCon82",,8238-1401-1,15364600,10.0,S4*2(MacCon82),185.1650,-50.5133,Cen
796,"108759(Mb), -41:7219",108759,7765-2549-1,,5.9,Swk(Catchp),187.4892,-41.7364,Cen
803,"110813(Pec), S U Ma, S 452",110813,4162-785-1,159527362,7.4,S3/6e(KB),190.9842,+61.0931,UMa
804,"Henun 127, CSV 6957, S 453",110994,9521-302-1,383715654,6.7,"S5,1(Henun)",218.9179,-89.7714,Oct
807,"-42:7915, Henun 128, S 454",111374,7779-2349-1,,9.8,,192.3096,-43.0789,Cen
808,"-46:8238, Henun 129, S 455",,8249-1633-1,248108601,9.4,"S4,4(Henun)",193.3358,-47.1767,Cen
813,"-72:869, Henun 132, S 460",,9253-516-1,394042651,9.6,"S4,6(Henun)",197.7825,-73.1997,Mus
824,"-50:7894, Henun 137, S 467",,8273-694-1,241312526,9.1,,203.9762,-51.2119,Cen
826,"118685(Mb), Henun 138, S 468",118685,9251-1340-1,342898231,7.6,"S6,2(Henun)",205.2958,-71.8742,Mus
829,"-2:3726, Ste",119667,4970-1354-1,295680090,8.6,M1wkS(Ste),206.1871,-3.5372,Vir
832,"120179(Mb), Henun 140, S 472",120179,8668-369-1,207792130,8.2,"S3,1(Henun)",207.3125,-55.3817,Cen
836,"-2:3751, Ste",120832,4971-478-1,305805716,9.7,M3wkS(Ste),208.0054,-3.4797,Vir
839,"122434(Ma), Henun 143, S 476",122434,7811-2579-1,242168797,9.2,"S3,1(Henun)",210.7037,-41.9825,Cen
840,MacCon79,,,329216495,9.6,S4*3(MacCon79),211.3296,-61.3553,Cen
841,"-51:7960, MacCon82",,8276-80-1,329130729,9.6,S4*2(MacCon82),211.7917,-52.4769,Cen
844,MacCon79,,9017-931-1,448768584,10.0,S1*2(MacCon79),213.1787,-66.9597,Cir
848,MacCon79,,8690-504-1,262859793,9.2,S4*3(MacCon79),216.0354,-58.4339,Cen
853,"126320(Ma), MacCon79",126320,9006-867-1,386011248,7.8,S4*2(MacCon79),216.7721,-60.2897,Cen
855,"-2:3848, Ste",,4980-372-1,288028877,9.3,,216.9500,-3.0786,Vir
856,"127226(Md), R Cam, S 483",127226,4634-2021-1,158001237,7.9,S4/4e(KB),214.4621,+83.8325,Cam
864,"130859(Ma), Henun 149, S 486",130859,7820-365-1,160340357,9.6,"S4,2(Henun)",222.9204,-37.9797,Cen
866,"131169(Np), S Lup, S 487",131169,,455387899,8.0,Se(Merr),223.3596,-46.6156,Lup
867,"131217(Ma), Henun 150, S 488",131217,9020-1539-1,296107877,7.3,"S6,2(Henun)",223.7342,-61.0756,Cir
873,"Henun 154, S 492",,9266-453-1,403074421,10.0,"S4,2(Henun)",227.4892,-72.4686,Aps
874,"-44:9880, Catchp(S)",,7833-2290-1,160540924,9.4,,227.0517,-44.7353,Lup
879,MacCon79,,8694-664-1,125811691,10.0,S3*2(MacCon79),228.1658,-52.7864,Lup
908,Ste,143633,,49602068,9.7,M3wkS(Ste),240.5021,-11.2925,Sco
926,Ste,147923,3881-656-1,207462862,9.2,M2[S](Ste),245.4008,+56.8772,Dra
932,Ste,,394-37-1,276754306,9.7,,249.2625,+7.3722,Her
937,Ste,150922,5641-427-1,203481855,7.4,M2S(Ste),251.1762,-14.0781,Oph
938,Ste,151011,6225-645-1,73678669,7.7,Swk(Ste),251.3754,-19.1356,Oph
954,"Henun 172, RT Sco, S 514",153858,,346770392,7.0,"S7,2(Henun)",255.8800,-36.9206,Sco
964,"155819(K5), D 4244(S?), S 517",155819,411-972-1,347654786,8.7,"S(Bidun), M3(K)",258.4250,+5.7992,Oph
966,"Sndlk, Henun 206, S 518",,6245-1060-1,74003846,9.0,"S2,5(Henun)",259.2492,-21.9172,Oph
968,MacCon82,,5074-269-1,58964309,10.0,S4*4(MacCon82),259.5204,-5.2272,Oph
976,"Vys 17, FT Ser, Ste(S!), S 524",,,429682741,10.0,"S5,8(Henun)",260.4217,-14.6056,Ser
981,"+23:3093, Vys 11, Ste, S 527",,2074-1649-1,237109646,9.9,S3/3(KB),260.5296,+23.8189,Her
982,MacCon79,,7891-1595-1,217887930,9.6,S4*3(MacCon79),261.3671,-42.0556,Sco
994,"160379(Mb), Henun 179, S 531",160379,8729-2262-1,97292148,9.2,"S5,2(Henun)",265.6596,-53.9656,Ara
996,Ste,160522,5085-1003-1,180275876,8.2,S:(Ste),265.1279,-2.8675,Oph
1010,"163896(Ma), Wray 318(SE), S 537",163896,7378-1785-1,263921593,9.0,"S4,2(Henun)",269.9571,-30.3244,Sgr
1012,MacCon79,,5686-569-1,103077611,9.6,S4*2(MacCon79),269.7971,-14.6172,Ser
1013,"Nass64 4-4, S 540",,430-35-1,404572060,9.3,,270.1254,+0.5619,Oph
1014,"164392(K5), Henun 183, S 541",164392,9063-1182-1,411920704,8.6,,271.4092,-65.1650,Pav
1017,MacCon82,,438-864-1,382695121,10.0,S4*2(MacCon82),270.3062,+4.7339,Oph
1023,"165774(Ma), Henun 186, S 544",165774,7404-3021-1,330960059,8.3,"S4,6(Henun)",272.3250,-36.9689,Sgr
1024,"Nass64 4-5, Ste, S 545",,,17878753,10.0,,271.9583,+0.4694,Oph
1025,"165843(K5), Henun 187, S 546",165843,9290-176-1,387061225,8.5,"S2,1(Henun)",273.3462,-67.8136,Pav
1028,Ste,341663,1579-917-1,235603790,9.3,M2wkS(Ste),272.7212,+21.5694,Her
1031,Ste,167539,1567-1070-1,166410969,8.2,M4wkS(Ste),273.7721,+16.2614,Her
1053,"170970(Ma), DolJim(M7Se), S 561",170970,2636-435-1,289241104,7.6,S3/1(KB),277.6513,+36.2533,Lyr
1057,MacCon79,,7394-301-1,405206524,9.6,S4*3(MacCon79),278.7433,-30.1447,Sgr
1063,"S-WS 10, NassSte, S 570",,,174555899,10.0,,279.5500,-5.4278,Sct
1069,MacCon79,,,203646809,10.0,S1.5*2(MacCon79),280.3554,-6.8197,Sct
1070,"+6:3898, D 5027, V679 Oph, S 574",172804,459-548-1,449222140,9.0,S5/6(KB),280.4896,+6.8175,Oph
1077,MacCon79,,,146219179,10.0,S4*4(MacCon79),281.9167,-7.1347,Sct
1087,"Ste, TU Dra(M4e)",,,48216159,10.0,M6S(Ste),282.8742,+48.9122,Dra
1095,MacCon82,,6873-1131-1,377132358,10.0,S3*3(MacCon82),285.4437,-23.7181,Sgr
1096,"176592(Md), ST Sgr, S 586",176592,5715-1103-1,414242154,7.6,S6/3e(KB),285.3704,-12.7589,Sgr
1108,"Nass64 4-12, S 592",,,7302777,10.0,,288.1408,-1.5656,Aql
1115,"W Aql, NassSte, S 597",,5142-2895-1,125146283,7.8,S6/6e(KB),288.8487,-7.0486,Aql
1117,"180196(Pec), T Sgr, S 598",180196,6300-2353-1,130287244,7.7,S5/6e(KB),289.0600,-16.9697,Sgr
1126,MacCon79,,5713-256-1,98784431,9.2,S2*4(MacCon79),290.5358,-10.3458,Aql
1136,"Nass64 4-15, S 607",,469-985-1,136559982,10.0,,291.6662,+3.5667,Aql
1140,"-21:5435, MacCon82, Ste",184185,6310-1156-1,124759560,9.2,S3*4(MacCon82),293.5000,-20.9344,Sgr
1144,Ste,184833,5731-2008-1,242699172,9.3,M3wkS(Ste),294.1729,-11.3692,Aql
1150,"185456(S), R Cyg, S 616",185456,3564-982-1,27082559,6.5,S6/6e(KB),294.2046,+50.1997,Cyg
1151,"-20:5669, MacCon82, Ste",,6307-1593-1,68883964,9.5,S3*4(MacCon82),295.6987,-20.1947,Sgr
1165,"187796(Md), Chi Cyg, S 625",187796,2673-4643-1,83403878,3.3,S7/1.5e(KB),297.6408,+32.9142,Cyg
1170,"188339(K5), -38:13778",188339,7934-1093-1,300550436,6.6,Swk(Catchp),299.0454,-38.3200,Sgr
1173,"-18:5539, MacCon82, Ste",188674,6317-1231-1,242012326,8.7,S2*3(MacCon82),299.2442,-18.3611,Sgr
1178,"189581(Ma), +0:4382, MacCon82",189581,494-1067-1,421605791,8.7,S4*2(MacCon82),300.1575,+1.3653,Aql
1181,Ste,,,421703442,9.7,,300.3725,+4.4272,Aql
1183,MacCon82,356644,1076-1622-1,367210856,10.0,S3*2(MacCon82),300.7096,+10.5964,Aql
1190,Ste,357941,5161-1996-1,243748230,9.3,M4S(Ste),301.9321,-1.6231,Aql
1191,"+57:2134, S Cyg, Merr(MS), S 635",,,233374690,9.3,S6/3e(KB),301.3725,+57.9861,Cyg
1192,"191226(K5), +36:3883, CSV 8427",191226,2683-716-1,41763511,7.4,M1S-M3SIIIa(KB),301.8550,+36.5733,Cyg
1193,"+4:4354, MacCon82, Ste(M3S)",,503-320-1,399039756,9.5,S4*3(MacCon82),302.1721,+5.0136,Aql
1194,"191589(K5), +33:3766",191589,2675-3119-1,378397500,7.7,"S:(Bid57),S(Ste)",302.3675,+33.6775,Cyg
1195,"191630(S), -62:1317, S 636",191630,9090-1247-1,466232301,7.9,"S4,4(Henun)",303.6054,-62.2839,Pav
1198,"Henun 223(S5,2), Ste(MS), S 639",192446,1622-199-1,88018225,9.8,S6/1(KB),303.6079,+17.0142,Sge
1216,"NassSte 16, S 649",,2160-779-1,436176629,10.0,,306.4625,+25.2856,Vul
1225,Ste,195700,6330-377-1,429229789,9.5,M2S(Ste),308.3429,-15.5992,Cap
1226,"195763(Pec), Z Del, S 652",195763,,372823330,8.3,S4/2e(KB),308.1629,+17.4517,Del
1232,"S-WS 63, FF Cyg, NassSte, S 655",,,64809620,8.2,S5/6e(KB),309.7183,+37.8889,Cyg
1242,Ste,347581,2171-480-1,224712142,9.7,M2wkS(Ste),312.7612,+23.5008,Vul
1254,"199799(Ma), +44:3649, Ste, S 670",199799,3179-265-1,329329553,8.0,MS(Ste),314.4712,+44.7889,Cyg
1256,"NassSte 17, Dol61 10, S 672",,,196274789,10.0,,315.3362,+36.4292,Cyg
1258,"NassSte 18, Henun 235, S 673",,,163299040,10.0,,316.2742,+35.6650,Cyg
1267,"+31:4391, Henun 236, Ste, S 680",,2702-960-1,430100815,9.3,S2/4(KB),318.9217,+31.7606,Cyg
1274,"Ste, S 685",,3602-202-1,64892610,10.0,MS(Ste),322.4688,+51.2631,Cyg
1283,Ste,,2210-341-1,16544745,9.7,M4S(Ste),326.6792,+28.0514,Peg
1287,Ste,,2207-632-1,18107055,9.3,M3S(Ste),329.8225,+24.6833,Peg
1292,"211610(Md), X Aqr, S 700",211610,6384-1506-1,206600436,7.5,"S6,3e:(K)",334.6629,-20.9011,Aqr
1294,"212087(S), Pi1 Gru, S 702",212087,8439-392-1,382420379,5.9,"S5,7:(K)",335.6812,-45.9472,Gru
1295,"Henun 203, S 703",,8822-82-1,143996798,9.7,"S4,4(Henun)",335.8071,-53.9453,Gru
1301,Ste,214285,5814-1430-1,251001120,8.8,M4S(Ste),339.3087,-10.2675,Aqr
1303,"BidMac, CSV 103101, S 709",,8010-1309-1,44624591,9.4,"S6,6(Henun)",341.2550,-44.8767,Gru
1304,Ste,215336,2744-435-1,10726860,8.8,Swk(Ste),340.9546,+33.9267,Peg
1315,"216672(Mb), HR Peg, S 718",216672,1702-780-1,91205840,6.5,S4/1(KB),343.6471,+16.9442,Peg
1319,Ste,,576-948-1,310977810,9.3,Swk(Ste),346.7708,+2.2767,Psc
1322,"218634(Mb), 57 Peg, S 723",218634,1161-1796-1,402902449,5.4,M4S(K),347.3829,+8.6753,Peg
1334,"+28:4592, Sndlk, Ste(Swk), S 733",,2256-1443-1,44450922,9.5,S2/3:(KB),352.4300,+29.2447,Peg
1335,"+42:4690, BG And, Ste, S 734",,3243-267-1,240632364,9.3,S5/3e(KB),352.7517,+43.2650,And
1346,"224960(Md), W Cet, S 740",224960,5266-514-1,,7.1,S5-7/1.5-3e(KB),0.5308,-14.6750,Cet
