num,name,hd,tyc,tic,vmag,sptype,ra_deg,dec_deg,constellation
001,SMC1,,,,16.2,"C3.2:,C",7.2954,-74.9608,Hyi
002,SMC2,,,394211607,16.2,"K,G-K",10.7004,-74.7000,Hyi
003,EG And,4174,2801-1704-1,115780639,7.1,M3,11.1546,+40.6794,And
004,SMC3,,,,15.5,"M0,K-M",12.0829,-73.5319,Tuc
005,SMC N60,,,,16.8,C3.3,14.3000,-74.2167,Tuc
006,LIN 358,,,182074566,15.2,mid K,14.8500,-75.0833,Tuc
007,SMC N73,,,,15.5,K7,16.1750,-75.8000,Hyi
008,AX Per,,3671-247-1,453231036,10.9,M6,24.0946,+54.2507,Per
009,V471 Per,,,241112109,13.0,G5,29.7067,+52.8969,Per
010,o Ceti,,,,6.0,"Mira,M2-7",34.8362,-2.9776,Cet
011,BD Cam,22649,4066-1732-1,392486056,5.1,"M3,S5.3",55.5388,+63.2168,Cam
012,S32,,,,13.5,C1.1CH,69.4375,-1.3183,Eri
013,LMC S154,,,,15.7,C2.2,72.9592,-75.0600,Men
014,LMC S147,,,,16.0,"M1,K5",73.5192,-70.9928,Men
015,LMC N19,,,,16.4,M4,75.8500,-67.9431,Dor
016,UV Aur,34842A,2394-373-1,2688613,8.5,Mira C8.1Je,80.4533,+32.5120,Aur
017,V1261 Ori,35155,5332-1598-1,24603068,6.8,"S4.1,M3",80.5775,-8.6661,Ori
018,LMC1,,,149156064,15.9,"C4.3,C",81.2542,-62.4797,Dor
019,LMC N67,,,,15.9,"C3.2,C",84.0117,-64.7233,Dor
020,Sanduleak's star,,,389501676,16.9,,86.3317,-71.2694,Men
021,LMC S63,,,,15.2,C2.1J,87.1837,-67.6036,Dor
022,SMP LMC 94,,,141547612,,M,88.5429,-73.0442,Men
023,BX Mon,,4821-2893-1,64333488,11.7,M5,111.3500,-3.6000,Mon
024,V694 Mon,,5396-1135-1,403675153,9.5,M6,111.4633,-7.7356,Mon
025,WRAY 15-157,,,154230723,13.2,G5,121.6450,-28.5325,Pup
026,RX Pup,69190,7668-2915-1,182401518,11.5,Mira M5.5/M5,123.5512,-41.7081,Pup
027,Hen 3-160,,,139977336,15.4,M7,126.2200,-51.4767,Vel
028,AS 201,,,,11.8,G5,127.9287,-27.7589,Pyx
029,KM Vel,,,362368622,15.0,"Mira,M",145.3083,-49.3797,Vel
030,V366 Car,,,469253499,13.0,Mira M6,148.6804,-57.3146,Car
031,Hen 3-461,,,303495210,12.3,M6,159.7854,-51.4033,Vel
032,SS73 29,,,,14.1,G/K,167.1142,-65.7883,Car
033,SY Mus,100336,8980-154-1,318377553,10.9,M5,173.0229,-65.4189,Mus
034,BI Cru,,8979-1266-1,311758230,11.1,Mira M0-1,185.8583,-62.6378,Cru
035,RT Cru,,,180045004,12.6,M4-5,188.7250,-64.5650,Cru
036,TX CVn,,2533-1168-1,389852937,9.5,"early M,K5.3",191.1750,+36.7641,CVn
037,Hen 2-87,,,460646001,15.5,M5.5/M7.5,191.3337,-63.0111,Cru
038,Hen 3-828,,,405915288,13.4,M6,192.7417,-57.8464,Cru
039,SS73 38,,,435418939,14.5,Mira C9,192.8592,-64.9995,Mus
040,Hen 3-863,,,244906894,11.8,K4:,196.9325,-48.0064,Cen
041,St 2-22,,,,,M4.5,198.6250,-58.8633,Cen
042,CD-36 8436,,7275-1500-1,30541762,11.2,M5.5,199.0067,-37.0033,Cen
043,V840 Cen,,,256813060,14.1,K5,200.1954,-55.8433,Cen
044,Hen 3-905,,,68406401,13.4,M3,202.6550,-57.9717,Cen
045,RW Hya,117970,6718-1146-1,58761688,8.9,M2,203.5742,-25.3811,Hya
046,Hen 3-916,,,317361730,12.9,M5/M6,203.8704,-64.7625,Mus
047,V704 Cen,,,208510568,13.5,M6.5,208.7342,-58.4547,Cen
048,V852 Cen,,,329892320,14.0,Mira,212.9671,-51.4399,Cen
049,V835 Cen,,,333861396,12.9,Mira>= M5,213.5392,-63.4295,Cen
050,V417 Cen,,,334771334,12.2,"G8-K2,G2",213.9829,-61.8983,Cen
051,BD-21 3873,,6151-1012-1,46022938,10.7,K2,214.1429,-21.7639,Vir
052,Hen 2-127,,,139816238,16.0,Mira M5/M7,231.2075,-51.8313,Lup
053,Hen 3-1092,,,426905701,13.5,M5.5,236.7942,-66.4878,TrA
054,Hen 3-1103,,,,13.0,M3.5/M0,237.1187,-44.3169,Lup
055,HD 330036,330036,,279627924,11.0,G5,237.8162,-48.7496,Nor
056,Hen 2-139,,,86565111,16.8,"Mira,M6.5",238.6892,-55.4936,Nor
057,T CrB,143454,2037-1144-1,462607643,10.1,M4.5,239.8754,+25.9202,CrB
058,AG Dra,,4195-254-1,237100139,9.1,K2,240.4187,+66.8026,Dra
059,WRAY 16-202,,,215200455,,M6,241.7367,-49.4442,Nor
060,V347 Nor,,,207551959,16.6,Mira M7/M8.5,243.5012,-56.9906,Nor
061,UKS Ce-1,,,49582371,15.0,C4.5Jch,243.8717,-22.2044,Sco
062,QS Nor,,,221655967,13.3,mid M,245.2829,-42.3983,Nor
063,WRAY 15-1470,,,392171429,12.9,"M3,M6",245.8400,-27.6703,Sco
064,Hen 2-171,,,212095797,14.8,"Mira M6.5,M6",248.5162,-35.0924,Sco
065,Hen 3-1213,,,26292371,10.4,M2/K4,248.8137,-51.7067,Ara
066,Hen 2-173,,,293204895,13.8,"M4.5,M7",249.1004,-39.8646,Sco
067,Hen 2-176,,,233000311,15.0,Mira,250.3800,-45.2180,Sco
068,KX TrA,,,447290900,12.4,M6,251.1467,-62.6206,TrA
069,AS 210,,,,12.2,Mira; C3,252.8350,-26.0075,Sco
070,HK Sco,,,34182969,13.5,M3.5,253.6625,-30.3917,Sco
071,CL Sco,,,34775634,13.3,M5,253.7162,-30.6217,Sco
072,MaC 1-3,,,,18.2,M2,255.3662,-47.7594,Ara
073,V455 Sco,,,42538591,13.7,"M6.5,M6",256.8396,-34.0892,Sco
074,Hen 3-1341,,,399680981,12.5,M4/M0,257.1525,-17.4417,Oph
075,Hen 3-1342,,,100654334,12.7,M0,257.2292,-23.3931,Oph
076,AS 221,,,,12.0,M7.5,258.0092,-32.5736,Sco
077,H 2-5,,,,,M5.5,258.8292,-31.5683,Sco
078,Sa 3-43,,,,,early M,259.4829,-30.0300,Oph
079,Draco C-1,,,,17.0,C1.2,259.9900,+57.8347,Dra
080,Th 3-7,,,,14.0,M5,260.2600,-29.3832,Oph
081,Th 3-17,,,,14.0,M3,261.8829,-29.0481,Oph
082,Th 3-18,,,,12.6,M3,262.1125,-28.6428,Oph
083,Hen 3-1410,,,188699871,12.8,"M1.5,M3",262.2750,-29.7234,Oph
084,V2116 Oph,,,193746936,19.0,M5/M6:,263.0125,-24.7456,Oph
085,Th 3-29,,,,17.0,M3,263.1167,-29.0850,Oph
086,Th 3-30,,,,13.1,M1,263.4292,-28.1217,Oph
087,Th 3-31,,,,13.6,M5,263.6104,-29.4681,Oph
088,M 1-21,,,,13.7,M6/M2,263.5717,-19.1561,Oph
089,Hen 2-251,,,198712875,15.4,late M,263.8429,-29.7556,Oph
090,Pt 1,,,,15.0,M3,264.7075,-23.9008,Oph
091,K 6-6,,,,16.5,,264.8262,-28.2519,Oph
092,RT Ser,,,417160905,15.0,M6,264.9658,-11.9458,Ser
093,AE Ara,,8347-1978-1,30667659,12.5,M5.5/M2,265.2704,-47.0558,Ara
094,SS73 96,,,409145402,15.2,M0/M2,265.3679,-36.7978,Sco
095,UU Ser,,,418166395,15.3,M4,265.6579,-15.4083,Ser
096,V2110 Oph,,,238687232,19.0,Mira M8,265.8887,-22.7603,Oph
097,V916 Sco,,,149185046,,M,265.9787,-36.0569,Sco
098,Hen 2-275,,,152632188,15.5,M3,266.3792,-38.6633,Sco
099,V917 Sco,,,470129940,13.0,M7,267.0167,-36.1383,Sco
100,H 1-36,,,,12.0,Mira,267.4504,-37.0244,Sco
101,RS Oph,162214,5094-550-1,6348255,11.5,M0-M2,267.5550,-6.7079,Oph
102,WRAY 16-312,,,444419406,,Mira,267.5687,-30.9614,Sco
103,V4141 Sgr,,,335756785,16.4,M6,267.6000,-19.8950,Sgr
104,ALS 2,38960,1307-444-1,358497401,14.2,M2,267.7129,-17.7989,Sgr
105,AS 245,,,,11.0,Mira,267.7533,-22.3281,Sgr
106,Hen 2-294,,,444873269,,M3,267.9092,-32.8492,Sco
107,Bl 3-14,,,,14.3,M6,268.1079,-29.7667,Sgr
108,Bl 3-6,,,,17.0,M3,268.2375,-31.3217,Sco
109,Bl L,,,,16.0,M6.5,268.3042,-30.3000,Sco
110,V745 Sco,,,258891666,17.0,"M6,M7",268.8425,-33.2498,Sco
111,MaC 1-9,,,209764448,15.2,M2,268.9692,-14.1137,Ser
112,AS 255,,,,12.5,K3,269.2862,-35.2606,Sco
113,V2416 Sgr,,,105976772,15.1,M6/M5,269.3162,-21.6932,Sgr
114,H 2-34,,,,18.0,M5:,269.6167,-28.5617,Sgr
115,SS73 117,,,,12.5,M5/M6,270.5954,-31.9864,Sgr
116,AS 269,,,,13.9,G5-K2,270.8492,-32.7061,Sgr
117,Ap 1-8,,,,15.2,M4/M0,271.1242,-28.3578,Sgr
118,SS73 122,,,407362582,12.0,Mira,271.1712,-27.1591,Sgr
119,AS 270,,,,13.1,M5.5/M1,271.3900,-20.3457,Sgr
120,H 2-38,,,,13.8,Mira,271.5042,-28.2863,Sgr
121,SS73 129,,,444028772,12.5,M0,271.7737,-29.6072,Sgr
122,Hen 3-1591,,,248453703,12.5,G,271.8829,-25.8956,Sgr
123,V615 Sgr,,,330170707,13.3,"M5.5,M5",271.9567,-36.1692,Sgr
124,Ve 2-57,,,248507334,12.5,M,272.1000,-24.5667,Sgr
125,AS 276,,,,12.0,M4.5,272.2900,-41.2239,CrA
126,Ap 1-9,,,,12.5,K5/K4,272.6204,-28.1281,Sgr
127,AS 281,,,,12.9,M5,272.6979,-27.9400,Sgr
128,V2506 Sgr,,,249284183,12.0,M5.5,272.7567,-28.5444,Sgr
129,SS73 141,,,58895039,12.5,M5,273.0467,-33.1781,Sgr
130,AS 289,,,,12.1,M3.5,273.0917,-11.6703,Ser
131,Y CrA,166813,,87988419,14.4,M6/M5,273.6004,-42.8500,CrA
132,YY Her,,,329668061,12.8,M4,273.6429,+20.9889,Her
133,V2756 Sgr,,,377710555,11.5,M3,273.6437,-29.8229,Sgr
134,FG Ser,,5098-731-1,1706733,11.0,"M5.3,M5",273.7758,-0.3160,Ser
135,HD 319167,319167,,61299049,12.5,M3,273.8521,-30.5326,Sgr
136,Hen 2-374,,,243905899,12.0,M5.5,273.9017,-21.5778,Sgr
137,Hen 2-376,,,404905756,14.1,M2,273.9417,-27.8967,Sgr
138,V4074 Sgr,,7392-1189-2,,11.5,M4,274.0229,-30.8531,Sgr
139,V2905 Sgr,,,379559668,12.3,"late M,M0",274.3354,-28.1642,Sgr
140,StHA 149,,,,13.5,M2,274.7329,+27.4367,Her
141,Hen 3-1674,,,48723455,12.5,M5,275.0800,-26.3799,Sgr
142,AR Pav,,9080-788-1,304202168,10.0,M5/M6,275.1158,-66.0786,Pav
143,V3929 Sgr,,,48999053,12.0,Mira M1-2,275.2450,-26.8089,Sgr
144,V3804 Sgr,,7393-1433-1,64623747,12.0,M5/M6,275.3687,-31.5344,Sgr
145,V443 Her,342007,2093-472-1,333326188,11.5,M5.5,275.5350,+23.4556,Her
146,V3811 Sgr,,,130486294,14.0,M3.5,275.8704,-21.8858,Sgr
147,V4018 Sgr,,6869-806-1,51844172,11.4,M4,276.3625,-28.5993,Sgr
148,V3890 Sgr,,,226364061,14.0,"M5,M8",277.6792,-24.0164,Sgr
149,V2601 Sgr,,,734610,15.0,M5,279.4954,-22.7022,Sgr
150,K 3-9,,,,18.0,Mira,280.1004,-8.7296,Sct
151,AS 316,,,,12.0,M4,280.6375,-21.2967,Sgr
152,DQ Ser,,,170623534,14.6,M3-5,281.1667,+5.0583,Ser
153,MWC 960,,,,12.0,K7/M0,281.9829,-20.0972,Sgr
154,AS 323,,,,15.5,M3,282.1487,-6.6858,Sct
155,AS 327,,,,11.8,"M4,M2",283.3204,-24.3817,Sgr
156,FN Sgr,,,441925171,12.7,"M3,M4",283.4704,-18.9950,Sgr
157,Pe 2-16,,,,16.0,M5,283.5417,-4.6483,Sct
158,CM Aql,,,308686857,13.6,M4/K3,285.8967,-3.0542,Aql
159,V919 Sgr,,,344272670,12.2,M4.5/M1,285.9417,-16.9983,Sgr
160,V1413 Aql,,,355716492,14.0,M4/M5,285.9650,+16.4755,Aql
161,NSV 11776,,,,13.6,M7,287.4825,-2.7945,Aql
162,Ap 3-1,,,,15.4,"M5,M7",287.6504,+2.8256,Aql
163,MaC 1-17,,,,15.6,M1,288.2387,-5.3556,Aql
164,V352 Aql,,,182186802,16.2,"M3,M2",288.3900,+2.3039,Aql
165,ALS 1,244421,1305-1590-1,353853443,14.8,M3,289.0675,-8.2961,Aql
166,BF Cyg,,2137-234-1,109842110,12.3,M5,290.9725,+29.6736,Cyg
167,CH Cyg,182917,3551-2505-1,350739215,7.1,"M6.5,M7",291.1375,+50.2414,Cyg
168,StHA 164,,,,13.6,mid M,292.1704,-6.0617,Aql
169,HM Sge,,1602-1636-1,342021932,17.0,"Mira,M7",295.4879,+16.7444,Sge
170,Hen 3-1761,,9306-803-1,466125998,10.4,M5.5/M3,295.6054,-68.1265,Pav
171,QW Sge,,,361557261,12.8,M5/M6,296.4567,+18.6139,Sge
172,CI Cyg,,2681-154-1,83299618,11.0,M5.5,297.5492,+35.6842,Cyg
173,StHA 169,,,,13.5,M,297.8704,+46.3850,Cyg
174,V1016 Cyg,,3141-533-1,171876171,11.2,Mira,299.2704,+39.8261,Cyg
175,RR Tel,,8780-1277-1,421990485,10.8,Mira,301.0771,-55.7259,Tel
176,PU Vul,,1643-1021-1,402762666,11.6,"M6,M6.5",305.3000,+21.5783,Vul
177,LT Del,,,406544192,13.1,G6,308.9887,+20.1928,Del
178,StHA 180,,,,13.5,mid M,309.8375,-5.2833,Aqr
179,Hen 2-468,,,,14.2,late M,310.3287,+34.7478,Cyg
180,ER Del,,1089-194-1,282619434,10.0,S5.5/2.5,310.6933,+8.6823,Del
181,V1329 Cyg,,,230861869,13.3,"M6,M6-7",312.7546,+35.5809,Cyg
182,CD-43 14304,,,126658353,10.8,K7/K3,315.0263,-42.6472,Mic
183,V407 Cyg,,,357457104,14.0,Mira;M6,315.5542,+45.7750,Cyg
184,StHA 190,,,,10.5,G5,325.4367,+2.7318,Aqr
185,AG Peg,207757,1130-653-1,385053976,9.0,"M3,M4",327.7579,+12.6248,Peg
186,LL Cas,,,315074951,15.0,M,347.3337,+54.7481,Cas
187,Z And,221650,3645-2066-1,26011110,10.8,M4.5,353.4146,+48.8182,And
188,R Aqr,222800,6404-77-1,92138849,9.1,"Mira;M7,M8",355.9558,-15.2845,Aqr
s01,RAW 1691,,,183642478,15.3,C,19.6504,-72.7067,Tuc
s02,[BE74] 583,,,373985128,16.1,G-K,81.7250,-71.1000,Men
s03,StHA 55,,,,13.5,C,86.6750,+6.7300,Ori
s04,CD-28 3719,,6535-2424-1,63477133,10.6,,105.2892,-29.1072,CMa
s05,GH Gem,,,261877049,14.6,F2:,106.0204,+12.0367,Gem
s06,ZZ CMi,,763-273-1,453173127,9.9,"M6,M5",111.0579,+8.8977,CMi
s07,NQ Gem,59643,1914-857-1,94748223,7.9,C6.2,112.9771,+24.5035,Gem
s08,WRAY 16-51,,,78717070,,"S?,M?",143.3725,-46.5803,Vel
s09,Hen 3-653,,,451416188,12.5,"late M,M6,M",171.3854,-59.9422,Cen
s10,NSV 05572,,,,15.0,"late M,M9",185.4687,-13.8861,Crv
s11,CD-27 8661,,6693-126-1,443619246,10.5,,186.1429,-28.3192,Hya
s12,AE Cir,,,258094384,14.1,,221.2167,-69.3933,Cir
s13,V748 Cen,,7302-2324-1,75433970,12.6,"M3,M4",224.9042,-33.4233,Cen
s14,V345 Nor,,,215126621,11.4,M3-5,241.6846,-52.0417,Nor
s15,V934 Her,154791,2060-757-1,257212213,7.8,M3,256.6437,+23.9718,Her
s16,Hen 3-1383,,7366-1210-1,155501095,12.5,Mep?,260.1312,-33.1655,Sco
s17,V503 Her,,2076-1528-1,310723681,13.8,M2p,264.1917,+23.3050,Her
s18,WSTB 19W032,,,,17.2,K0-M3,264.7617,-28.9431,Oph
s19,WRAY 16-294,,,201549012,15.5,K5,264.8079,-25.6350,Oph
s20,AS 241,,,,12.0,M1,266.2417,-38.3036,Sco
s21,DT Ser,,,104962951,15.4,"G?,G2-K0",270.4667,-1.4350,Ser
s22,V618 Sgr,,,330177203,15.2,,271.9875,-36.4933,Sgr
s23,AS 280,,,,13.2,,272.4704,-33.3283,Sgr
s24,AS 288,,,,,,273.2000,-28.3336,Sgr
s25,Hen 2-379,,,378782627,12.5,"K2,G-K",274.0725,-27.0758,Sgr
s26,V335 Vul,,,90623003,11.8,"Mira?,C",290.8092,+24.4612,Vul
s27,V850 Aql,,,183215826,,"Mira?,late",290.8942,+0.6342,Aql
s28,Hen 2-442,,,215145252,14.0,,294.9125,+26.5117,Vul
s29,IRAS 19558+3333,,,102496732,,OH/IR,299.4517,+33.6877,Cyg
s30,V627 Cas,,3997-1169-1,371739883,12.9,"Mira M2,M4",344.4217,+58.8208,Cas
